2017/03/01 00:00,476.5032891456
2017/03/01 01:00,495.5293937472
2017/03/01 02:00,485.91174000768
2017/03/01 03:00,468.26998092672
2017/03/01 04:00,447.9504391104
2017/03/01 05:00,478.85975647872
2017/03/01 06:00,483.33467227776
2017/03/01 07:00,488.15284269696
2017/03/01 08:00,437.52691430016
2017/03/01 09:00,421.852133472
2017/03/01 10:00,418.3216713024
2017/03/01 11:00,417.11577952128
2017/03/01 12:00,414.85082460288
2017/03/01 13:00,412.14131608704
2017/03/01 14:00,410.62393574016
2017/03/01 15:00,410.04587409792
2017/03/01 16:00,409.85683838592
2017/03/01 17:00,410.36936429184
2017/03/01 18:00,431.48913883008
2017/03/01 19:00,447.35567385984
2017/03/01 20:00,477.8624332608
2017/03/01 21:00,473.65915498368
2017/03/01 22:00,459.62976515712
2017/03/01 23:00,489.52150152576
2017/03/02 00:00,479.73157609344
2017/03/02 01:00,469.06644803712
2017/03/02 02:00,462.07111984512
2017/03/02 03:00,488.59898711424
2017/03/02 04:00,489.55935901056
2017/03/02 05:00,525.71319658368
2017/03/02 06:00,526.11410332032
2017/03/02 07:00,507.32017786752
2017/03/02 08:00,465.24443289216
2017/03/02 09:00,439.66431164544
2017/03/02 10:00,443.66488121472
2017/03/02 11:00,435.63214718592
2017/03/02 12:00,423.429864288
2017/03/02 13:00,424.99826162304
2017/03/02 14:00,423.87259549056
2017/03/02 15:00,419.56562193792
2017/03/02 16:00,417.64810005888
2017/03/02 17:00,419.65873524096
2017/03/02 18:00,435.25864685184
2017/03/02 19:00,452.30229794688
2017/03/02 20:00,502.98361305216
2017/03/02 21:00,521.77472939904
2017/03/02 22:00,541.1171554368
2017/03/02 23:00,505.49847771264
2017/03/03 00:00,477.60114613632
2017/03/03 01:00,483.7574779584
2017/03/03 02:00,486.1282526016
2017/03/03 03:00,500.35947517824
2017/03/03 04:00,533.42915609472
2017/03/03 05:00,558.23228267136
2017/03/03 06:00,565.3537991232
2017/03/03 07:00,536.46267836544
2017/03/03 08:00,477.55135750272
2017/03/03 09:00,468.06974906496
2017/03/03 10:00,448.75770969984
2017/03/03 11:00,445.31797460352
2017/03/03 12:00,435.62190754176
2017/03/03 13:00,424.60639638144
2017/03/03 14:00,418.50517941888
2017/03/03 15:00,416.36881912704
2017/03/03 16:00,421.32976059264
2017/03/03 17:00,421.33660715904
2017/03/03 18:00,431.07573710976
2017/03/03 19:00,452.84851298688
2017/03/03 20:00,420.68004157824
2017/03/03 21:00,428.93950770816
2017/03/03 22:00,433.06441293696
2017/03/03 23:00,432.13251470208
2017/03/04 00:00,438.52293868416
2017/03/04 01:00,434.12073744768
2017/03/04 02:00,450.366320544
2017/03/04 03:00,435.620276448
2017/03/04 04:00,420.73409924736
2017/03/04 05:00,418.24111339392
2017/03/04 06:00,418.44955106688
2017/03/04 07:00,416.53921808256
2017/03/04 08:00,413.20182908544
2017/03/04 09:00,410.44302529152
2017/03/04 10:00,410.29312576128
2017/03/04 11:00,410.96213598336
2017/03/04 12:00,410.41266882432
2017/03/04 13:00,409.7658293952
2017/03/04 14:00,409.06917112704
2017/03/04 15:00,409.35341438592
2017/03/04 16:00,410.05658696064
2017/03/04 17:00,411.79787016576
2017/03/04 18:00,415.61268634752
2017/03/04 19:00,417.06747095424
2017/03/04 20:00,415.95053419392
2017/03/04 21:00,416.25267921024
2017/03/04 22:00,417.47307967104
2017/03/04 23:00,416.83189872768
2017/03/05 00:00,417.8459859648
2017/03/05 01:00,417.52433830272
2017/03/05 02:00,420.04503261312
2017/03/05 03:00,416.10548810112
2017/03/05 04:00,415.14764339328
2017/03/05 05:00,414.4994245824
2017/03/05 06:00,414.67334750592
2017/03/05 07:00,413.5714127808
2017/03/05 08:00,414.17962952064
2017/03/05 09:00,411.83375422848
2017/03/05 10:00,411.51012307584
2017/03/05 11:00,411.1396734912
2017/03/05 12:00,410.88280642944
2017/03/05 13:00,410.93007794304
2017/03/05 14:00,410.43272523648
2017/03/05 15:00,411.13245439104
2017/03/05 16:00,411.73957366656
2017/03/05 17:00,412.74022955136
2017/03/05 18:00,418.28209210752
2017/03/05 19:00,419.23559730048
2017/03/05 20:00,420.51529104
2017/03/05 21:00,419.72928508032
2017/03/05 22:00,423.10171238784
2017/03/05 23:00,427.80957254016
2017/03/06 00:00,425.33214248832
2017/03/06 01:00,424.9416969024
2017/03/06 02:00,433.19517228672
2017/03/06 03:00,430.19347648128
2017/03/06 04:00,425.60295439488
2017/03/06 05:00,429.82194956928
2017/03/06 06:00,440.589071328
2017/03/06 07:00,443.24429059968
2017/03/06 08:00,435.823408032
2017/03/06 09:00,427.69359371904
2017/03/06 10:00,419.7320639808
2017/03/06 11:00,412.83627278208
2017/03/06 12:00,411.38248495488
2017/03/06 13:00,411.04033786752
2017/03/06 14:00,410.88908916096
2017/03/06 15:00,410.72717793408
2017/03/06 16:00,411.22317139584
2017/03/06 17:00,413.7798303168
2017/03/06 18:00,420.73489465728
2017/03/06 19:00,424.10494580352
2017/03/06 20:00,433.33725867648
2017/03/06 21:00,443.22105254784
2017/03/06 22:00,463.2990817344
2017/03/06 23:00,473.74727432064
2017/03/07 00:00,493.84823950464
2017/03/07 01:00,490.66726434432
2017/03/07 02:00,480.41686704768
2017/03/07 03:00,480.25073712768
2017/03/07 04:00,483.92286281088
2017/03/07 05:00,524.03982527616
2017/03/07 06:00,526.8771028032
2017/03/07 07:00,493.42334964864
2017/03/07 08:00,444.73875508608
2017/03/07 09:00,421.539255456
2017/03/07 10:00,414.00376338048
2017/03/07 11:00,414.6246261312
2017/03/07 12:00,412.4261735232
2017/03/07 13:00,412.22089735296
2017/03/07 14:00,410.80563153024
2017/03/07 15:00,411.54473851008
2017/03/07 16:00,411.3663653184
2017/03/07 17:00,409.9984112832
2017/03/07 18:00,417.60402025344
2017/03/07 19:00,440.50500958848
2017/03/07 20:00,457.25157004416
2017/03/07 21:00,462.53647492224
2017/03/07 22:00,484.12906528128
2017/03/07 23:00,508.07258530944
2017/03/08 00:00,507.88337843328
2017/03/08 01:00,534.78908555136
2017/03/08 02:00,516.81437190528
2017/03/08 03:00,529.71720957312
2017/03/08 04:00,537.5242183488
2017/03/08 05:00,537.9254472768
2017/03/08 06:00,512.5720581312
2017/03/08 07:00,438.5895718848
2017/03/08 08:00,425.16770407296
2017/03/08 09:00,416.85005219712
2017/03/08 10:00,414.14720901504
2017/03/08 11:00,410.88507183744
2017/03/08 12:00,407.9749992
2017/03/08 13:00,407.09111754624
2017/03/08 14:00,407.9815940544
2017/03/08 15:00,407.64405833088
2017/03/08 16:00,407.4452964672
2017/03/08 17:00,411.16732153728
2017/03/08 18:00,424.36463203968
2017/03/08 19:00,450.8327932224
2017/03/08 20:00,443.95698795648
2017/03/08 21:00,434.800450464
2017/03/08 22:00,445.3853428032
2017/03/08 23:00,439.4869251648
2017/03/09 00:00,452.0763008448
2017/03/09 01:00,482.13596939136
2017/03/09 02:00,530.3871259584
2017/03/09 03:00,534.62451624576
2017/03/09 04:00,510.6632253504
2017/03/09 05:00,505.84406822016
2017/03/09 06:00,501.22202172288
2017/03/09 07:00,495.88041116544
2017/03/09 08:00,482.59112509824
2017/03/09 09:00,453.23939151744
2017/03/09 10:00,423.3395500224
2017/03/09 11:00,420.69907100544
2017/03/09 12:00,410.8639481664
2017/03/09 13:00,410.62117697664
2017/03/09 14:00,409.7621040576
2017/03/09 15:00,407.8789962432
2017/03/09 16:00,408.75146024064
2017/03/09 17:00,416.35800557952
2017/03/09 18:00,448.98939549312
2017/03/09 19:00,474.53376356736
2017/03/09 20:00,454.91961945984
2017/03/09 21:00,454.544488032
2017/03/09 22:00,455.09878806144
2017/03/09 23:00,466.54810975104
2017/03/10 00:00,501.31968597888
2017/03/10 01:00,486.62076236928
2017/03/10 02:00,441.97354773888
2017/03/10 03:00,510.38355318144
2017/03/10 04:00,540.56644985472
2017/03/10 05:00,485.96573726592
2017/03/10 06:00,552.66879302016
2017/03/10 07:00,542.77919970432
2017/03/10 08:00,474.21485453184
2017/03/10 09:00,431.01952478592
2017/03/10 10:00,423.15921347712
2017/03/10 11:00,425.85771714432
2017/03/10 12:00,430.68841275264
2017/03/10 13:00,424.98954231936
2017/03/10 14:00,425.8020485184
2017/03/10 15:00,422.50263782784
2017/03/10 16:00,414.81357122688
2017/03/10 17:00,417.00880192128
2017/03/10 18:00,436.15252650624
2017/03/10 19:00,462.3497247552
2017/03/10 20:00,467.33225304192
2017/03/10 21:00,461.557939488
2017/03/10 22:00,470.69957563008
2017/03/10 23:00,517.28298916992
2017/03/11 00:00,496.89007833984
2017/03/11 01:00,531.48501315456
2017/03/11 02:00,546.04234372992
2017/03/11 03:00,519.79808540544
2017/03/11 04:00,553.42050573696
2017/03/11 05:00,557.41645387392
2017/03/11 06:00,543.68857474944
2017/03/11 07:00,511.83140060544
2017/03/11 08:00,462.18967619712
2017/03/11 09:00,446.3509100352
2017/03/11 10:00,433.26770561664
2017/03/11 11:00,418.67584015488
2017/03/11 12:00,419.8941161664
2017/03/11 13:00,420.92703146112
2017/03/11 14:00,417.30764447616
2017/03/11 15:00,415.1292080064
2017/03/11 16:00,418.07190251904
2017/03/11 17:00,418.59259396224
2017/03/11 18:00,424.15190519424
2017/03/11 19:00,430.1522359872
2017/03/11 20:00,438.2715086016
2017/03/11 21:00,440.85637940352
2017/03/11 22:00,433.42189431936
2017/03/11 23:00,433.97477469312
2017/03/12 00:00,434.85843484032
2017/03/12 01:00,436.26865635456
2017/03/12 02:00,439.48368311424
2017/03/12 03:00,440.79959317632
2017/03/12 04:00,442.29891067008
2017/03/12 05:00,449.6237198016
2017/03/12 06:00,444.85068637824
2017/03/12 07:00,433.73064425856
2017/03/12 08:00,425.19781889664
2017/03/12 09:00,420.32903422848
2017/03/12 10:00,409.69554133632
2017/03/12 11:00,407.28141181824
2017/03/12 12:00,406.53386745216
2017/03/12 13:00,405.33387580032
2017/03/12 14:00,404.80798902144
2017/03/12 15:00,404.7683896896
2017/03/12 16:00,405.2829897024
2017/03/12 17:00,407.88037562496
2017/03/12 18:00,442.50690532992
2017/03/12 19:00,471.06524268672
2017/03/12 20:00,457.16179947648
2017/03/12 21:00,448.33635388032
2017/03/12 22:00,462.22229807232
2017/03/12 23:00,475.04120489088
2017/03/13 00:00,506.63916601728
2017/03/13 01:00,540.11647941504
2017/03/13 02:00,508.25059603584
2017/03/13 03:00,541.6953379008
2017/03/13 04:00,568.2749672256
2017/03/13 05:00,551.48984449152
2017/03/13 06:00,549.06610964352
2017/03/13 07:00,579.0950089152
2017/03/13 08:00,465.37734689664
2017/03/13 09:00,436.77716493696
2017/03/13 10:00,431.5896625344
2017/03/13 11:00,438.95447373696
2017/03/13 12:00,426.0495317568
2017/03/13 13:00,424.06648420992
2017/03/13 14:00,419.44650175104
2017/03/13 15:00,415.62953091456
2017/03/13 16:00,413.74374488448
2017/03/13 17:00,418.29405346176
2017/03/13 18:00,437.05029259392
2017/03/13 19:00,476.17478484864
2017/03/13 20:00,547.14770173824
2017/03/13 21:00,564.20667705984
2017/03/13 22:00,543.71238670464
2017/03/13 23:00,575.22972951168
2017/03/14 00:00,587.76532944
2017/03/14 01:00,641.15306203776
2017/03/14 02:00,612.54675844224
2017/03/14 03:00,649.149328032
2017/03/14 04:00,647.04831817344
2017/03/14 05:00,593.53943155584
2017/03/14 06:00,561.66197949312
2017/03/14 07:00,556.4650429248
2017/03/14 08:00,529.86479335296
2017/03/14 09:00,457.43302419072
2017/03/14 10:00,480.62350246272
2017/03/14 11:00,457.60407759744
2017/03/14 12:00,447.21300349824
2017/03/14 13:00,447.50861407104
2017/03/14 14:00,443.90529638016
2017/03/14 15:00,440.30838224256
2017/03/14 16:00,436.03594357632
2017/03/14 17:00,436.64572093056
2017/03/14 18:00,463.70022004608
2017/03/14 19:00,490.39171018368
2017/03/14 20:00,482.26979962752
2017/03/14 21:00,471.50250670464
2017/03/14 22:00,471.21888769152
2017/03/14 23:00,479.78851334784
2017/03/15 00:00,462.17469429888
2017/03/15 01:00,469.60531308672
2017/03/15 02:00,467.22854769792
2017/03/15 03:00,459.1040998848
2017/03/15 04:00,468.6933202368
2017/03/15 05:00,484.25585764992
2017/03/15 06:00,475.13661380736
2017/03/15 07:00,434.96185826688
2017/03/15 08:00,430.88662084992
2017/03/15 09:00,432.162508704
2017/03/15 10:00,428.94997892736
2017/03/15 11:00,423.23885515392
2017/03/15 12:00,414.74643460224
2017/03/15 13:00,415.7297928384
2017/03/15 14:00,415.08906497664
2017/03/15 15:00,413.20113436032
2017/03/15 16:00,416.72967345024
2017/03/15 17:00,418.45637749632
2017/03/15 18:00,419.57839883904
2017/03/15 19:00,422.11710566016
2017/03/15 20:00,418.27653430656
2017/03/15 21:00,422.8618509888
2017/03/15 22:00,421.90458018432
2017/03/15 23:00,419.9198914752
2017/03/16 00:00,418.53571711872
2017/03/16 01:00,419.1923934528
2017/03/16 02:00,421.26998402688
2017/03/16 03:00,419.6676760512
2017/03/16 04:00,419.93703809664
2017/03/16 05:00,426.69946220928
2017/03/16 06:00,429.49445212032
2017/03/16 07:00,422.3740331328
2017/03/16 08:00,422.23497735552
2017/03/16 09:00,421.82432433024
2017/03/16 10:00,417.41712912768
2017/03/16 11:00,414.12116185728
2017/03/16 12:00,413.3898780864
2017/03/16 13:00,438.70496673408
2017/03/16 14:00,420.14183097984
2017/03/16 15:00,416.16803349888
2017/03/16 16:00,409.97186070144
2017/03/16 17:00,417.6043424448
2017/03/16 18:00,426.72466361472
2017/03/16 19:00,435.04272829824
2017/03/16 20:00,436.90404792192
2017/03/16 21:00,437.96746064256
2017/03/16 22:00,467.47107724416
2017/03/16 23:00,495.42520511616
2017/03/17 00:00,469.36890517632
2017/03/17 01:00,506.44373682048
2017/03/17 02:00,519.48363670656
2017/03/17 03:00,556.97680362624
2017/03/17 04:00,586.47795345024
2017/03/17 05:00,591.58962006144
2017/03/17 06:00,571.132955616
2017/03/17 07:00,512.80266659712
2017/03/17 08:00,444.52506166656
2017/03/17 09:00,445.60580224128
2017/03/17 10:00,451.89932717184
2017/03/17 11:00,443.249415456
2017/03/17 12:00,428.9830337472
2017/03/17 13:00,422.9232687168
2017/03/17 14:00,418.4797967808
2017/03/17 15:00,416.5076332608
2017/03/17 16:00,416.760754848
2017/03/17 17:00,419.07752216448
2017/03/17 18:00,451.39719193728
2017/03/17 19:00,481.4615121216
2017/03/17 20:00,557.23902711936
2017/03/17 21:00,582.93798663552
2017/03/17 22:00,456.68053620096
2017/03/17 23:00,437.82176973696
2017/03/18 00:00,447.54507203712
2017/03/18 01:00,482.79005812608
2017/03/18 02:00,562.51844467584
2017/03/18 03:00,583.7238919104
2017/03/18 04:00,586.88913003648
2017/03/18 05:00,562.6552451136
2017/03/18 06:00,457.0194211008
2017/03/18 07:00,437.92254515328
2017/03/18 08:00,420.71576454528
2017/03/18 09:00,416.65873094016
2017/03/18 10:00,416.73756713856
2017/03/18 11:00,414.5570666304
2017/03/18 12:00,413.17148268672
2017/03/18 13:00,414.01960109952
2017/03/18 14:00,415.0035030336
2017/03/18 15:00,416.76096628608
2017/03/18 16:00,419.5288820544
2017/03/18 17:00,420.80047066752
2017/03/18 18:00,420.94915191168
2017/03/18 19:00,428.2031796288
2017/03/18 20:00,442.00398475392
2017/03/18 21:00,441.22698001536
2017/03/18 22:00,482.74998557568
2017/03/18 23:00,502.07565766272
2017/03/19 00:00,568.1815317312
2017/03/19 01:00,525.18961548672
2017/03/19 02:00,464.41795164288
2017/03/19 03:00,444.2893384128
2017/03/19 04:00,447.58979622528
2017/03/19 05:00,453.53414626944
2017/03/19 06:00,489.3608891328
2017/03/19 07:00,474.02501334144
2017/03/19 08:00,444.72401483136
2017/03/19 09:00,437.10269903232
2017/03/19 10:00,430.75887197568
2017/03/19 11:00,423.45994890624
2017/03/19 12:00,420.46067960448
2017/03/19 13:00,417.94090152576
2017/03/19 14:00,420.22735264896
2017/03/19 15:00,418.32971601792
2017/03/19 16:00,420.95803231104
2017/03/19 17:00,434.00784964992
2017/03/19 18:00,433.31017446528
2017/03/19 19:00,428.74890131328
2017/03/19 20:00,441.23877020544
2017/03/19 21:00,474.00392994432
2017/03/19 22:00,474.07480197504
2017/03/19 23:00,438.5075137728
2017/03/20 00:00,445.3009185984
2017/03/20 01:00,436.0603193664
2017/03/20 02:00,426.7646455488
2017/03/20 03:00,421.37009492352
2017/03/20 04:00,422.07542215296
2017/03/20 05:00,425.0256176832
2017/03/20 06:00,429.05086509696
2017/03/20 07:00,426.81094041984
2017/03/20 08:00,425.30878361472
2017/03/20 09:00,426.16907481984
2017/03/20 10:00,423.43707331968
2017/03/20 11:00,419.86389058944
2017/03/20 12:00,417.11846780544
2017/03/20 13:00,415.36520310912
2017/03/20 14:00,413.2969963584
2017/03/20 15:00,411.70118255232
2017/03/20 16:00,410.99052909696
2017/03/20 17:00,418.16744232576
2017/03/20 18:00,414.7190181312
2017/03/20 19:00,418.53287780736
2017/03/20 20:00,422.30528555136
2017/03/20 21:00,427.50465869184
2017/03/20 22:00,429.07251232896
2017/03/20 23:00,419.94181055616
2017/03/21 00:00,417.88201098624
2017/03/21 01:00,418.7632244928
2017/03/21 02:00,415.09464291456
2017/03/21 03:00,416.43333794688
2017/03/21 04:00,425.7177753408
2017/03/21 05:00,432.38966368128
2017/03/21 06:00,432.63473048448
2017/03/21 07:00,432.40311517056
2017/03/21 08:00,425.15835045504
2017/03/21 09:00,415.94108995968
2017/03/21 10:00,408.19627418496
2017/03/21 11:00,408.38349757056
2017/03/21 12:00,407.42956950144
2017/03/21 13:00,407.76490022784
2017/03/21 14:00,408.30908143488
2017/03/21 15:00,408.27868469376
2017/03/21 16:00,409.1334281664
2017/03/21 17:00,411.89381271168
2017/03/21 18:00,418.90359924096
2017/03/21 19:00,425.97125939328
2017/03/21 20:00,432.95764677504
2017/03/21 21:00,424.78137649536
2017/03/21 22:00,422.09567993472
2017/03/21 23:00,426.32783461248
2017/03/22 00:00,430.11398583168
2017/03/22 01:00,434.52697041024
2017/03/22 02:00,427.86338856576
2017/03/22 03:00,425.30458505856
2017/03/22 04:00,420.8912480832
2017/03/22 05:00,422.96175044736
2017/03/22 06:00,424.25752354944
2017/03/22 07:00,426.8793758784
2017/03/22 08:00,423.8908496448
2017/03/22 09:00,420.33586065792
2017/03/22 10:00,415.10064372864
2017/03/22 11:00,410.1620240832
2017/03/22 12:00,411.13371295104
2017/03/22 13:00,410.36417902464
2017/03/22 14:00,410.725959648
2017/03/22 15:00,409.84026566784
2017/03/22 16:00,411.02344295808
2017/03/22 17:00,413.03538704256
2017/03/22 18:00,415.11070214016
2017/03/22 19:00,416.09129154432
2017/03/22 20:00,418.16871095424
2017/03/22 21:00,421.31873560704
2017/03/22 22:00,421.56697398144
2017/03/22 23:00,420.792929376
2017/03/23 00:00,420.90819333504
2017/03/23 01:00,423.29121124992
2017/03/23 02:00,423.89513881728
2017/03/23 03:00,422.77934986368
2017/03/23 04:00,424.2354433728
2017/03/23 05:00,430.13030683776
2017/03/23 06:00,429.15906098304
2017/03/23 07:00,424.83493074048
2017/03/23 08:00,421.20220301952
2017/03/23 09:00,417.6712474944
2017/03/23 10:00,415.75443040896
2017/03/23 11:00,411.58455934848
2017/03/23 12:00,407.94386745984
2017/03/23 13:00,408.73998217344
2017/03/23 14:00,408.34524741504
2017/03/23 15:00,408.67156685184
2017/03/23 16:00,408.99582225024
2017/03/23 17:00,412.99385456256
2017/03/23 18:00,419.26039596672
2017/03/23 19:00,417.6607259328
2017/03/23 20:00,420.23440058496
2017/03/23 21:00,432.22133883264
2017/03/23 22:00,436.65484297344
2017/03/23 23:00,450.04380699264
2017/03/24 00:00,454.95164729472
2017/03/24 01:00,452.29348802688
2017/03/24 02:00,448.12116025728
2017/03/24 03:00,461.10463638144
2017/03/24 04:00,452.63453764992
2017/03/24 05:00,444.31836584064
2017/03/24 06:00,444.94833049728
2017/03/24 07:00,457.49476411008
2017/03/24 08:00,442.43429145216
2017/03/24 09:00,434.34559681152
2017/03/24 10:00,429.45764175744
2017/03/24 11:00,433.94134733952
2017/03/24 12:00,432.59880614784
2017/03/24 13:00,426.86346768
2017/03/24 14:00,421.36060034688
2017/03/24 15:00,418.819255584
2017/03/24 16:00,416.14714140288
2017/03/24 17:00,417.93664255872
2017/03/24 18:00,418.87538736
2017/03/24 19:00,418.34629880448
2017/03/24 20:00,419.48112725376
2017/03/24 21:00,422.99199616128
2017/03/24 22:00,444.70984848
2017/03/24 23:00,462.07543922304
2017/03/25 00:00,449.17122217344
2017/03/25 01:00,456.02587356288
2017/03/25 02:00,444.56072422272
2017/03/25 03:00,442.3290556992
2017/03/25 04:00,434.03588029824
2017/03/25 05:00,434.51439487872
2017/03/25 06:00,429.77211059328
2017/03/25 07:00,423.22968276864
2017/03/25 08:00,415.87771894656
2017/03/25 09:00,410.56338390144
2017/03/25 10:00,409.35539787648
2017/03/25 11:00,408.58729367424
2017/03/25 12:00,409.4641777344
2017/03/25 13:00,413.46095148672
2017/03/25 14:00,411.15122203776
2017/03/25 15:00,408.68771669376
2017/03/25 16:00,409.14468472704
2017/03/25 17:00,412.92598293888
2017/03/25 18:00,418.41036454272
2017/03/25 19:00,423.64429270656
2017/03/25 20:00,427.12787603328
2017/03/25 21:00,426.95409406848
2017/03/25 22:00,425.99603792256
2017/03/25 23:00,443.373509472
2017/03/26 00:00,454.23361364352
2017/03/26 01:00,445.64907656832
2017/03/26 02:00,442.700179872
2017/03/26 03:00,441.332628576
2017/03/26 04:00,468.75162680448
2017/03/26 05:00,453.41122019712
2017/03/26 06:00,438.08568473472
2017/03/26 07:00,427.018522272
2017/03/26 08:00,414.04072477056
2017/03/26 09:00,414.25507264128
2017/03/26 10:00,412.05668044416
2017/03/26 11:00,410.2216294848
2017/03/26 12:00,409.58160641664
2017/03/26 13:00,406.88761342848
2017/03/26 14:00,405.04771953024
2017/03/26 15:00,405.62054556288
2017/03/26 16:00,408.94883265408
2017/03/26 17:00,412.7485662528
2017/03/26 18:00,419.52619377024
2017/03/26 19:00,417.28214101632
2017/03/26 20:00,421.86132599424
2017/03/26 21:00,423.85835865984
2017/03/26 22:00,416.03230032
2017/03/26 23:00,417.49256217984
2017/03/27 00:00,417.01345355904
2017/03/27 01:00,419.0283275712
2017/03/27 02:00,420.21926765952
2017/03/27 03:00,419.48713813632
2017/03/27 04:00,421.20253527936
2017/03/27 05:00,423.14164397952
2017/03/27 06:00,423.7705313088
2017/03/27 07:00,422.86091462016
2017/03/27 08:00,429.68980076928
2017/03/27 09:00,412.25874476928
2017/03/27 10:00,410.47155936384
2017/03/27 11:00,410.35786608768
2017/03/27 12:00,409.42020868224
2017/03/27 13:00,408.48556175232
2017/03/27 14:00,407.82614679168
2017/03/27 15:00,406.43088703872
2017/03/27 16:00,406.137249888
2017/03/27 17:00,409.34453398656
2017/03/27 18:00,414.8655648576
2017/03/27 19:00,418.54985326464
2017/03/27 20:00,420.25191974016
2017/03/27 21:00,427.93023320448
2017/03/27 22:00,425.7782365632
2017/03/27 23:00,420.66382125696
2017/03/28 00:00,424.68920962944
2017/03/28 01:00,433.09422570624
2017/03/28 02:00,433.64456882304
2017/03/28 03:00,432.52921281408
2017/03/28 04:00,433.33243587456
2017/03/28 05:00,436.28825968512
2017/03/28 06:00,432.96631573632
2017/03/28 07:00,422.7671569344
2017/03/28 08:00,414.88833975936
2017/03/28 09:00,410.90883345024
2017/03/28 10:00,406.72651774848
2017/03/28 11:00,406.51359960192
2017/03/28 12:00,406.50155769984
2017/03/28 13:00,407.26765827456
2017/03/28 14:00,406.81199914368
2017/03/28 15:00,406.87243016064
2017/03/28 16:00,406.92543063936
2017/03/28 17:00,407.7181019328
2017/03/28 18:00,422.81314975104
2017/03/28 19:00,431.25919488384
2017/03/28 20:00,443.01403453056
2017/03/28 21:00,453.35309486208
2017/03/28 22:00,462.08886050688
2017/03/28 23:00,447.62347529088
2017/03/29 00:00,440.07887124096
2017/03/29 01:00,446.18566614144
2017/03/29 02:00,443.68037660544
2017/03/29 03:00,445.3584096192
2017/03/29 04:00,450.58965956736
2017/03/29 05:00,463.97235092352
2017/03/29 06:00,446.72264838528
2017/03/29 07:00,440.92813746048
2017/03/29 08:00,423.001450464
2017/03/29 09:00,420.85914976896
2017/03/29 10:00,422.18060756352
2017/03/29 11:00,421.5776163648
2017/03/29 12:00,419.5612522176
2017/03/29 13:00,418.40960940672
2017/03/29 14:00,416.26462042752
2017/03/29 15:00,412.1776330944
2017/03/29 16:00,412.92064664448
2017/03/29 17:00,415.20946386048
2017/03/29 18:00,424.27176038016
2017/03/29 19:00,434.81262325632
2017/03/29 20:00,436.99471458432
2017/03/29 21:00,435.91778996352
2017/03/29 22:00,429.93821030784
2017/03/29 23:00,423.1798639296
2017/03/30 00:00,416.80879156608
2017/03/30 01:00,416.70712005504
2017/03/30 02:00,416.047906464
2017/03/30 03:00,415.00028112
2017/03/30 04:00,414.840444
2017/03/30 05:00,418.84253390976
2017/03/30 06:00,421.0831029696
2017/03/30 07:00,417.71906270592
2017/03/30 08:00,412.41719243904
2017/03/30 09:00,407.7760963776
2017/03/30 10:00,407.62804944768
2017/03/30 11:00,407.979278304
2017/03/30 12:00,408.50390652288
2017/03/30 13:00,408.77840349312
2017/03/30 14:00,408.44190482304
2017/03/30 15:00,408.21081307008
2017/03/30 16:00,408.26595813504
2017/03/30 17:00,409.90837893504
2017/03/30 18:00,413.94652407168
2017/03/30 19:00,415.16496117888
2017/03/30 20:00,417.117430752
2017/03/30 21:00,416.9680145088
2017/03/30 22:00,417.6245800896
2017/03/30 23:00,417.15918473856
2017/03/31 00:00,417.85143301248
2017/03/31 01:00,417.58706493312
2017/03/31 02:00,416.74854178176
2017/03/31 03:00,415.85906205312
2017/03/31 04:00,415.7598472512
2017/03/31 05:00,415.4453582784
2017/03/31 06:00,414.41933989248
2017/03/31 07:00,411.29992341888
2017/03/31 08:00,409.10808580224
2017/03/31 09:00,408.15701718144
2017/03/31 10:00,407.84591121792
2017/03/31 11:00,407.47191752832
2017/03/31 12:00,407.04873931392
2017/03/31 13:00,406.97004407424
2017/03/31 14:00,406.07162353536
2017/03/31 15:00,406.3432006464
2017/03/31 16:00,406.68475369344
2017/03/31 17:00,408.18896446848
2017/03/31 18:00,414.47708262528
2017/03/31 19:00,420.04938219648
2017/03/31 20:00,417.23777929344
2017/03/31 21:00,421.93866198912
2017/03/31 22:00,423.6242362944
2017/03/31 23:00,429.42197920128
2017/04/01 00:00,425.59274495616
2017/04/01 01:00,424.62120711552
2017/04/01 02:00,427.24172033664
2017/04/01 03:00,434.75395422336
2017/04/01 04:00,437.077437216
2017/04/01 05:00,443.97607779456
2017/04/01 06:00,440.2066201152
2017/04/01 07:00,426.7324767552
2017/04/01 08:00,425.10889408128
2017/04/01 09:00,426.30922806144
2017/04/01 10:00,423.52308834432
2017/04/01 11:00,423.50186398848
2017/04/01 12:00,421.80755024256
2017/04/01 13:00,419.81203791744
2017/04/01 14:00,417.94408316544
2017/04/01 15:00,415.73269256064
2017/04/01 16:00,415.05246605184
2017/04/01 17:00,414.75094528128
2017/04/01 18:00,434.07412038528
2017/04/01 19:00,463.3249073856
2017/04/01 20:00,508.91425989504
2017/04/01 21:00,507.05167164288
2017/04/01 22:00,528.42903817344
2017/04/01 23:00,520.37449581696
2017/04/02 00:00,495.19883548032
2017/04/02 01:00,451.5928124352
2017/04/02 02:00,468.60700315776
2017/04/02 03:00,467.63689504128
2017/04/02 04:00,522.0117112128
2017/04/02 05:00,510.44243365248
2017/04/02 06:00,487.12786136448
2017/04/02 07:00,435.90812422272
2017/04/02 08:00,449.48238854784
2017/04/02 09:00,450.73016520576
2017/04/02 10:00,436.39834844544
2017/04/02 11:00,424.20917470848
2017/04/02 12:00,413.31855297408
2017/04/02 13:00,408.41830430592
2017/04/02 14:00,404.28481066368
2017/04/02 15:00,403.06709848704
2017/04/02 16:00,406.83067617408
2017/04/02 17:00,416.12555458176
2017/04/02 18:00,432.84494020992
2017/04/02 19:00,450.23967920256
2017/04/02 20:00,482.7595909056
2017/04/02 21:00,480.10477437312
2017/04/02 22:00,507.96404709504
2017/04/02 23:00,444.70453232256
2017/04/03 00:00,436.17370051968
2017/04/03 01:00,439.30157451648
2017/04/03 02:00,438.66913301376
2017/04/03 03:00,445.47375412608
2017/04/03 04:00,447.22707923328
2017/04/03 05:00,445.01151020928
2017/04/03 06:00,442.26313736064
2017/04/03 07:00,425.28262570368
2017/04/03 08:00,408.85464202368
2017/04/03 09:00,406.86189853056
2017/04/03 10:00,405.74737820544
2017/04/03 11:00,405.22636457088
2017/04/03 12:00,404.54480902272
2017/04/03 13:00,406.8218058432
2017/04/03 14:00,408.24980829312
2017/04/03 15:00,407.39106763392
2017/04/03 16:00,406.51498905216
2017/04/03 17:00,410.86955630976
2017/04/03 18:00,423.2152546368
2017/04/03 19:00,433.36222850688
2017/04/03 20:00,439.14860409984
2017/04/03 21:00,441.57574209408
2017/04/03 22:00,442.69924350336
2017/04/03 23:00,441.61910703744
2017/04/04 00:00,442.97773766016
2017/04/04 01:00,464.69143169664
2017/04/04 02:00,505.2279074496
2017/04/04 03:00,452.16003032448
2017/04/04 04:00,450.37818121344
2017/04/04 05:00,492.66756926592
2017/04/04 06:00,509.9339150016
2017/04/04 07:00,474.20514851712
2017/04/04 08:00,435.15864670848
2017/04/04 09:00,429.11289700224
2017/04/04 10:00,421.64194388352
2017/04/04 11:00,418.0901466048
2017/04/04 12:00,415.504208544
2017/04/04 13:00,413.30713531776
2017/04/04 14:00,410.54926789248
2017/04/04 15:00,408.97569535872
2017/04/04 16:00,415.2431328576
2017/04/04 17:00,420.60319893888
2017/04/04 18:00,422.0486702016
2017/04/04 19:00,430.05933412224
2017/04/04 20:00,438.1273783104
2017/04/04 21:00,442.48440227712
2017/04/04 22:00,439.37247675264
2017/04/04 23:00,431.73410494848
2017/04/05 00:00,442.77963024768
2017/04/05 01:00,484.34060404608
2017/04/05 02:00,464.58767601024
2017/04/05 03:00,492.34943550336
2017/04/05 04:00,515.24787751296
2017/04/05 05:00,517.61532955776
2017/04/05 06:00,536.5774791744
2017/04/05 07:00,471.5419952832
2017/04/05 08:00,440.93397717888
2017/04/05 09:00,436.09494486912
2017/04/05 10:00,425.00525921664
2017/04/05 11:00,425.43365290368
2017/04/05 12:00,424.61781403776
2017/04/05 13:00,418.1206037568
2017/04/05 14:00,411.75266269056
2017/04/05 15:00,408.19996931712
2017/04/05 16:00,408.91054222464
2017/04/05 17:00,420.56946953088
2017/04/05 18:00,431.80508773248
2017/04/05 19:00,433.6313992512
2017/04/05 20:00,435.84617286528
2017/04/05 21:00,442.75860726144
2017/04/05 22:00,439.47437983872
2017/04/05 23:00,427.7027761728
2017/04/06 00:00,427.5053836224
2017/04/06 01:00,428.14403737728
2017/04/06 02:00,433.27188403584
2017/04/06 03:00,443.1249690432
2017/04/06 04:00,454.13049227136
2017/04/06 05:00,461.1613420608
2017/04/06 06:00,484.63884249216
2017/04/06 07:00,483.1843800768
2017/04/06 08:00,463.84890129024
2017/04/06 09:00,449.6116376256
2017/04/06 10:00,437.1467083584
2017/04/06 11:00,424.12712666496
2017/04/06 12:00,423.39028509312
2017/04/06 13:00,424.08599692416
2017/04/06 14:00,433.54558559616
2017/04/06 15:00,436.81355242368
2017/04/06 16:00,437.6722830144
2017/04/06 17:00,442.19745059712
2017/04/06 18:00,432.22502389632
2017/04/06 19:00,420.96985270656
2017/04/06 20:00,420.60542407296
2017/04/06 21:00,420.67027515264
2017/04/06 22:00,424.75546022784
2017/04/06 23:00,427.62180545664
2017/04/07 00:00,420.09139796352
2017/04/07 01:00,416.10823679616
2017/04/07 02:00,418.15479631488
2017/04/07 03:00,420.33572976768
2017/04/07 04:00,420.96078100608
2017/04/07 05:00,419.15105227392
2017/04/07 06:00,418.99611850368
2017/04/07 07:00,418.84067124096
2017/04/07 08:00,418.37593034112
2017/04/07 09:00,416.30749201536
2017/04/07 10:00,413.93972784768
2017/04/07 11:00,411.46606340736
2017/04/07 12:00,410.05840935552
2017/04/07 13:00,408.6397202496
2017/04/07 14:00,408.95222573184
2017/04/07 15:00,407.14964562048
2017/04/07 16:00,408.57388245888
2017/04/07 17:00,410.9122768704
2017/04/07 18:00,416.04872201088
2017/04/07 19:00,417.24053805696
2017/04/07 20:00,417.66108839808
2017/04/07 21:00,418.09371084672
2017/04/07 22:00,415.85649459072
2017/04/07 23:00,421.29581974656
2017/04/08 00:00,431.68605816192
2017/04/08 01:00,422.9708926272
2017/04/08 02:00,419.23725859968
2017/04/08 03:00,419.52931499904
2017/04/08 04:00,417.84722438784
2017/04/08 05:00,430.94771638656
2017/04/08 06:00,429.92192957568
2017/04/08 07:00,414.87755641728
2017/04/08 08:00,413.8103881536
2017/04/08 09:00,410.95077873792
2017/04/08 10:00,410.8347999168
2017/04/08 11:00,411.68227394688
2017/04/08 12:00,410.23322837376
2017/04/08 13:00,409.78759744896
2017/04/08 14:00,411.40334684544
2017/04/08 15:00,410.06812543872
2017/04/08 16:00,409.44375885696
2017/04/08 17:00,409.96628276352
2017/04/08 18:00,418.73807342976
2017/04/08 19:00,431.65834970496
2017/04/08 20:00,453.3324444096
2017/04/08 21:00,449.18596242816
2017/04/08 22:00,448.52331548544
2017/04/08 23:00,483.36821038464
2017/04/09 00:00,475.64206157184
2017/04/09 01:00,485.98718312832
2017/04/09 02:00,481.407696096
2017/04/09 03:00,463.43317375104
2017/04/09 04:00,462.42968862336
2017/04/09 05:00,475.96147403136
2017/04/09 06:00,479.44052654208
2017/04/09 07:00,443.30261730432
2017/04/09 08:00,431.43354068352
2017/04/09 09:00,421.1253402432
2017/04/09 10:00,412.22654577024
2017/04/09 11:00,409.64739386496
2017/04/09 12:00,408.92015762304
2017/04/09 13:00,407.68796697216
2017/04/09 14:00,408.32333840256
2017/04/09 15:00,407.6602585152
2017/04/09 16:00,411.5447284416
2017/04/09 17:00,416.48003555712
2017/04/09 18:00,419.41170508416
2017/04/09 19:00,427.45919950464
2017/04/09 20:00,420.61219009152
2017/04/09 21:00,423.8940715584
2017/04/09 22:00,422.95879031424
2017/04/09 23:00,426.88399731072
2017/04/10 00:00,444.9246091584
2017/04/10 01:00,457.19289094272
2017/04/10 02:00,474.33251478912
2017/04/10 03:00,488.8268569536
2017/04/10 04:00,490.17515731584
2017/04/10 05:00,489.99202173312
2017/04/10 06:00,462.39383476608
2017/04/10 07:00,447.4304524608
2017/04/10 08:00,420.53662614912
2017/04/10 09:00,417.89035775616
2017/04/10 10:00,414.58194584448
2017/04/10 11:00,411.20589388416
2017/04/10 12:00,410.50728233088
2017/04/10 13:00,412.31243997312
2017/04/10 14:00,410.98896848256
2017/04/10 15:00,410.73274580352
2017/04/10 16:00,412.68661489536
2017/04/10 17:00,414.40652271744
2017/04/10 18:00,420.0016475328
2017/04/10 19:00,427.70250432384
2017/04/10 20:00,435.31524177792
2017/04/10 21:00,440.5149169728
2017/04/10 22:00,456.58109989248
2017/04/10 23:00,444.29637628032
2017/04/11 00:00,436.26831402624
2017/04/11 01:00,445.29923716224
2017/04/11 02:00,436.34697906048
2017/04/11 03:00,439.61521773696
2017/04/11 04:00,446.9877413952
2017/04/11 05:00,473.37475062912
2017/04/11 06:00,490.49564710272
2017/04/11 07:00,462.06241060992
2017/04/11 08:00,451.92368282496
2017/04/11 09:00,435.70620085632
2017/04/11 10:00,416.25776379264
2017/04/11 11:00,411.37194325632
2017/04/11 12:00,408.68644806528
2017/04/11 13:00,408.3516106944
2017/04/11 14:00,408.95764257408
2017/04/11 15:00,408.38446414464
2017/04/11 16:00,409.99892477568
2017/04/11 17:00,412.21331578752
2017/04/11 18:00,419.0613018432
2017/04/11 19:00,420.54642278016
2017/04/11 20:00,421.9814630976
2017/04/11 21:00,431.346206688
2017/04/11 22:00,429.40296991104
2017/04/11 23:00,422.2011573312
2017/04/12 00:00,431.07332067456
2017/04/12 01:00,429.9073705536
2017/04/12 02:00,436.3307587392
2017/04/12 03:00,450.83954917248
2017/04/12 04:00,463.51286577024
2017/04/12 05:00,472.17199014528
2017/04/12 06:00,468.79730749824
2017/04/12 07:00,462.67969905024
2017/04/12 08:00,440.87856026496
2017/04/12 09:00,443.10833591424
2017/04/12 10:00,423.93115377024
2017/04/12 11:00,413.40581649024
2017/04/12 12:00,407.87271351168
2017/04/12 13:00,407.538027168
2017/04/12 14:00,407.47160540544
2017/04/12 15:00,408.4023054912
2017/04/12 16:00,408.78426334848
2017/04/12 17:00,412.10506955904
2017/04/12 18:00,415.09112901504
2017/04/12 19:00,416.74203754368
2017/04/12 20:00,416.28131396736
2017/04/12 21:00,416.3413523136
2017/04/12 22:00,415.87459771776
2017/04/12 23:00,415.45122820224
2017/04/13 00:00,416.1702888384
2017/04/13 01:00,418.20524946816
2017/04/13 02:00,421.47583410048
2017/04/13 03:00,422.93814993024
2017/04/13 04:00,428.12705185152
2017/04/13 05:00,428.96493062016
2017/04/13 06:00,423.63880538496
2017/04/13 07:00,416.73375118464
2017/04/13 08:00,415.93368962688
2017/04/13 09:00,411.73098525312
2017/04/13 10:00,410.02230378624
2017/04/13 11:00,410.38829303424
2017/04/13 12:00,409.41173102208
2017/04/13 13:00,410.29473671808
2017/04/13 14:00,410.33514152832
2017/04/13 15:00,412.63397688192
2017/04/13 16:00,412.06292290176
2017/04/13 17:00,413.16698207616
2017/04/13 18:00,414.56107388544
2017/04/13 19:00,416.85759348864
2017/04/13 20:00,418.0732315584
2017/04/13 21:00,420.26189760384
2017/04/13 22:00,422.99159342208
2017/04/13 23:00,424.22080380288
2017/04/14 00:00,420.68533759872
2017/04/14 01:00,421.8672865344
2017/04/14 02:00,426.25353929856
2017/04/14 03:00,427.44407664768
2017/04/14 04:00,426.89114593152
2017/04/14 05:00,431.24787791232
2017/04/14 06:00,431.5073527104
2017/04/14 07:00,429.31682399616
2017/04/14 08:00,414.8609836992
2017/04/14 09:00,410.30584225152
2017/04/14 10:00,409.62479012736
2017/04/14 11:00,407.90947353216
2017/04/14 12:00,406.46732486784
2017/04/14 13:00,406.46142473856
2017/04/14 14:00,406.80169908864
2017/04/14 15:00,406.9523940288
2017/04/14 16:00,407.9538050496
2017/04/14 17:00,408.04864006272
2017/04/14 18:00,412.89504249984
2017/04/14 19:00,415.19501559168
2017/04/14 20:00,421.30535459712
2017/04/14 21:00,434.10796054656
2017/04/14 22:00,440.41481614464
2017/04/14 23:00,445.591092192
2017/04/15 00:00,445.5184984512
2017/04/15 01:00,449.38525792128
2017/04/15 02:00,467.13599822976
2017/04/15 03:00,455.52382894464
2017/04/15 04:00,450.45684624768
2017/04/15 05:00,456.759805344
2017/04/15 06:00,453.21945592704
2017/04/15 07:00,430.96985697408
2017/04/15 08:00,416.56304010624
2017/04/15 09:00,413.58741159552
2017/04/15 10:00,410.82369438336
2017/04/15 11:00,407.35786178688
2017/04/15 12:00,405.61539050112
2017/04/15 13:00,405.56977021824
2017/04/15 14:00,404.72302111872
2017/04/15 15:00,404.23223306112
2017/04/15 16:00,403.77502338432
2017/04/15 17:00,406.25994438528
2017/04/15 18:00,419.89100500608
2017/04/15 19:00,471.93551175552
2017/04/15 20:00,516.88470023808
2017/04/15 21:00,528.16306920576
2017/04/15 22:00,548.01901792896
2017/04/15 23:00,560.65625916288
2017/04/16 00:00,598.19701978752
2017/04/16 01:00,583.04599122048
2017/04/16 02:00,542.61797313408
2017/04/16 03:00,592.18665072
2017/04/16 04:00,625.455929184
2017/04/16 05:00,605.52974274432
2017/04/16 06:00,572.81799629184
2017/04/16 07:00,472.05685707648
2017/04/16 08:00,446.30734372224
2017/04/16 09:00,439.67974662528
2017/04/16 10:00,434.26142431872
2017/04/16 11:00,429.51930112896
2017/04/16 12:00,426.58704763008
2017/04/16 13:00,423.57054109056
2017/04/16 14:00,411.34682239872
2017/04/16 15:00,415.8086290368
2017/04/16 16:00,415.7820482496
2017/04/16 17:00,413.8968260544
2017/04/16 18:00,418.30268214912
2017/04/16 19:00,422.18815892352
2017/04/16 20:00,427.18347417984
2017/04/16 21:00,433.64616971136
2017/04/16 22:00,444.43277397888
2017/04/16 23:00,445.02017917056
2017/04/17 00:00,451.47612882048
2017/04/17 01:00,442.78730242944
2017/04/17 02:00,440.87278095744
2017/04/17 03:00,456.40933162368
2017/04/17 04:00,457.35921216384
2017/04/17 05:00,442.62605572224
2017/04/17 06:00,444.64861198464
2017/04/17 07:00,441.36395161728
2017/04/17 08:00,430.04093900928
2017/04/17 09:00,422.92844391552
2017/04/17 10:00,422.33601455232
2017/04/17 11:00,420.71697276288
2017/04/17 12:00,421.32120238464
2017/04/17 13:00,416.58744610176
2017/04/17 14:00,416.88729550464
2017/04/17 15:00,418.89469870464
2017/04/17 16:00,422.98426356864
2017/04/17 17:00,429.64172377728
2017/04/17 18:00,434.31750575232
2017/04/17 19:00,426.7492911168
2017/04/17 20:00,428.8250089536
2017/04/17 21:00,434.88425042304
2017/04/17 22:00,432.71107976832
2017/04/17 23:00,429.5121827136
2017/04/18 00:00,427.53773364864
2017/04/18 01:00,434.36674061952
2017/04/18 02:00,440.2847011776
2017/04/18 03:00,435.75281791872
2017/04/18 04:00,446.37096644736
2017/04/18 05:00,441.250822176
2017/04/18 06:00,441.17357679744
2017/04/18 07:00,435.62225993856
2017/04/18 08:00,424.08243268224
2017/04/18 09:00,417.70947751296
2017/04/18 10:00,414.79414912896
2017/04/18 11:00,415.6173279168
2017/04/18 12:00,411.95838187392
2017/04/18 13:00,411.8958163392
2017/04/18 14:00,415.48820972928
2017/04/18 15:00,413.3022823104
2017/04/18 16:00,411.5271086016
2017/04/18 17:00,413.5681908672
2017/04/18 18:00,418.45732393344
2017/04/18 19:00,427.21396153728
2017/04/18 20:00,429.1275667776
2017/04/18 21:00,425.08988479104
2017/04/18 22:00,432.29939975808
2017/04/18 23:00,435.37076944512
2017/04/19 00:00,445.2434275776
2017/04/19 01:00,469.47447318912
2017/04/19 02:00,449.17449442944
2017/04/19 03:00,467.91873193344
2017/04/19 04:00,456.28615383936
2017/04/19 05:00,477.25489110912
2017/04/19 06:00,484.75281768576
2017/04/19 07:00,439.02443960448
2017/04/19 08:00,421.4651514432
2017/04/19 09:00,416.05995843456
2017/04/19 10:00,411.51841950336
2017/04/19 11:00,409.85963742336
2017/04/19 12:00,410.91309241728
2017/04/19 13:00,411.542765088
2017/04/19 14:00,411.270916128
2017/04/19 15:00,411.86066727552
2017/04/19 16:00,411.55833095808
2017/04/19 17:00,413.431360224
2017/04/19 18:00,420.80235347328
2017/04/19 19:00,427.94911160448
2017/04/19 20:00,435.61404405888
2017/04/19 21:00,440.59315913088
2017/04/19 22:00,442.129045344
2017/04/19 23:00,431.32615027584
2017/04/20 00:00,435.15453876864
2017/04/20 01:00,447.78629268096
2017/04/20 02:00,464.6818867776
2017/04/20 03:00,522.7314061632
2017/04/20 04:00,474.79756781184
2017/04/20 05:00,489.65258306688
2017/04/20 06:00,457.37731529088
2017/04/20 07:00,425.99189977728
2017/04/20 08:00,422.15017054848
2017/04/20 09:00,415.60058403456
2017/04/20 10:00,412.2133761984
2017/04/20 11:00,410.96087742336
2017/04/20 12:00,409.66153001088
2017/04/20 13:00,408.76337125248
2017/04/20 14:00,408.39201550464
2017/04/20 15:00,409.79420237184
2017/04/20 16:00,410.05498607232
2017/04/20 17:00,410.46892142208
2017/04/20 18:00,416.63816103552
2017/04/20 19:00,415.37793973632
2017/04/20 20:00,422.06038991232
2017/04/20 21:00,432.56023380096
2017/04/20 22:00,437.8735519296
2017/04/20 23:00,442.71086252928
2017/04/21 00:00,452.42247532416
2017/04/21 01:00,444.44447355264
2017/04/21 02:00,443.73459537024
2017/04/21 03:00,440.76580335744
2017/04/21 04:00,448.59246580608
2017/04/21 05:00,462.47641643904
2017/04/21 06:00,446.00363809152
2017/04/21 07:00,420.01655895168
2017/04/21 08:00,414.2095027008
2017/04/21 09:00,409.37795127168
2017/04/21 10:00,407.31582588288
2017/04/21 11:00,407.69919332736
2017/04/21 12:00,406.4935733952
2017/04/21 13:00,404.73671425152
2017/04/21 14:00,403.63680329088
2017/04/21 15:00,402.6161514048
2017/04/21 16:00,402.91989730944
2017/04/21 17:00,404.48205218688
2017/04/21 18:00,424.8777620544
2017/04/21 19:00,423.46332184704
2017/04/21 20:00,429.60144985728
2017/04/21 21:00,447.94617007488
2017/04/21 22:00,452.00399908992
2017/04/21 23:00,467.02780234368
2017/04/22 00:00,505.00736746368
2017/04/22 01:00,495.84134546304
2017/04/22 02:00,483.93495505536
2017/04/22 03:00,513.19090718592
2017/04/22 04:00,518.71512976512
2017/04/22 05:00,517.662027168
2017/04/22 06:00,445.4131821504
2017/04/22 07:00,420.71573433984
2017/04/22 08:00,414.34354437504
2017/04/22 09:00,417.24185702784
2017/04/22 10:00,413.24440868736
2017/04/22 11:00,413.65989458304
2017/04/22 12:00,414.1504007232
2017/04/22 13:00,409.45473350016
2017/04/22 14:00,408.23880344448
2017/04/22 15:00,407.81987412864
2017/04/22 16:00,411.80784802944
2017/04/22 17:00,413.81203938432
2017/04/22 18:00,414.52219948416
2017/04/22 19:00,418.98516399744
2017/04/22 20:00,422.58998189184
2017/04/22 21:00,422.66743870848
2017/04/22 22:00,420.09531460224
2017/04/22 23:00,418.53449883264
2017/04/23 00:00,419.5300399296
2017/04/23 01:00,419.7418304064
2017/04/23 02:00,420.91754695296
2017/04/23 03:00,420.44102593152
2017/04/23 04:00,421.49647448448
2017/04/23 05:00,422.50153029504
2017/04/23 06:00,419.51721268608
2017/04/23 07:00,418.96407053184
2017/04/23 08:00,415.95344398464
2017/04/23 09:00,413.63661625728
2017/04/23 10:00,414.61272518784
2017/04/23 11:00,414.53413063296
2017/04/23 12:00,411.09917806464
2017/04/23 13:00,408.71157899136
2017/04/23 14:00,408.29238789504
2017/04/23 15:00,409.56590965632
2017/04/23 16:00,411.13815315072
2017/04/23 17:00,413.52554078592
2017/04/23 18:00,416.45388771456
2017/04/23 19:00,421.27815963264
2017/04/23 20:00,419.2817512128
2017/04/23 21:00,423.83095225728
2017/04/23 22:00,417.91161231744
2017/04/23 23:00,417.55175477376
2017/04/24 00:00,418.80087053952
2017/04/24 01:00,417.9460163136
2017/04/24 02:00,417.56723002752
2017/04/24 03:00,416.54804813952
2017/04/24 04:00,416.40878092416
2017/04/24 05:00,417.49551224448
2017/04/24 06:00,415.70616211584
2017/04/24 07:00,414.79174276224
2017/04/24 08:00,424.56037335936
2017/04/24 09:00,412.69345139328
2017/04/24 10:00,409.79342709888
2017/04/24 11:00,409.59240989568
2017/04/24 12:00,409.44365817216
2017/04/24 13:00,409.46761108608
2017/04/24 14:00,409.09515787392
2017/04/24 15:00,411.87967656576
2017/04/24 16:00,412.56011451264
2017/04/24 17:00,413.59838623872
2017/04/24 18:00,416.03460600192
2017/04/24 19:00,416.92652230272
2017/04/24 20:00,417.55658764416
2017/04/24 21:00,418.87113846144
2017/04/24 22:00,420.02635558272
2017/04/24 23:00,421.482620256
2017/04/25 00:00,NaN
2017/04/25 01:00,NaN
2017/04/25 02:00,NaN
2017/04/25 03:00,NaN
2017/04/25 04:00,NaN
2017/04/25 05:00,NaN
2017/04/25 06:00,NaN
2017/04/25 07:00,NaN
2017/04/25 08:00,NaN
2017/04/25 09:00,NaN
2017/04/25 10:00,NaN
2017/04/25 11:00,NaN
2017/04/25 12:00,NaN
2017/04/25 13:00,NaN
2017/04/25 14:00,NaN
2017/04/25 15:00,NaN
2017/04/25 16:00,NaN
2017/04/25 17:00,NaN
2017/04/25 18:00,NaN
2017/04/25 19:00,NaN
2017/04/25 20:00,NaN
2017/04/25 21:00,NaN
2017/04/25 22:00,NaN
2017/04/25 23:00,NaN
2017/04/26 00:00,420.74014033536
2017/04/26 01:00,420.71083099008
2017/04/26 02:00,420.17606381184
2017/04/26 03:00,423.61264747392
2017/04/26 04:00,438.56439061632
2017/04/26 05:00,444.2256049344
2017/04/26 06:00,421.94332369536
2017/04/26 07:00,420.89382561408
2017/04/26 08:00,419.03277783936
2017/04/26 09:00,411.7367846976
2017/04/26 10:00,411.03023918208
2017/04/26 11:00,409.14955787136
2017/04/26 12:00,407.86985406336
2017/04/26 13:00,407.33408003712
2017/04/26 14:00,407.49579996288
2017/04/26 15:00,408.97168810368
2017/04/26 16:00,410.19979095168
2017/04/26 17:00,410.97768171648
2017/04/26 18:00,414.88658784384
2017/04/26 19:00,418.40661906816
2017/04/26 20:00,418.6451715648
2017/04/26 21:00,434.11953929856
2017/04/26 22:00,428.946887904
2017/04/26 23:00,422.89100930688
2017/04/27 00:00,425.07604063104
2017/04/27 01:00,427.3124715456
2017/04/27 02:00,431.29444463232
2017/04/27 03:00,430.79020508544
2017/04/27 04:00,433.20957021312
2017/04/27 05:00,434.28980736384
2017/04/27 06:00,430.48159610496
2017/04/27 07:00,424.3918572096
2017/04/27 08:00,420.00764834688
2017/04/27 09:00,413.3649585984
2017/04/27 10:00,415.20166078848
2017/04/27 11:00,421.01555353728
2017/04/27 12:00,415.9025679552
2017/04/27 13:00,412.53639317376
2017/04/27 14:00,412.26924619392
2017/04/27 15:00,412.76410191744
2017/04/27 16:00,408.66352213632
2017/04/27 17:00,410.6226570432
2017/04/27 18:00,416.84500788864
2017/04/27 19:00,418.70025621888
2017/04/27 20:00,419.17801566336
2017/04/27 21:00,425.09918806656
2017/04/27 22:00,425.58198175104
2017/04/27 23:00,426.26884338816
2017/04/28 00:00,432.12697703808
2017/04/28 01:00,436.11147731328
2017/04/28 02:00,436.645247712
2017/04/28 03:00,437.83456677504
2017/04/28 04:00,433.71564222336
2017/04/28 05:00,423.41072410752
2017/04/28 06:00,421.85704689024
2017/04/28 07:00,410.92649356416
2017/04/28 08:00,408.7684961088
2017/04/28 09:00,408.42598655616
2017/04/28 10:00,408.89735251584
2017/04/28 11:00,408.7219293888
2017/04/28 12:00,408.4773156672
2017/04/28 13:00,408.69253949568
2017/04/28 14:00,408.71673405312
2017/04/28 15:00,408.11692449408
2017/04/28 16:00,408.0349569984
2017/04/28 17:00,407.85571791744
2017/04/28 18:00,411.03605876352
2017/04/28 19:00,414.86196034176
2017/04/28 20:00,416.96829642624
2017/04/28 21:00,417.85523889792
2017/04/28 22:00,420.40259454336
2017/04/28 23:00,422.63255142528
2017/04/29 00:00,428.4972295872
2017/04/29 01:00,431.76177313152
2017/04/29 02:00,428.41600715904
2017/04/29 03:00,426.84915030144
2017/04/29 04:00,426.617293344
2017/04/29 05:00,425.71758403968
2017/04/29 06:00,419.98164146304
2017/04/29 07:00,415.41216249984
2017/04/29 08:00,411.56241876096
2017/04/29 09:00,410.27508304512
2017/04/29 10:00,410.03215075968
2017/04/29 11:00,410.31438032256
2017/04/29 12:00,409.4639763648
2017/04/29 13:00,408.85316195712
2017/04/29 14:00,408.47478847872
2017/04/29 15:00,407.5815230016
2017/04/29 16:00,406.76004578688
2017/04/29 17:00,407.75441894016
2017/04/29 18:00,416.62823351424
2017/04/29 19:00,428.02724300928
2017/04/29 20:00,441.72880312704
2017/04/29 21:00,462.77301372288
2017/04/29 22:00,531.80019685248
2017/04/29 23:00,462.8518398528
2017/04/30 00:00,448.48313218176
2017/04/30 01:00,469.01783741568
2017/04/30 02:00,513.486628512
2017/04/30 03:00,507.9068279232
2017/04/30 04:00,507.70695852672
2017/04/30 05:00,507.56312022144
2017/04/30 06:00,474.45149401728
2017/04/30 07:00,438.91922398848
2017/04/30 08:00,431.98720639872
2017/04/30 09:00,440.62180395648
2017/04/30 10:00,434.91862421376
2017/04/30 11:00,422.23495721856
2017/04/30 12:00,416.5110062016
2017/04/30 13:00,416.8301770176
2017/04/30 14:00,414.09847757184
2017/04/30 15:00,409.8506563392
2017/04/30 16:00,415.8154252608
2017/04/30 17:00,415.1720493888
2017/04/30 18:00,423.47138669952
2017/04/30 19:00,438.41129937792
2017/04/30 20:00,432.51810728064
2017/04/30 21:00,435.39113798016
2017/04/30 22:00,444.70469341824
2017/04/30 23:00,449.03560981632
2017/05/01 00:00,451.02980317056
2017/05/01 01:00,448.04020967808
2017/05/01 02:00,449.571917472
2017/05/01 03:00,450.9861361728
2017/05/01 04:00,455.379165024
2017/05/01 05:00,455.85376296576
2017/05/01 06:00,425.53195147392
2017/05/01 07:00,412.99873777536
2017/05/01 08:00,410.45839986048
2017/05/01 09:00,408.84321429888
2017/05/01 10:00,408.25577890176
2017/05/01 11:00,408.42386210688
2017/05/01 12:00,408.22063990656
2017/05/01 13:00,406.7644155072
2017/05/01 14:00,406.70459866752
2017/05/01 15:00,407.33891290752
2017/05/01 16:00,406.69820518272
2017/05/01 17:00,411.61949697408
2017/05/01 18:00,421.61981336448
2017/05/01 19:00,433.70211018624
2017/05/01 20:00,434.27481539712
2017/05/01 21:00,442.03910361216
2017/05/01 22:00,451.93617780864
2017/05/01 23:00,453.67828662912
2017/05/02 00:00,452.10168348288
2017/05/02 01:00,448.72095974784
2017/05/02 02:00,452.76073597824
2017/05/02 03:00,446.9995215168
2017/05/02 04:00,442.18410986112
2017/05/02 05:00,446.43356218752
2017/05/02 06:00,437.44995083904
2017/05/02 07:00,420.80028943488
2017/05/02 08:00,409.49524906368
2017/05/02 09:00,416.5244979648
2017/05/02 10:00,410.55246966912
2017/05/02 11:00,408.22849332096
2017/05/02 12:00,407.85967483008
2017/05/02 13:00,407.68523841408
2017/05/02 14:00,408.08015440512
2017/05/02 15:00,407.642991072
2017/05/02 16:00,407.37469628544
2017/05/02 17:00,412.94868736128
2017/05/02 18:00,422.325855456
2017/05/02 19:00,438.27168983424
2017/05/02 20:00,447.43858779264
2017/05/02 21:00,446.6906708928
2017/05/02 22:00,458.8204708032
2017/05/02 23:00,459.24333689472
2017/05/03 00:00,NaN
2017/05/03 01:00,456.30498189696
2017/05/03 02:00,460.44750696576
2017/05/03 03:00,471.69311309952
2017/05/03 04:00,479.86848728448
2017/05/03 05:00,524.64590749824
2017/05/03 06:00,492.74584162944
2017/05/03 07:00,424.98084315264
2017/05/03 08:00,418.77684714624
2017/05/03 09:00,414.37113201024
2017/05/03 10:00,412.14374259072
2017/05/03 11:00,411.82756211328
2017/05/03 12:00,410.80618529664
2017/05/03 13:00,410.35917499008
2017/05/03 14:00,409.14857116032
2017/05/03 15:00,409.58106271872
2017/05/03 16:00,409.95109949568
2017/05/03 17:00,413.18383671168
2017/05/03 18:00,425.33689481088
2017/05/03 19:00,431.85336609408
2017/05/03 20:00,NaN
2017/05/03 21:00,444.90032398464
2017/05/03 22:00,454.78926284928
2017/05/03 23:00,452.9235634368
2017/05/04 00:00,456.20884804992
2017/05/04 01:00,462.719086944
2017/05/04 02:00,459.3040095552
2017/05/04 03:00,456.70696596096
2017/05/04 04:00,455.54271741312
2017/05/04 05:00,454.46084916864
2017/05/04 06:00,443.01837404544
2017/05/04 07:00,439.44064036224
2017/05/04 08:00,442.5376242624
2017/05/04 09:00,440.99618024832
2017/05/04 10:00,436.86892906368
2017/05/04 11:00,429.04662626688
2017/05/04 12:00,419.53876930176
2017/05/04 13:00,413.89206366336
2017/05/04 14:00,411.39875561856
2017/05/04 15:00,409.8616309824
2017/05/04 16:00,410.81626384512
2017/05/04 17:00,413.74570823808
2017/05/04 18:00,416.5069788096
2017/05/04 19:00,420.871966944
2017/05/04 20:00,421.2581938368
2017/05/04 21:00,422.76722741376
2017/05/04 22:00,425.13421630848
2017/05/04 23:00,423.38399229312
2017/05/05 00:00,424.47806353536
2017/05/05 01:00,425.85080009856
2017/05/05 02:00,424.43865550464
2017/05/05 03:00,420.94859814528
2017/05/05 04:00,428.01292563072
2017/05/05 05:00,444.77404510848
2017/05/05 06:00,444.39386937216
2017/05/05 07:00,423.372473952
2017/05/05 08:00,415.83516955008
2017/05/05 09:00,413.55799149696
2017/05/05 10:00,413.26051825536
2017/05/05 11:00,409.82751897216
2017/05/05 12:00,409.1354418624
2017/05/05 13:00,411.04383163008
2017/05/05 14:00,409.6584993984
2017/05/05 15:00,408.7889854656
2017/05/05 16:00,409.28097167232
2017/05/05 17:00,411.50866314624
2017/05/05 18:00,416.77085353344
2017/05/05 19:00,419.1730619712
2017/05/05 20:00,420.36261260928
2017/05/05 21:00,424.2292512576
2017/05/05 22:00,421.81254420864
2017/05/05 23:00,422.43797804928
2017/05/06 00:00,419.73204384384
2017/05/06 01:00,418.99685350272
2017/05/06 02:00,418.93956385152
2017/05/06 03:00,421.04027165568
2017/05/06 04:00,423.94178608512
2017/05/06 05:00,421.759251744
2017/05/06 06:00,418.77124907136
2017/05/06 07:00,417.63201062784
2017/05/06 08:00,416.92319970432
2017/05/06 09:00,415.71853627776
2017/05/06 10:00,415.15501352064
2017/05/06 11:00,413.64233515392
2017/05/06 12:00,412.6146051264
2017/05/06 13:00,412.20356949888
2017/05/06 14:00,411.7261624512
2017/05/06 15:00,411.73856681856
2017/05/06 16:00,412.5490593216
2017/05/06 17:00,412.48450022784
2017/05/06 18:00,416.02789032576
2017/05/06 19:00,421.32698169216
2017/05/06 20:00,424.46602163328
2017/05/06 21:00,427.22121084288
2017/05/06 22:00,431.54227019904
2017/05/06 23:00,434.0316213312
2017/05/07 00:00,426.20502936192
2017/05/07 01:00,426.31229894784
2017/05/07 02:00,435.40127693952
2017/05/07 03:00,435.02710201728
2017/05/07 04:00,432.6236954304
2017/05/07 05:00,434.02594270848
2017/05/07 06:00,424.29204836736
2017/05/07 07:00,415.82192949888
2017/05/07 08:00,410.5281643584
2017/05/07 09:00,412.74196132992
2017/05/07 10:00,417.7014529344
2017/05/07 11:00,417.0785664192
2017/05/07 12:00,415.30003990656
2017/05/07 13:00,414.60425759616
2017/05/07 14:00,413.97724300416
2017/05/07 15:00,412.5486565824
2017/05/07 16:00,412.82242862208
2017/05/07 17:00,413.55058109568
2017/05/07 18:00,421.55602954368
2017/05/07 19:00,431.67137831808
2017/05/07 20:00,440.07375645312
2017/05/07 21:00,454.82452266624
2017/05/07 22:00,453.374530656
2017/05/07 23:00,457.68000400512
2017/05/08 00:00,435.74484368256
2017/05/08 01:00,440.6204849856
2017/05/08 02:00,464.6082358464
2017/05/08 03:00,476.77391981952
2017/05/08 04:00,459.66185340288
2017/05/08 05:00,451.20516588672
2017/05/08 06:00,435.50054208384
2017/05/08 07:00,430.09943687808
2017/05/08 08:00,424.112003808
2017/05/08 09:00,421.38612394368
2017/05/08 10:00,421.8525362112
2017/05/08 11:00,420.06394121856
2017/05/08 12:00,415.63755549312
2017/05/08 13:00,414.84372632448
2017/05/08 14:00,412.7224888896
2017/05/08 15:00,410.53265490048
2017/05/08 16:00,409.23940898688
2017/05/08 17:00,413.38201460352
2017/05/08 18:00,418.741476576
2017/05/08 19:00,430.33483794048
2017/05/08 20:00,446.66759393664
2017/05/08 21:00,468.90096249984
2017/05/08 22:00,465.26644258944
2017/05/08 23:00,474.06232712832
2017/05/09 00:00,440.64803234688
2017/05/09 01:00,445.0853020992
2017/05/09 02:00,443.60157061248
2017/05/09 03:00,446.514120096
2017/05/09 04:00,445.4451999168
2017/05/09 05:00,454.99946250624
2017/05/09 06:00,466.53912866688
2017/05/09 07:00,446.84231227008
2017/05/09 08:00,431.45850044544
2017/05/09 09:00,423.27213148032
2017/05/09 10:00,423.89330635392
2017/05/09 11:00,418.53736834944
2017/05/09 12:00,416.97021950592
2017/05/09 13:00,417.49684128384
2017/05/09 14:00,415.69546939008
2017/05/09 15:00,411.95000489856
2017/05/09 16:00,410.90133243264
2017/05/09 17:00,409.84494751104
2017/05/09 18:00,419.4537711936
2017/05/09 19:00,436.08155379072
2017/05/09 20:00,429.09749222784
2017/05/09 21:00,433.44298778496
2017/05/09 22:00,431.34997229952
2017/05/09 23:00,427.35817237632
2017/05/10 00:00,428.02618581888
2017/05/10 01:00,428.00268598656
2017/05/10 02:00,427.88021299584
2017/05/10 03:00,451.21166005632
2017/05/10 04:00,423.38564352384
2017/05/10 05:00,421.30604932224
2017/05/10 06:00,416.97802257792
2017/05/10 07:00,415.71360272256
2017/05/10 08:00,413.98763367552
2017/05/10 09:00,413.07001254528
2017/05/10 10:00,411.48952296576
2017/05/10 11:00,410.2473544512
2017/05/10 12:00,410.0154773568
2017/05/10 13:00,411.13762958976
2017/05/10 14:00,411.70896548736
2017/05/10 15:00,412.37290119552
2017/05/10 16:00,412.77813737856
2017/05/10 17:00,414.24837710208
2017/05/10 18:00,418.0646733504
2017/05/10 19:00,425.29740623232
2017/05/10 20:00,426.9297686208
2017/05/10 21:00,430.06449925248
2017/05/10 22:00,428.1362745792
2017/05/10 23:00,425.85872399232
2017/05/11 00:00,430.6755452352
2017/05/11 01:00,426.10580449152
2017/05/11 02:00,426.39098411904
2017/05/11 03:00,425.20263163008
2017/05/11 04:00,423.12338982528
2017/05/11 05:00,420.92679988608
2017/05/11 06:00,416.67803221632
2017/05/11 07:00,415.42474809984
2017/05/11 08:00,414.43283165568
2017/05/11 09:00,411.47194339968
2017/05/11 10:00,409.99222923648
2017/05/11 11:00,409.73237183616
2017/05/11 12:00,410.55001296
2017/05/11 13:00,410.80960857984
2017/05/11 14:00,410.2121147712
2017/05/11 15:00,410.42976510336
2017/05/11 16:00,412.1379632832
2017/05/11 17:00,414.50281766016
2017/05/11 18:00,415.69697966208
2017/05/11 19:00,417.43618876032
2017/05/11 20:00,419.8637596992
2017/05/11 21:00,421.45522392192
2017/05/11 22:00,421.4431518144
2017/05/11 23:00,422.42615765376
2017/05/12 00:00,423.35498500224
2017/05/12 01:00,422.80082593152
2017/05/12 02:00,422.22067004544
2017/05/12 03:00,424.3870243392
2017/05/12 04:00,424.87240562304
2017/05/12 05:00,432.98728838016
2017/05/12 06:00,418.50709243008
2017/05/12 07:00,415.6622333376
2017/05/12 08:00,414.3066635328
2017/05/12 09:00,412.99199189376
2017/05/12 10:00,411.99190991232
2017/05/12 11:00,411.41310320256
2017/05/12 12:00,410.63734695552
2017/05/12 13:00,410.28512131968
2017/05/12 14:00,410.19282356352
2017/05/12 15:00,411.06905317248
2017/05/12 16:00,413.58140071296
2017/05/12 17:00,415.223549664
2017/05/12 18:00,415.88077976448
2017/05/12 19:00,417.30643625856
2017/05/12 20:00,420.23396764032
2017/05/12 21:00,421.9502004672
2017/05/12 22:00,422.34068632704
2017/05/12 23:00,420.81284482944
2017/05/13 00:00,420.32436245376
2017/05/13 01:00,420.94962513024
2017/05/13 02:00,423.30262890624
2017/05/13 03:00,423.79124217216
2017/05/13 04:00,424.99503970944
2017/05/13 05:00,423.59228900736
2017/05/13 06:00,421.59119874432
2017/05/13 07:00,422.2243651776
2017/05/13 08:00,415.74003248256
2017/05/13 09:00,412.93928340096
2017/05/13 10:00,411.71867150208
2017/05/13 11:00,411.21295188864
2017/05/13 12:00,411.62893113984
2017/05/13 13:00,411.29483883648
2017/05/13 14:00,410.72012999808
2017/05/13 15:00,409.85314325376
2017/05/13 16:00,410.68410497664
2017/05/13 17:00,412.58026154112
2017/05/13 18:00,418.72029249408
2017/05/13 19:00,417.81718004352
2017/05/13 20:00,421.22279306112
2017/05/13 21:00,430.88716454784
2017/05/13 22:00,466.1527406784
2017/05/13 23:00,453.76225775232
2017/05/14 00:00,434.74246608768
2017/05/14 01:00,436.55792378496
2017/05/14 02:00,448.49120710272
2017/05/14 03:00,444.2762997312
2017/05/14 04:00,432.24085154688
2017/05/14 05:00,430.88665105536
2017/05/14 06:00,416.45194449792
2017/05/14 07:00,412.47044462976
2017/05/14 08:00,412.56842100864
2017/05/14 09:00,412.0637585856
2017/05/14 10:00,411.43243468416
2017/05/14 11:00,410.80325536896
2017/05/14 12:00,409.82877753216
2017/05/14 13:00,409.1284442688
2017/05/14 14:00,409.57998539136
2017/05/14 15:00,411.74389304448
2017/05/14 16:00,410.64884515968
2017/05/14 17:00,411.16305250176
2017/05/14 18:00,414.0559583808
2017/05/14 19:00,423.30871026816
2017/05/14 20:00,435.59884065408
2017/05/14 21:00,448.1232645696
2017/05/14 22:00,433.9054129344
2017/05/14 23:00,438.8332291008
2017/05/15 00:00,NaN
2017/05/15 01:00,440.54082317184
2017/05/15 02:00,443.41570647168
2017/05/15 03:00,431.6951298624
2017/05/15 04:00,426.8973481152
2017/05/15 05:00,431.00950664832
2017/05/15 06:00,417.72331160448
2017/05/15 07:00,413.76376102272
2017/05/15 08:00,415.58832062592
2017/05/15 09:00,417.50920537728
2017/05/15 10:00,415.38708191616
2017/05/15 11:00,413.86711396992
2017/05/15 12:00,413.07474473088
2017/05/15 13:00,414.00391440768
2017/05/15 14:00,412.03397602176
2017/05/15 15:00,410.93902882176
2017/05/15 16:00,410.31001060224
2017/05/15 17:00,410.23992391296
2017/05/15 18:00,412.83778305408
2017/05/15 19:00,416.99291385984
2017/05/15 20:00,418.47087610752
2017/05/15 21:00,417.4969117632
2017/05/15 22:00,416.9959545408
2017/05/15 23:00,417.28695374976
2017/05/16 00:00,419.67807679104
2017/05/16 01:00,417.33228204672
2017/05/16 02:00,419.53659451008
2017/05/16 03:00,418.643308896
2017/05/16 04:00,418.1794540224
2017/05/16 05:00,419.05841218944
2017/05/16 06:00,415.10402673792
2017/05/16 07:00,413.33863959168
2017/05/16 08:00,411.75845206656
2017/05/16 09:00,410.98133657472
2017/05/16 10:00,411.08361219456
2017/05/16 11:00,410.64014599296
2017/05/16 12:00,409.83689272704
2017/05/16 13:00,409.47297758592
2017/05/16 14:00,409.89225929856
2017/05/16 15:00,410.50492630656
2017/05/16 16:00,410.87785273728
2017/05/16 17:00,411.81517788288
2017/05/16 18:00,413.54127782016
2017/05/16 19:00,415.3881189696
2017/05/16 20:00,415.83237051264
2017/05/16 21:00,415.74642596736
2017/05/16 22:00,416.17257438336
2017/05/16 23:00,416.54217821568
2017/05/17 00:00,417.7239559872
2017/05/17 01:00,418.32188274048
2017/05/17 02:00,421.3666313664
2017/05/17 03:00,425.27950447488
2017/05/17 04:00,425.3175532608
2017/05/17 05:00,424.47822463104
2017/05/17 06:00,424.93913950848
2017/05/17 07:00,421.80348257664
2017/05/17 08:00,418.6759811136
2017/05/17 09:00,416.90884205184
2017/05/17 10:00,414.5003307456
2017/05/17 11:00,412.61446416768
2017/05/17 12:00,411.516838752
2017/05/17 13:00,410.87843670912
2017/05/17 14:00,411.17507426688
2017/05/17 15:00,411.3881635776
2017/05/17 16:00,410.92354349952
2017/05/17 17:00,412.37162249856
2017/05/17 18:00,416.09290250112
2017/05/17 19:00,427.73128003968
2017/05/17 20:00,429.67356031104
2017/05/17 21:00,430.93559393664
2017/05/17 22:00,435.64976702592
2017/05/17 23:00,440.63212414848
2017/05/18 00:00,432.49277498496
2017/05/18 01:00,431.50958791296
2017/05/18 02:00,432.22539643008
2017/05/18 03:00,430.70778450816
2017/05/18 04:00,435.89508554112
2017/05/18 05:00,440.43798371712
2017/05/18 06:00,431.91476368512
2017/05/18 07:00,428.8735893696
2017/05/18 08:00,411.6688224576
2017/05/18 09:00,421.4062508352
2017/05/18 10:00,412.66442396544
2017/05/18 11:00,409.9626681792
2017/05/18 12:00,406.96142545536
2017/05/18 13:00,406.3440061248
2017/05/18 14:00,406.20880657536
2017/05/18 15:00,408.32401299072
2017/05/18 16:00,410.29438432128
2017/05/18 17:00,410.72155972224
2017/05/18 18:00,416.019211296
2017/05/18 19:00,430.98189887616
2017/05/18 20:00,439.76569117056
2017/05/18 21:00,436.99093890432
2017/05/18 22:00,442.5580632768
2017/05/18 23:00,447.64619985024
2017/05/19 00:00,443.27743603584
2017/05/19 01:00,446.1900157248
2017/05/19 02:00,448.48023245952
2017/05/19 03:00,459.39526018944
2017/05/19 04:00,470.33072693376
2017/05/19 05:00,493.64995085952
2017/05/19 06:00,475.4211792576
2017/05/19 07:00,439.78469039232
2017/05/19 08:00,432.43413615744
2017/05/19 09:00,429.38263158144
2017/05/19 10:00,423.35227658112
2017/05/19 11:00,417.28731621504
2017/05/19 12:00,414.06882589824
2017/05/19 13:00,412.56977018496
2017/05/19 14:00,411.0208150848
2017/05/19 15:00,409.80727125888
2017/05/19 16:00,408.17160640896
2017/05/19 17:00,412.04569573248
2017/05/19 18:00,419.30837227392
2017/05/19 19:00,424.54502899584
2017/05/19 20:00,431.17643197824
2017/05/19 21:00,442.86242335872
2017/05/19 22:00,459.4283049408
2017/05/19 23:00,482.18595939456
2017/05/20 00:00,495.51513677952
2017/05/20 01:00,479.93511041664
2017/05/20 02:00,464.689991904
2017/05/20 03:00,450.8610353088
2017/05/20 04:00,471.7596254784
2017/05/20 05:00,493.95227710848
2017/05/20 06:00,463.21769821056
2017/05/20 07:00,437.620883424
2017/05/20 08:00,428.72994236544
2017/05/20 09:00,428.2658055744
2017/05/20 10:00,425.94006724224
2017/05/20 11:00,421.45158920064
2017/05/20 12:00,416.59171513728
2017/05/20 13:00,413.00510105472
2017/05/20 14:00,412.82403957888
2017/05/20 15:00,409.60279049856
2017/05/20 16:00,411.22819556736
2017/05/20 17:00,412.2210785856
2017/05/20 18:00,415.42482864768
2017/05/20 19:00,429.29456258688
2017/05/20 20:00,434.9559077952
2017/05/20 21:00,437.85989907072
2017/05/20 22:00,443.15444955264
2017/05/20 23:00,447.95686280064
2017/05/21 00:00,476.73408891264
2017/05/21 01:00,471.2315337024
2017/05/21 02:00,510.52576039296
2017/05/21 03:00,506.50140907392
2017/05/21 04:00,481.3377705024
2017/05/21 05:00,453.56424095616
2017/05/21 06:00,446.06465308032
2017/05/21 07:00,442.12785726336
2017/05/21 08:00,434.94847725696
2017/05/21 09:00,433.29825338496
2017/05/21 10:00,424.38203037312
2017/05/21 11:00,419.098404192
2017/05/21 12:00,415.77724558464
2017/05/21 13:00,414.66670230912
2017/05/21 14:00,411.87218561664
2017/05/21 15:00,412.22775398784
2017/05/21 16:00,416.4354926016
2017/05/21 17:00,415.45790360448
2017/05/21 18:00,420.66730495104
2017/05/21 19:00,428.90529501312
2017/05/21 20:00,429.27463706496
2017/05/21 21:00,432.66018360192
2017/05/21 22:00,447.2646245952
2017/05/21 23:00,440.41460470656
2017/05/22 00:00,442.57829085312
2017/05/22 01:00,444.10155119232
2017/05/22 02:00,443.41138709376
2017/05/22 03:00,447.3968237376
2017/05/22 04:00,442.87372019328
2017/05/22 05:00,440.05932832128
2017/05/22 06:00,442.94508557952
2017/05/22 07:00,440.85191906688
2017/05/22 08:00,432.65831086464
2017/05/22 09:00,426.25540196736
2017/05/22 10:00,421.0538036928
2017/05/22 11:00,421.8462434112
2017/05/22 12:00,418.55951900544
2017/05/22 13:00,414.7459513152
2017/05/22 14:00,410.45896369536
2017/05/22 15:00,411.96937665408
2017/05/22 16:00,415.81176033408
2017/05/22 17:00,417.3098897472
2017/05/22 18:00,420.75750846336
2017/05/22 19:00,427.1805241152
2017/05/22 20:00,426.21175510656
2017/05/22 21:00,427.29760040064
2017/05/22 22:00,436.61643172224
2017/05/22 23:00,440.98951491456
2017/05/23 00:00,443.19325347456
2017/05/23 01:00,440.76726328704
2017/05/23 02:00,440.02653528192
2017/05/23 03:00,436.60262783616
2017/05/23 04:00,434.7818741184
2017/05/23 05:00,434.55388345728
2017/05/23 06:00,431.15523782784
2017/05/23 07:00,426.622579296
2017/05/23 08:00,428.38654678656
2017/05/23 09:00,426.89318983296
2017/05/23 10:00,422.8558602432
2017/05/23 11:00,418.01878121856
2017/05/23 12:00,415.1323292352
2017/05/23 13:00,414.47358886272
2017/05/23 14:00,413.73347503488
2017/05/23 15:00,410.16979694976
2017/05/23 16:00,410.02522364544
2017/05/23 17:00,411.04178772864
2017/05/23 18:00,413.81490890112
2017/05/23 19:00,420.27150293376
2017/05/23 20:00,425.28398494848
2017/05/23 21:00,426.89339120256
2017/05/23 22:00,430.61234538624
2017/05/23 23:00,430.93633900416
2017/05/24 00:00,425.30222903424
2017/05/24 01:00,427.552655136
2017/05/24 02:00,427.4165796288
2017/05/24 03:00,424.41142026624
2017/05/24 04:00,423.16689572736
2017/05/24 05:00,420.27166402944
2017/05/24 06:00,418.32643369344
2017/05/24 07:00,418.03973372544
2017/05/24 08:00,414.88346661504
2017/05/24 09:00,411.11575078272
2017/05/24 10:00,410.794677024
2017/05/24 11:00,409.99879388544
2017/05/24 12:00,408.2756943552
2017/05/24 13:00,409.95323401344
2017/05/24 14:00,410.97031158912
2017/05/24 15:00,411.947769696
2017/05/24 16:00,409.1075521728
2017/05/24 17:00,411.20512867968
2017/05/24 18:00,416.91285937536
2017/05/24 19:00,418.011008352
2017/05/24 20:00,419.16182554752
2017/05/24 21:00,418.50524989824
2017/05/24 22:00,421.212029856
2017/05/24 23:00,420.4324274496
2017/05/25 00:00,421.18460331648
2017/05/25 01:00,421.42580382336
2017/05/25 02:00,422.04324329088
2017/05/25 03:00,421.00062198144
2017/05/25 04:00,444.2339114304
2017/05/25 05:00,425.62095683712
2017/05/25 06:00,415.46621010048
2017/05/25 07:00,419.10880493184
2017/05/25 08:00,412.98154081152
2017/05/25 09:00,411.80710296192
2017/05/25 10:00,411.52602120576
2017/05/25 11:00,411.32866892928
2017/05/25 12:00,410.16278928768
2017/05/25 13:00,408.99578197632
2017/05/25 14:00,408.03584302464
2017/05/25 15:00,408.33477619584
2017/05/25 16:00,409.7119126848
2017/05/25 17:00,410.79335805312
2017/05/25 18:00,415.6420460352
2017/05/25 19:00,418.51128091776
2017/05/25 20:00,417.65824908672
2017/05/25 21:00,419.94480089472
2017/05/25 22:00,420.3403512
2017/05/25 23:00,418.93838583936
2017/05/26 00:00,419.00853293952
2017/05/26 01:00,420.10592678016
2017/05/26 02:00,420.81979208064
2017/05/26 03:00,421.23907379328
2017/05/26 04:00,423.5043206976
2017/05/26 05:00,430.1178017856
2017/05/26 06:00,426.93061437312
2017/05/26 07:00,419.8450323264
2017/05/26 08:00,416.6298142656
2017/05/26 09:00,417.46470269568
2017/05/26 10:00,414.6644469696
2017/05/26 11:00,414.42560248704
2017/05/26 12:00,413.43202474368
2017/05/26 13:00,412.16651749248
2017/05/26 14:00,411.77538724992
2017/05/26 15:00,411.30885416064
2017/05/26 16:00,412.50341890176
2017/05/26 17:00,413.78283072384
2017/05/26 18:00,414.31489954944
2017/05/26 19:00,417.3318390336
2017/05/26 20:00,420.34343215488
2017/05/26 21:00,419.34527325312
2017/05/26 22:00,423.15663594624
2017/05/26 23:00,423.32010778752
2017/05/27 00:00,422.3983988544
2017/05/27 01:00,422.62343945088
2017/05/27 02:00,420.26038733184
2017/05/27 03:00,421.32463573632
2017/05/27 04:00,425.43708625536
2017/05/27 05:00,421.10729752704
2017/05/27 06:00,416.04905427072
2017/05/27 07:00,413.51408285568
2017/05/27 08:00,411.78513353856
2017/05/27 09:00,410.20304307072
2017/05/27 10:00,409.60474378368
2017/05/27 11:00,409.30691814528
2017/05/27 12:00,408.85955544192
2017/05/27 13:00,409.0993463616
2017/05/27 14:00,408.812445024
2017/05/27 15:00,407.79468279168
2017/05/27 16:00,407.76525262464
2017/05/27 17:00,408.5476943424
2017/05/27 18:00,412.62775456128
2017/05/27 19:00,416.00726001024
2017/05/27 20:00,418.0769065536
2017/05/27 21:00,420.54662414976
2017/05/27 22:00,420.7687146816
2017/05/27 23:00,422.4953079744
2017/05/28 00:00,427.51516011648
2017/05/28 01:00,440.06448338304
2017/05/28 02:00,448.10517151104
2017/05/28 03:00,433.43094588288
2017/05/28 04:00,443.53389028992
2017/05/28 05:00,493.27894750848
2017/05/28 06:00,428.38104939648
2017/05/28 07:00,411.14756717952
2017/05/28 08:00,408.75578968704
2017/05/28 09:00,408.18003372672
2017/05/28 10:00,406.97844118656
2017/05/28 11:00,406.74849724032
2017/05/28 12:00,405.55137510528
2017/05/28 13:00,406.61311645824
2017/05/28 14:00,406.96883585664
2017/05/28 15:00,406.48586093952
2017/05/28 16:00,406.86118366848
2017/05/28 17:00,409.23842227584
2017/05/28 18:00,410.836461216
2017/05/28 19:00,415.79940630912
2017/05/28 20:00,423.37391374464
2017/05/28 21:00,421.61118467712
2017/05/28 22:00,422.22629832576
2017/05/28 23:00,421.3680409536
2017/05/29 00:00,423.67869670272
2017/05/29 01:00,421.9671155136
2017/05/29 02:00,440.77684848
2017/05/29 03:00,444.10121893248
2017/05/29 04:00,427.82423224704
2017/05/29 05:00,436.26880738176
2017/05/29 06:00,414.90439898496
2017/05/29 07:00,411.429998112
2017/05/29 08:00,409.78273437312
2017/05/29 09:00,406.4862737472
2017/05/29 10:00,405.36043645056
2017/05/29 11:00,404.45311537536
2017/05/29 12:00,402.94107132288
2017/05/29 13:00,403.7363201472
2017/05/29 14:00,406.52777602176
2017/05/29 15:00,405.74287759488
2017/05/29 16:00,403.97022100608
2017/05/29 17:00,406.63007177856
2017/05/29 18:00,411.1179255744
2017/05/29 19:00,421.266399648
2017/05/29 20:00,429.98121278592
2017/05/29 21:00,436.76906987904
2017/05/29 22:00,436.32318724224
2017/05/29 23:00,438.63378258048
2017/05/30 00:00,448.67339624832
2017/05/30 01:00,457.79206618752
2017/05/30 02:00,427.31167613568
2017/05/30 03:00,415.56636127104
2017/05/30 04:00,414.93894393984
2017/05/30 05:00,418.73388494208
2017/05/30 06:00,411.95474715264
2017/05/30 07:00,409.70619378816
2017/05/30 08:00,409.17222201984
2017/05/30 09:00,409.30923389568
2017/05/30 10:00,408.19703938944
2017/05/30 11:00,408.48517915008
2017/05/30 12:00,407.25306904704
2017/05/30 13:00,408.75332290944
2017/05/30 14:00,408.5935059264
2017/05/30 15:00,407.46380233344
2017/05/30 16:00,407.8300634304
2017/05/30 17:00,408.37638922368
2017/05/30 18:00,412.81920670848
2017/05/30 19:00,418.12349341056
2017/05/30 20:00,426.24245390208
2017/05/30 21:00,419.07210532224
2017/05/30 22:00,413.15998448256
2017/05/30 23:00,413.321613792
2017/05/31 00:00,412.65450651264
2017/05/31 01:00,414.104438112
2017/05/31 02:00,416.2717791168
2017/05/31 03:00,428.93486613888
2017/05/31 04:00,442.83589291392
2017/05/31 05:00,450.46686438528
2017/05/31 06:00,434.33869990272
2017/05/31 07:00,NaN
2017/05/31 08:00,417.258892896
2017/05/31 09:00,415.39580121984
2017/05/31 10:00,413.65853533824
2017/05/31 11:00,410.32582818432
2017/05/31 12:00,411.8395838784
2017/05/31 13:00,412.19758882176
2017/05/31 14:00,410.43459797376
2017/05/31 15:00,411.936694368
2017/05/31 16:00,412.07051453568
2017/05/31 17:00,413.24848642176
2017/05/31 18:00,414.88795715712
2017/05/31 19:00,415.44069657216
2017/05/31 20:00,416.06284808832
2017/05/31 21:00,417.18990367104
2017/05/31 22:00,419.45655009408
2017/05/31 23:00,417.93993495168
