09/01/2016 00:00,NaN
09/01/2016 01:00,NaN
09/01/2016 02:00,NaN
09/01/2016 03:00,NaN
09/01/2016 04:00,NaN
09/01/2016 05:00,NaN
09/01/2016 06:00,NaN
09/01/2016 07:00,NaN
09/01/2016 08:00,NaN
09/01/2016 09:00,NaN
09/01/2016 10:00,NaN
09/01/2016 11:00,NaN
09/01/2016 12:00,NaN
09/01/2016 13:00,NaN
09/01/2016 14:00,NaN
09/01/2016 15:00,NaN
09/01/2016 16:00,NaN
09/01/2016 17:00,NaN
09/01/2016 18:00,NaN
09/01/2016 19:00,NaN
09/01/2016 20:00,NaN
09/01/2016 21:00,NaN
09/01/2016 22:00,NaN
09/01/2016 23:00,NaN
09/02/2016 00:00,NaN
09/02/2016 01:00,NaN
09/02/2016 02:00,NaN
09/02/2016 03:00,NaN
09/02/2016 04:00,NaN
09/02/2016 05:00,NaN
09/02/2016 06:00,NaN
09/02/2016 07:00,NaN
09/02/2016 08:00,NaN
09/02/2016 09:00,NaN
09/02/2016 10:00,NaN
09/02/2016 11:00,NaN
09/02/2016 12:00,NaN
09/02/2016 13:00,NaN
09/02/2016 14:00,NaN
09/02/2016 15:00,NaN
09/02/2016 16:00,NaN
09/02/2016 17:00,NaN
09/02/2016 18:00,NaN
09/02/2016 19:00,NaN
09/02/2016 20:00,NaN
09/02/2016 21:00,NaN
09/02/2016 22:00,NaN
09/02/2016 23:00,NaN
09/03/2016 00:00,NaN
09/03/2016 01:00,NaN
09/03/2016 02:00,NaN
09/03/2016 03:00,NaN
09/03/2016 04:00,NaN
09/03/2016 05:00,NaN
09/03/2016 06:00,NaN
09/03/2016 07:00,NaN
09/03/2016 08:00,NaN
09/03/2016 09:00,NaN
09/03/2016 10:00,NaN
09/03/2016 11:00,NaN
09/03/2016 12:00,NaN
09/03/2016 13:00,NaN
09/03/2016 14:00,NaN
09/03/2016 15:00,NaN
09/03/2016 16:00,NaN
09/03/2016 17:00,NaN
09/03/2016 18:00,NaN
09/03/2016 19:00,NaN
09/03/2016 20:00,NaN
09/03/2016 21:00,NaN
09/03/2016 22:00,NaN
09/03/2016 23:00,NaN
09/04/2016 00:00,NaN
09/04/2016 01:00,NaN
09/04/2016 02:00,NaN
09/04/2016 03:00,NaN
09/04/2016 04:00,NaN
09/04/2016 05:00,NaN
09/04/2016 06:00,NaN
09/04/2016 07:00,NaN
09/04/2016 08:00,NaN
09/04/2016 09:00,NaN
09/04/2016 10:00,NaN
09/04/2016 11:00,NaN
09/04/2016 12:00,NaN
09/04/2016 13:00,NaN
09/04/2016 14:00,NaN
09/04/2016 15:00,NaN
09/04/2016 16:00,NaN
09/04/2016 17:00,NaN
09/04/2016 18:00,NaN
09/04/2016 19:00,NaN
09/04/2016 20:00,NaN
09/04/2016 21:00,NaN
09/04/2016 22:00,NaN
09/04/2016 23:00,NaN
09/05/2016 00:00,NaN
09/05/2016 01:00,NaN
09/05/2016 02:00,NaN
09/05/2016 03:00,NaN
09/05/2016 04:00,NaN
09/05/2016 05:00,NaN
09/05/2016 06:00,NaN
09/05/2016 07:00,NaN
09/05/2016 08:00,NaN
09/05/2016 09:00,NaN
09/05/2016 10:00,NaN
09/05/2016 11:00,NaN
09/05/2016 12:00,NaN
09/05/2016 13:00,NaN
09/05/2016 14:00,NaN
09/05/2016 15:00,NaN
09/05/2016 16:00,NaN
09/05/2016 17:00,NaN
09/05/2016 18:00,NaN
09/05/2016 19:00,NaN
09/05/2016 20:00,NaN
09/05/2016 21:00,NaN
09/05/2016 22:00,NaN
09/05/2016 23:00,NaN
09/06/2016 00:00,NaN
09/06/2016 01:00,NaN
09/06/2016 02:00,NaN
09/06/2016 03:00,NaN
09/06/2016 04:00,NaN
09/06/2016 05:00,NaN
09/06/2016 06:00,NaN
09/06/2016 07:00,NaN
09/06/2016 08:00,NaN
09/06/2016 09:00,NaN
09/06/2016 10:00,NaN
09/06/2016 11:00,NaN
09/06/2016 12:00,NaN
09/06/2016 13:00,NaN
09/06/2016 14:00,NaN
09/06/2016 15:00,NaN
09/06/2016 16:00,NaN
09/06/2016 17:00,NaN
09/06/2016 18:00,NaN
09/06/2016 19:00,NaN
09/06/2016 20:00,NaN
09/06/2016 21:00,NaN
09/06/2016 22:00,NaN
09/06/2016 23:00,NaN
09/07/2016 00:00,NaN
09/07/2016 01:00,NaN
09/07/2016 02:00,NaN
09/07/2016 03:00,NaN
09/07/2016 04:00,NaN
09/07/2016 05:00,NaN
09/07/2016 06:00,NaN
09/07/2016 07:00,NaN
09/07/2016 08:00,NaN
09/07/2016 09:00,NaN
09/07/2016 10:00,NaN
09/07/2016 11:00,NaN
09/07/2016 12:00,NaN
09/07/2016 13:00,NaN
09/07/2016 14:00,NaN
09/07/2016 15:00,NaN
09/07/2016 16:00,NaN
09/07/2016 17:00,NaN
09/07/2016 18:00,NaN
09/07/2016 19:00,NaN
09/07/2016 20:00,NaN
09/07/2016 21:00,NaN
09/07/2016 22:00,NaN
09/07/2016 23:00,NaN
09/08/2016 00:00,NaN
09/08/2016 01:00,NaN
09/08/2016 02:00,NaN
09/08/2016 03:00,NaN
09/08/2016 04:00,NaN
09/08/2016 05:00,NaN
09/08/2016 06:00,NaN
09/08/2016 07:00,NaN
09/08/2016 08:00,NaN
09/08/2016 09:00,NaN
09/08/2016 10:00,NaN
09/08/2016 11:00,402.72471143
09/08/2016 12:00,402.643132847
09/08/2016 13:00,402.512204257
09/08/2016 14:00,402.5132114
09/08/2016 15:00,402.33192566
09/08/2016 16:00,402.872761451
09/08/2016 17:00,402.701547141
09/08/2016 18:00,403.017790043
09/08/2016 19:00,402.434654246
09/08/2016 20:00,402.731761431
09/08/2016 21:00,402.439689961
09/08/2016 22:00,402.438682818
09/08/2016 23:00,402.606875699
09/09/2016 00:00,402.832475731
09/09/2016 01:00,403.008725756
09/09/2016 02:00,403.222240072
09/09/2016 03:00,403.423668672
09/09/2016 04:00,403.460932963
09/09/2016 05:00,403.942347317
09/09/2016 06:00,403.564668692
09/09/2016 07:00,403.442804389
09/09/2016 08:00,403.301804369
09/09/2016 09:00,403.174904351
09/09/2016 10:00,402.739818575
09/09/2016 11:00,402.476954252
09/09/2016 12:00,402.28156851
09/09/2016 13:00,401.89885417
09/09/2016 14:00,401.366075523
09/09/2016 15:00,401.374132667
09/09/2016 16:00,401.416432673
09/09/2016 17:00,401.548368406
09/09/2016 18:00,401.715554144
09/09/2016 19:00,401.961297036
09/09/2016 20:00,402.77506858
09/09/2016 21:00,403.15778292
09/09/2016 22:00,402.941247175
09/09/2016 23:00,402.112368486
09/10/2016 00:00,400.832289733
09/10/2016 01:00,401.460746965
09/10/2016 02:00,401.265361223
09/10/2016 03:00,401.31471123
09/10/2016 04:00,400.181675355
09/10/2016 05:00,400.466696824
09/10/2016 06:00,400.383103955
09/10/2016 07:00,400.109161059
09/10/2016 08:00,400.205846787
09/10/2016 09:00,400.209875359
09/10/2016 10:00,400.28742537
09/10/2016 11:00,400.33778252
09/10/2016 12:00,400.167575353
09/10/2016 13:00,400.334761091
09/10/2016 14:00,400.466696824
09/10/2016 15:00,400.466696824
09/10/2016 16:00,400.538203977
09/10/2016 17:00,400.543239692
09/10/2016 18:00,400.607696844
09/10/2016 19:00,400.659061137
09/10/2016 20:00,400.725532575
09/10/2016 21:00,400.887682598
09/10/2016 22:00,401.426504103
09/10/2016 23:00,401.499018399
09/11/2016 00:00,401.481896968
09/11/2016 01:00,401.106232629
09/11/2016 02:00,400.976311182
09/11/2016 03:00,401.190832641
09/11/2016 04:00,401.351975521
09/11/2016 05:00,401.722604145
09/11/2016 06:00,401.821304159
09/11/2016 07:00,401.583618411
09/11/2016 08:00,401.413411244
09/11/2016 09:00,401.392261241
09/11/2016 10:00,401.258311222
09/11/2016 11:00,401.552396978
09/11/2016 12:00,401.721597002
09/11/2016 13:00,401.862597022
09/11/2016 14:00,402.037839904
09/11/2016 15:00,402.264447079
09/11/2016 16:00,402.320847087
09/11/2016 17:00,402.375232809
09/11/2016 18:00,402.18085421
09/11/2016 19:00,402.735790003
09/11/2016 20:00,403.566682978
09/11/2016 21:00,403.767104435
09/11/2016 22:00,403.918175885
09/11/2016 23:00,404.045075903
09/12/2016 00:00,404.774247435
09/12/2016 01:00,404.081333051
09/12/2016 02:00,403.247418647
09/12/2016 03:00,402.742840004
09/12/2016 04:00,404.000761611
09/12/2016 05:00,404.6282117
09/12/2016 06:00,404.589940266
09/12/2016 07:00,404.096440196
09/12/2016 08:00,404.012847327
09/12/2016 09:00,404.362325948
09/12/2016 10:00,404.001768754
09/12/2016 11:00,404.000761611
09/12/2016 12:00,403.230297216
09/12/2016 13:00,401.590668412
09/12/2016 14:00,401.427511246
09/12/2016 15:00,401.301618371
09/12/2016 16:00,401.48592554
09/12/2016 17:00,401.47585411
09/12/2016 18:00,401.780011296
09/12/2016 19:00,401.985468468
09/12/2016 20:00,402.115389915
09/12/2016 21:00,402.320847087
09/12/2016 22:00,403.662361563
09/12/2016 23:00,406.452147673
09/13/2016 00:00,406.464233389
09/13/2016 01:00,404.997833181
09/13/2016 02:00,404.767197434
09/13/2016 03:00,407.326347797
09/13/2016 04:00,408.26399793
09/13/2016 05:00,409.746512426
09/13/2016 06:00,410.657976841
09/13/2016 07:00,405.429897528
09/13/2016 08:00,404.249525932
09/13/2016 09:00,402.88585431
09/13/2016 10:00,401.185796926
09/13/2016 11:00,400.852432593
09/13/2016 12:00,400.384111098
09/13/2016 13:00,400.872575453
09/13/2016 14:00,401.054868336
09/13/2016 15:00,400.450582536
09/13/2016 16:00,400.761789723
09/13/2016 17:00,400.404253958
09/13/2016 18:00,399.984275327
09/13/2016 19:00,402.3117828
09/13/2016 20:00,406.757312002
09/13/2016 21:00,407.970919317
09/13/2016 22:00,406.653576273
09/13/2016 23:00,405.415797526
09/14/2016 00:00,404.78935458
09/14/2016 01:00,409.685076703
09/14/2016 02:00,409.788812432
09/14/2016 03:00,407.3474978
09/14/2016 04:00,412.10121276
09/14/2016 05:00,412.025677035
09/14/2016 06:00,411.798062717
09/14/2016 07:00,407.880276447
09/14/2016 08:00,404.630225986
09/14/2016 09:00,405.32314037
09/14/2016 10:00,402.310775657
09/14/2016 11:00,400.606689701
09/14/2016 12:00,400.836318305
09/14/2016 13:00,401.442618391
09/14/2016 14:00,402.057982764
09/14/2016 15:00,401.799147013
09/14/2016 16:00,401.301618371
09/14/2016 17:00,401.357011236
09/14/2016 18:00,401.711525572
09/14/2016 19:00,401.619875559
09/14/2016 20:00,401.503046971
09/14/2016 21:00,401.498011256
09/14/2016 22:00,401.845475591
09/14/2016 23:00,402.322861373
09/15/2016 00:00,404.05414019
09/15/2016 01:00,404.895104595
09/15/2016 02:00,406.728104855
09/15/2016 03:00,408.42514081
09/15/2016 04:00,408.718219423
09/15/2016 05:00,408.691026562
09/15/2016 06:00,408.446290813
09/15/2016 07:00,407.153119201
09/15/2016 08:00,407.581154976
09/15/2016 09:00,407.453247815
09/15/2016 10:00,407.279012076
09/15/2016 11:00,406.916440596
09/15/2016 12:00,403.714732999
09/15/2016 13:00,404.005797326
09/15/2016 14:00,403.757033005
09/15/2016 15:00,403.759047291
09/15/2016 16:00,402.397389955
09/15/2016 17:00,402.188911354
09/15/2016 18:00,401.758861293
09/15/2016 19:00,401.670232709
09/15/2016 20:00,401.826339874
09/15/2016 21:00,402.457818535
09/15/2016 22:00,403.315904371
09/15/2016 23:00,403.881918737
09/16/2016 00:00,404.002775897
09/16/2016 01:00,405.859947589
09/16/2016 02:00,407.16621206
09/16/2016 03:00,406.715011996
09/16/2016 04:00,407.257862073
09/16/2016 05:00,407.610362123
09/16/2016 06:00,406.261797646
09/16/2016 07:00,405.918361883
09/16/2016 08:00,405.976776177
09/16/2016 09:00,405.583990407
09/16/2016 10:00,407.610362123
09/16/2016 11:00,406.693861993
09/16/2016 12:00,404.870933163
09/16/2016 13:00,406.197340494
09/16/2016 14:00,406.274890505
09/16/2016 15:00,405.419826098
09/16/2016 16:00,404.929347457
09/16/2016 17:00,405.476226106
09/16/2016 18:00,405.840811872
09/16/2016 19:00,406.205397638
09/16/2016 20:00,406.397761951
09/16/2016 21:00,406.78349772
09/16/2016 22:00,406.688826278
09/16/2016 23:00,407.239733499
09/17/2016 00:00,407.765462145
09/17/2016 01:00,407.702012136
09/17/2016 02:00,408.469455102
09/17/2016 03:00,407.547919257
09/17/2016 04:00,405.904261881
09/17/2016 05:00,408.708147993
09/17/2016 06:00,408.130047911
09/17/2016 07:00,408.18342649
09/17/2016 08:00,407.52878354
09/17/2016 09:00,407.164197774
09/17/2016 10:00,406.776447719
09/17/2016 11:00,406.969819175
09/17/2016 12:00,407.109812052
09/17/2016 13:00,407.475404961
09/17/2016 14:00,407.744312142
09/17/2016 15:00,407.876247875
09/17/2016 16:00,405.799519009
09/17/2016 17:00,405.386590379
09/17/2016 18:00,405.207318925
09/17/2016 19:00,412.643055694
09/17/2016 20:00,415.382484654
09/17/2016 21:00,411.138384052
09/17/2016 22:00,420.652863973
09/17/2016 23:00,417.908399298
09/18/2016 00:00,418.479449379
09/18/2016 01:00,417.17721348
09/18/2016 02:00,417.259799206
09/18/2016 03:00,418.510670812
09/18/2016 04:00,422.360978501
09/18/2016 05:00,425.280686058
09/18/2016 06:00,425.901086146
09/18/2016 07:00,422.747721413
09/18/2016 08:00,422.165592759
09/18/2016 09:00,425.651314682
09/18/2016 10:00,418.981006593
09/18/2016 11:00,416.861977721
09/18/2016 12:00,412.430548521
09/18/2016 13:00,404.461025962
09/18/2016 14:00,404.401604525
09/18/2016 15:00,403.879904451
09/18/2016 16:00,403.3189258
09/18/2016 17:00,403.108432913
09/18/2016 18:00,403.503232969
09/18/2016 19:00,403.788254438
09/18/2016 20:00,404.395561667
09/18/2016 21:00,405.017976041
09/18/2016 22:00,405.789447579
09/18/2016 23:00,406.80364058
09/19/2016 00:00,407.751362143
09/19/2016 01:00,410.961126884
09/19/2016 02:00,408.169326488
09/19/2016 03:00,412.437598522
09/19/2016 04:00,414.320955932
09/19/2016 05:00,418.916549441
09/19/2016 06:00,423.284528632
09/19/2016 07:00,421.169528332
09/19/2016 08:00,423.509121521
09/19/2016 09:00,413.478984384
09/19/2016 10:00,411.050762611
09/19/2016 11:00,406.757312002
09/19/2016 12:00,406.116769054
09/19/2016 13:00,406.05835476
09/19/2016 14:00,405.66556899
09/19/2016 15:00,404.666483134
09/19/2016 16:00,404.226361643
09/19/2016 17:00,404.001768754
09/19/2016 18:00,403.765090149
09/19/2016 19:00,403.561647263
09/19/2016 20:00,403.765090149
09/19/2016 21:00,403.87285445
09/19/2016 22:00,404.19514021
09/19/2016 23:00,403.59085441
09/20/2016 00:00,403.64121156
09/20/2016 01:00,403.918175885
09/20/2016 02:00,404.576847407
09/20/2016 03:00,407.013126324
09/20/2016 04:00,406.453154816
09/20/2016 05:00,405.185161779
09/20/2016 06:00,406.434019099
09/20/2016 07:00,405.14185463
09/20/2016 08:00,405.042147473
09/20/2016 09:00,402.574647123
09/20/2016 10:00,402.411489957
09/20/2016 11:00,402.445732819
09/20/2016 12:00,402.910025742
09/20/2016 13:00,403.186990067
09/20/2016 14:00,403.351154376
09/20/2016 15:00,402.580689981
09/20/2016 16:00,401.971368466
09/20/2016 17:00,401.398304099
09/20/2016 18:00,401.186804069
09/20/2016 19:00,401.383196954
09/20/2016 20:00,401.81828273
09/20/2016 21:00,402.20099707
09/20/2016 22:00,402.955347177
09/20/2016 23:00,404.165933063
09/21/2016 00:00,405.096533195
09/21/2016 01:00,404.748061717
09/21/2016 02:00,404.370383092
09/21/2016 03:00,403.656318705
09/21/2016 04:00,403.538482974
09/21/2016 05:00,403.555604405
09/21/2016 06:00,403.327990087
09/21/2016 07:00,403.222240072
09/21/2016 08:00,403.320940086
09/21/2016 09:00,403.447840104
09/21/2016 10:00,403.265547221
09/21/2016 11:00,402.746868576
09/21/2016 12:00,402.413504243
09/21/2016 13:00,402.131504203
09/21/2016 14:00,402.048918477
09/21/2016 15:00,402.158697064
09/21/2016 16:00,402.235239932
09/21/2016 17:00,402.296675655
09/21/2016 18:00,402.629032845
09/21/2016 19:00,402.921104315
09/21/2016 20:00,402.659247135
09/21/2016 21:00,402.8153543
09/21/2016 22:00,403.322954372
09/21/2016 23:00,403.544525832
09/22/2016 00:00,403.293747225
09/22/2016 01:00,403.079225766
09/22/2016 02:00,403.659340134
09/22/2016 03:00,404.228375929
09/22/2016 04:00,404.2253545
09/22/2016 05:00,404.483183108
09/22/2016 06:00,403.767104435
09/22/2016 07:00,404.001768754
09/22/2016 08:00,403.494168682
09/22/2016 09:00,403.070161479
09/22/2016 10:00,402.74485429
09/22/2016 11:00,402.410482814
09/22/2016 12:00,402.454797106
09/22/2016 13:00,402.256389935
09/22/2016 14:00,402.377247095
09/22/2016 15:00,402.238261361
09/22/2016 16:00,402.289625654
09/22/2016 17:00,402.458825678
09/22/2016 18:00,402.761975721
09/22/2016 19:00,403.009732899
09/22/2016 20:00,403.630132987
09/22/2016 21:00,405.263718933
09/22/2016 22:00,405.541690401
09/22/2016 23:00,406.157054774
09/23/2016 00:00,406.722061997
09/23/2016 01:00,407.997105035
09/23/2016 02:00,411.130326908
09/23/2016 03:00,416.003891885
09/23/2016 04:00,417.87214215
09/23/2016 05:00,421.904742722
09/23/2016 06:00,416.737091989
09/23/2016 07:00,416.253663349
09/23/2016 08:00,412.890812872
09/23/2016 09:00,409.877441016
09/23/2016 10:00,409.912691021
09/23/2016 11:00,406.708969138
09/23/2016 12:00,405.029054614
09/23/2016 13:00,404.599004553
09/23/2016 14:00,403.525390115
09/23/2016 15:00,403.051025762
09/23/2016 16:00,403.296768654
09/23/2016 17:00,403.676461565
09/23/2016 18:00,404.197154496
09/23/2016 19:00,403.97356875
09/23/2016 20:00,404.29585451
09/23/2016 21:00,404.619147413
09/23/2016 22:00,405.138833201
09/23/2016 23:00,405.510468968
09/24/2016 00:00,407.036290613
09/24/2016 01:00,408.622540838
09/24/2016 02:00,408.978062317
09/24/2016 03:00,409.319483794
09/24/2016 04:00,412.591691401
09/24/2016 05:00,414.881934583
09/24/2016 06:00,416.581991967
09/24/2016 07:00,414.875891725
09/24/2016 08:00,415.24349892
09/24/2016 09:00,417.115777757
09/24/2016 10:00,418.287085066
09/24/2016 11:00,407.167219203
09/24/2016 12:00,405.077397478
09/24/2016 13:00,404.693675995
09/24/2016 14:00,407.158154916
09/24/2016 15:00,406.990969178
09/24/2016 16:00,405.832754728
09/24/2016 17:00,407.121897768
09/24/2016 18:00,408.935762311
09/24/2016 19:00,414.886970298
09/24/2016 20:00,415.206234629
09/24/2016 21:00,410.951055454
09/24/2016 22:00,414.48814167
09/24/2016 23:00,415.480177525
09/25/2016 00:00,420.652863973
09/25/2016 01:00,424.085207317
09/25/2016 02:00,426.026979021
09/25/2016 03:00,427.543736379
09/25/2016 04:00,427.196272044
09/25/2016 05:00,431.622665529
09/25/2016 06:00,430.684008253
09/25/2016 07:00,430.517829658
09/25/2016 08:00,425.857778997
09/25/2016 09:00,416.343299076
09/25/2016 10:00,418.942735159
09/25/2016 11:00,413.635091549
09/25/2016 12:00,411.357941226
09/25/2016 13:00,410.572369686
09/25/2016 14:00,409.922762451
09/25/2016 15:00,411.825255578
09/25/2016 16:00,409.888519589
09/25/2016 17:00,410.638841124
09/25/2016 18:00,420.539056814
09/25/2016 19:00,421.831221283
09/25/2016 20:00,422.490899948
09/25/2016 21:00,421.466635517
09/25/2016 22:00,424.716685978
09/25/2016 23:00,421.771799846
09/26/2016 00:00,430.470493937
09/26/2016 01:00,430.091808169
09/26/2016 02:00,432.020487014
09/26/2016 03:00,429.954836721
09/26/2016 04:00,426.587957672
09/26/2016 05:00,427.62128639
09/26/2016 06:00,430.882415424
09/26/2016 07:00,428.3967865
09/26/2016 08:00,426.137764751
09/26/2016 09:00,429.325372346
09/26/2016 10:00,423.397328648
09/26/2016 11:00,425.59692896
09/26/2016 12:00,426.321064777
09/26/2016 13:00,423.204964335
09/26/2016 14:00,418.447220803
09/26/2016 15:00,423.19992862
09/26/2016 16:00,421.967185588
09/26/2016 17:00,421.490806949
09/26/2016 18:00,424.108371606
09/26/2016 19:00,423.157628614
09/26/2016 20:00,425.604986104
09/26/2016 21:00,425.942379009
09/26/2016 22:00,422.586578533
09/26/2016 23:00,424.052978741
09/27/2016 00:00,423.84450014
09/27/2016 01:00,426.957579153
09/27/2016 02:00,421.268228346
09/27/2016 03:00,417.995013596
09/27/2016 04:00,411.444555524
09/27/2016 05:00,412.220055634
09/27/2016 06:00,412.701469988
09/27/2016 07:00,412.007548461
09/27/2016 08:00,411.60771269
09/27/2016 09:00,411.533184108
09/27/2016 10:00,410.901705447
09/27/2016 11:00,410.712362563
09/27/2016 12:00,410.544169682
09/27/2016 13:00,411.654041268
09/27/2016 14:00,413.291655786
09/27/2016 15:00,414.592884542
09/27/2016 16:00,413.671348697
09/27/2016 17:00,412.507091389
09/27/2016 18:00,411.78899843
09/27/2016 19:00,410.824155436
09/27/2016 20:00,411.142412624
09/27/2016 21:00,412.405369946
09/27/2016 22:00,412.924048591
09/27/2016 23:00,411.731591279
09/28/2016 00:00,411.529155536
09/28/2016 01:00,412.691398558
09/28/2016 02:00,412.622912834
09/28/2016 03:00,412.909948589
09/28/2016 04:00,412.768948569
09/28/2016 05:00,411.502969818
09/28/2016 06:00,412.51414139
09/28/2016 07:00,411.63792698
09/28/2016 08:00,411.34585551
09/28/2016 09:00,411.419376949
09/28/2016 10:00,410.915805449
09/28/2016 11:00,410.700276847
09/28/2016 12:00,410.206776777
09/28/2016 13:00,410.88256973
09/28/2016 14:00,410.616683978
09/28/2016 15:00,409.921755308
09/28/2016 16:00,409.903626734
09/28/2016 17:00,409.622633837
09/28/2016 18:00,408.670883702
09/28/2016 19:00,408.310326508
09/28/2016 20:00,408.418090809
09/28/2016 21:00,408.406005093
09/28/2016 22:00,409.3617838
09/28/2016 23:00,408.689012276
09/29/2016 00:00,407.957826458
09/29/2016 01:00,408.194505063
09/29/2016 02:00,409.28121236
09/29/2016 03:00,409.154312342
09/29/2016 04:00,408.014226466
09/29/2016 05:00,409.799891005
09/29/2016 06:00,408.009190751
09/29/2016 07:00,409.61356955
09/29/2016 08:00,408.601390835
09/29/2016 09:00,408.433197954
09/29/2016 10:00,407.704026422
09/29/2016 11:00,408.234790783
09/29/2016 12:00,405.359397518
09/29/2016 13:00,404.512390255
09/29/2016 14:00,404.29585451
09/29/2016 15:00,404.354268804
09/29/2016 16:00,405.420833241
09/29/2016 17:00,406.750262001
09/29/2016 18:00,406.955719173
09/29/2016 19:00,407.028233469
09/29/2016 20:00,407.726183568
09/29/2016 21:00,408.517797966
09/29/2016 22:00,408.480533675
09/29/2016 23:00,408.201555064
09/30/2016 00:00,408.12299791
09/30/2016 01:00,407.054419187
09/30/2016 02:00,405.761247575
09/30/2016 03:00,407.354547801
09/30/2016 04:00,410.704305419
09/30/2016 05:00,410.929905451
09/30/2016 06:00,412.502055674
09/30/2016 07:00,414.295777357
09/30/2016 08:00,412.439612808
09/30/2016 09:00,405.436947529
09/30/2016 10:00,404.637275987
09/30/2016 11:00,404.619147413
09/30/2016 12:00,404.548647403
09/30/2016 13:00,404.672525992
09/30/2016 14:00,404.630225986
09/30/2016 15:00,404.625190271
09/30/2016 16:00,404.745040288
09/30/2016 17:00,404.891076023
09/30/2016 18:00,405.198254638
09/30/2016 19:00,405.432918957
09/30/2016 20:00,405.404718953
09/30/2016 21:00,405.395654666
09/30/2016 22:00,405.805561867
09/30/2016 23:00,406.735154856
10/01/2016 00:00,408.288169362
10/01/2016 01:00,410.297419647
10/01/2016 02:00,411.343841224
10/01/2016 03:00,410.728476851
10/01/2016 04:00,414.168877339
10/01/2016 05:00,417.28799921
10/01/2016 06:00,418.761449419
10/01/2016 07:00,415.416727516
10/01/2016 08:00,414.873877439
10/01/2016 09:00,414.212184488
10/01/2016 10:00,409.459476671
10/01/2016 11:00,407.890347877
10/01/2016 12:00,407.252826358
10/01/2016 13:00,405.518526112
10/01/2016 14:00,405.004883182
10/01/2016 15:00,405.017976041
10/01/2016 16:00,405.12171177
10/01/2016 17:00,405.390618951
10/01/2016 18:00,405.029054614
10/01/2016 19:00,404.9303546
10/01/2016 20:00,405.135811772
10/01/2016 21:00,405.780383292
10/01/2016 22:00,405.893183308
10/01/2016 23:00,406.338340514
10/02/2016 00:00,407.875240732
10/02/2016 01:00,407.795676435
10/02/2016 02:00,406.565954832
10/02/2016 03:00,406.679761991
10/02/2016 04:00,407.748340714
10/02/2016 05:00,406.913419167
10/02/2016 06:00,406.282947649
10/02/2016 07:00,410.493812532
10/02/2016 08:00,406.064397618
10/02/2016 09:00,405.110633197
10/02/2016 10:00,405.938504743
10/02/2016 11:00,406.100654766
10/02/2016 12:00,405.808583296
10/02/2016 13:00,405.551761831
10/02/2016 14:00,405.448026102
10/02/2016 15:00,405.495361823
10/02/2016 16:00,405.572911834
10/02/2016 17:00,405.529604685
10/02/2016 18:00,406.185254778
10/02/2016 19:00,405.473204677
10/02/2016 20:00,405.690747565
10/02/2016 21:00,405.814626154
10/02/2016 22:00,406.936583456
10/02/2016 23:00,408.532905111
10/03/2016 00:00,411.912877019
10/03/2016 01:00,418.36564222
10/03/2016 02:00,416.63335626
10/03/2016 03:00,417.239656346
10/03/2016 04:00,420.526971098
10/03/2016 05:00,418.701020839
10/03/2016 06:00,419.617520969
10/03/2016 07:00,416.999956312
10/03/2016 08:00,416.117699044
10/03/2016 09:00,417.309149213
10/03/2016 10:00,418.490527952
10/03/2016 11:00,408.843105155
10/03/2016 12:00,405.787433293
10/03/2016 13:00,405.65549756
10/03/2016 14:00,406.002961895
10/03/2016 15:00,405.918361883
10/03/2016 16:00,408.726276567
10/03/2016 17:00,412.686362843
10/03/2016 18:00,412.893834301
10/03/2016 19:00,415.34421322
10/03/2016 20:00,418.622463685
10/03/2016 21:00,421.202764051
10/03/2016 22:00,415.655420407
10/03/2016 23:00,415.956556164
10/04/2016 00:00,415.699734699
10/04/2016 01:00,417.794592139
10/04/2016 02:00,419.455370946
10/04/2016 03:00,419.063592319
10/04/2016 04:00,419.412063797
10/04/2016 05:00,424.341021639
10/04/2016 06:00,425.129614608
10/04/2016 07:00,423.776014416
10/04/2016 08:00,425.080264601
10/04/2016 09:00,426.162943326
10/04/2016 10:00,419.598385252
10/04/2016 11:00,413.748898708
10/04/2016 12:00,407.024204897
10/04/2016 13:00,406.333304799
10/04/2016 14:00,406.880183448
10/04/2016 15:00,406.024111898
10/04/2016 16:00,405.268754648
10/04/2016 17:00,405.254654646
10/04/2016 18:00,405.44399753
10/04/2016 19:00,405.818654726
10/04/2016 20:00,406.500490537
10/04/2016 21:00,406.721054854
10/04/2016 22:00,406.850976301
10/04/2016 23:00,406.844933443
10/05/2016 00:00,408.034369326
10/05/2016 01:00,409.153305199
10/05/2016 02:00,409.290276647
10/05/2016 03:00,410.263176785
10/05/2016 04:00,410.829191151
10/05/2016 05:00,411.15449834
10/05/2016 06:00,412.223077063
10/05/2016 07:00,410.535105395
10/05/2016 08:00,410.664019699
10/05/2016 09:00,411.364991227
10/05/2016 10:00,410.986305459
10/05/2016 11:00,409.954991027
10/05/2016 12:00,408.490605105
10/05/2016 13:00,406.011019039
10/05/2016 14:00,405.305011796
10/05/2016 15:00,405.251633217
10/05/2016 16:00,405.209333211
10/05/2016 17:00,405.278826078
10/05/2016 18:00,405.510468968
10/05/2016 19:00,406.231583356
10/05/2016 20:00,407.53885497
10/05/2016 21:00,408.154219343
10/05/2016 22:00,408.741383712
10/05/2016 23:00,410.525033965
10/06/2016 00:00,416.481277667
10/06/2016 01:00,421.232978341
10/06/2016 02:00,426.591986244
10/06/2016 03:00,427.146922037
10/06/2016 04:00,428.43707222
10/06/2016 05:00,426.616157676
10/06/2016 06:00,428.550879379
10/06/2016 07:00,420.634735399
10/06/2016 08:00,423.731700124
10/06/2016 09:00,422.721535695
10/06/2016 10:00,423.101228606
10/06/2016 11:00,420.807963995
10/06/2016 12:00,418.303199354
10/06/2016 13:00,412.156605625
10/06/2016 14:00,409.884491017
10/06/2016 15:00,410.360869656
10/06/2016 16:00,410.919834021
10/06/2016 17:00,411.502969818
10/06/2016 18:00,411.458655526
10/06/2016 19:00,411.22499835
10/06/2016 20:00,411.773891285
10/06/2016 21:00,413.953348737
10/06/2016 22:00,417.216492057
10/06/2016 23:00,418.096735039
10/07/2016 00:00,423.930107295
10/07/2016 01:00,427.195264901
10/07/2016 02:00,426.798450559
10/07/2016 03:00,431.862365563
10/07/2016 04:00,431.671008393
10/07/2016 05:00,426.478179085
10/07/2016 06:00,430.728322545
10/07/2016 07:00,425.282700344
10/07/2016 08:00,424.225200194
10/07/2016 09:00,427.857964995
10/07/2016 10:00,431.693165539
10/07/2016 11:00,426.72492912
10/07/2016 12:00,421.737556984
10/07/2016 13:00,429.259908051
10/07/2016 14:00,425.438807509
10/07/2016 15:00,421.25614263
10/07/2016 16:00,419.012228026
10/07/2016 17:00,414.189020199
10/07/2016 18:00,414.450877379
10/07/2016 19:00,413.809327288
10/07/2016 20:00,418.012135027
10/07/2016 21:00,417.37864208
10/07/2016 22:00,420.63171397
10/07/2016 23:00,419.096828038
10/08/2016 00:00,417.743227846
10/08/2016 01:00,421.071835461
10/08/2016 02:00,421.942007013
10/08/2016 03:00,424.213114478
10/08/2016 04:00,429.279043768
10/08/2016 05:00,435.11443031
10/08/2016 06:00,434.853580273
10/08/2016 07:00,430.930758288
10/08/2016 08:00,431.432315502
10/08/2016 09:00,434.292601622
10/08/2016 10:00,425.130621751
10/08/2016 11:00,427.639414964
10/08/2016 12:00,428.201400758
10/08/2016 13:00,413.356112938
10/08/2016 14:00,414.964520309
10/08/2016 15:00,410.952062597
10/08/2016 16:00,408.01221218
10/08/2016 17:00,408.900512306
10/08/2016 18:00,409.756583856
10/08/2016 19:00,411.734612708
10/08/2016 20:00,415.880013296
10/08/2016 21:00,417.632442116
10/08/2016 22:00,421.194706907
10/08/2016 23:00,418.115870756
10/09/2016 00:00,411.565412684
10/09/2016 01:00,413.890905871
10/09/2016 02:00,415.577870396
10/09/2016 03:00,418.934678015
10/09/2016 04:00,429.047400878
10/09/2016 05:00,434.491008793
10/09/2016 06:00,431.665972678
10/09/2016 07:00,427.244614908
10/09/2016 08:00,421.504906951
10/09/2016 09:00,416.740113418
10/09/2016 10:00,412.088119901
10/09/2016 11:00,411.526134107
10/09/2016 12:00,409.607526692
10/09/2016 13:00,406.767383432
10/09/2016 14:00,405.791461865
10/09/2016 15:00,405.452054674
10/09/2016 16:00,405.804554724
10/09/2016 17:00,405.946561887
10/09/2016 18:00,405.398676095
10/09/2016 19:00,405.600104695
10/09/2016 20:00,406.055333331
10/09/2016 21:00,406.332297656
10/09/2016 22:00,406.496461965
10/09/2016 23:00,406.416897668
10/10/2016 00:00,408.591319405
10/10/2016 01:00,408.80785515
10/10/2016 02:00,408.669876559
10/10/2016 03:00,410.413241092
10/10/2016 04:00,410.410219663
10/10/2016 05:00,408.846126584
10/10/2016 06:00,408.433197954
10/10/2016 07:00,409.680040988
10/10/2016 08:00,407.007083466
10/10/2016 09:00,406.772419147
10/10/2016 10:00,406.817740582
10/10/2016 11:00,406.429990527
10/10/2016 12:00,406.638469128
10/10/2016 13:00,406.621347697
10/10/2016 14:00,406.450133387
10/10/2016 15:00,405.922390455
10/10/2016 16:00,405.849876159
10/10/2016 17:00,406.049290473
10/10/2016 18:00,407.177290633
10/10/2016 19:00,407.582162119
10/10/2016 20:00,408.262990787
10/10/2016 21:00,409.365812372
10/10/2016 22:00,409.686083846
10/10/2016 23:00,409.314448079
10/11/2016 00:00,410.615676835
10/11/2016 01:00,410.071819615
10/11/2016 02:00,409.617598122
10/11/2016 03:00,410.603591119
10/11/2016 04:00,409.831112438
10/11/2016 05:00,411.179676915
10/11/2016 06:00,410.406191091
10/11/2016 07:00,407.756397858
10/11/2016 08:00,406.907376309
10/11/2016 09:00,407.449219243
10/11/2016 10:00,407.847040728
10/11/2016 11:00,407.581154976
10/11/2016 12:00,407.554969258
10/11/2016 13:00,407.05542633
10/11/2016 14:00,406.030154756
10/11/2016 15:00,405.921383312
10/11/2016 16:00,405.879083306
10/11/2016 17:00,407.07556919
10/11/2016 18:00,407.17628349
10/11/2016 19:00,407.678847847
10/11/2016 20:00,407.83092644
10/11/2016 21:00,408.044440756
10/11/2016 22:00,409.471562387
10/11/2016 23:00,409.401062377
10/12/2016 00:00,407.989047891
10/12/2016 01:00,409.894562447
10/12/2016 02:00,409.615583836
10/12/2016 03:00,411.388155516
10/12/2016 04:00,412.168691341
10/12/2016 05:00,413.74285585
10/12/2016 06:00,415.24349892
10/12/2016 07:00,413.886877299
10/12/2016 08:00,414.441813092
10/12/2016 09:00,412.888798586
10/12/2016 10:00,412.907934303
10/12/2016 11:00,412.240198494
10/12/2016 12:00,410.5703554
10/12/2016 13:00,409.473576673
10/12/2016 14:00,409.611555264
10/12/2016 15:00,409.508826678
10/12/2016 16:00,409.417176665
10/12/2016 17:00,408.846126584
10/12/2016 18:00,409.665940986
10/12/2016 19:00,409.084819475
10/12/2016 20:00,409.485662389
10/12/2016 21:00,408.851162299
10/12/2016 22:00,409.550119541
10/12/2016 23:00,412.6853557
10/13/2016 00:00,414.926248875
10/13/2016 01:00,412.652119981
10/13/2016 02:00,407.258869216
10/13/2016 03:00,409.806941006
10/13/2016 04:00,409.513862393
10/13/2016 05:00,412.904912874
10/13/2016 06:00,418.175292193
10/13/2016 07:00,414.92121316
10/13/2016 08:00,409.335598082
10/13/2016 09:00,410.128219623
10/13/2016 10:00,407.471376389
10/13/2016 11:00,405.802540438
10/13/2016 12:00,405.05121176
10/13/2016 13:00,404.76921172
10/13/2016 14:00,404.77928315
10/13/2016 15:00,404.705761711
10/13/2016 16:00,404.997833181
10/13/2016 17:00,405.467161819
10/13/2016 18:00,405.345297516
10/13/2016 19:00,405.01092604
10/13/2016 20:00,404.683604565
10/13/2016 21:00,404.670511706
10/13/2016 22:00,404.864890305
10/13/2016 23:00,404.545625974
10/14/2016 00:00,404.662454562
10/14/2016 01:00,404.737990287
10/14/2016 02:00,404.748061717
10/14/2016 03:00,404.690654566
10/14/2016 04:00,404.657418847
10/14/2016 05:00,405.280840364
10/14/2016 06:00,406.503511966
10/14/2016 07:00,406.826804869
10/14/2016 08:00,406.918454882
10/14/2016 09:00,408.428162239
10/14/2016 10:00,406.454161959
10/14/2016 11:00,406.781483434
10/14/2016 12:00,406.473297676
10/14/2016 13:00,406.581061977
10/14/2016 14:00,406.850976301
10/14/2016 15:00,406.462219103
10/14/2016 16:00,406.701919137
10/14/2016 17:00,407.42806924
10/14/2016 18:00,407.648633557
10/14/2016 19:00,407.296133507
10/14/2016 20:00,409.067698044
10/14/2016 21:00,408.695055134
10/14/2016 22:00,412.287534215
10/14/2016 23:00,409.348690941
10/15/2016 00:00,408.229755068
10/15/2016 01:00,408.524847967
10/15/2016 02:00,409.556162399
10/15/2016 03:00,409.198626634
10/15/2016 04:00,408.165297916
10/15/2016 05:00,408.318383652
10/15/2016 06:00,410.193683918
10/15/2016 07:00,410.37899823
10/15/2016 08:00,407.672804989
10/15/2016 09:00,407.050390615
10/15/2016 10:00,406.724076283
10/15/2016 11:00,406.804647723
10/15/2016 12:00,406.528690541
10/15/2016 13:00,406.715011996
10/15/2016 14:00,406.644511986
10/15/2016 15:00,406.298054794
10/15/2016 16:00,406.529697684
10/15/2016 17:00,406.709976281
10/15/2016 18:00,406.858026302
10/15/2016 19:00,409.408112378
10/15/2016 20:00,409.15028377
10/15/2016 21:00,410.05671247
10/15/2016 22:00,408.857205157
10/15/2016 23:00,410.093976761
10/16/2016 00:00,409.419190951
10/16/2016 01:00,413.287627214
10/16/2016 02:00,410.641862553
10/16/2016 03:00,415.73699899
10/16/2016 04:00,413.841555864
10/16/2016 05:00,415.337163219
10/16/2016 06:00,414.707698844
10/16/2016 07:00,413.204034345
10/16/2016 08:00,414.089313042
10/16/2016 09:00,409.968083886
10/16/2016 10:00,408.86828373
10/16/2016 11:00,408.441255098
10/16/2016 12:00,407.403897808
10/16/2016 13:00,407.394833521
10/16/2016 14:00,407.408933523
10/16/2016 15:00,407.25685493
10/16/2016 16:00,406.887233449
10/16/2016 17:00,406.797597722
10/16/2016 18:00,406.790547721
10/16/2016 19:00,406.742204857
10/16/2016 20:00,406.554876259
10/16/2016 21:00,406.472290533
10/16/2016 22:00,406.916440596
10/16/2016 23:00,415.107534615
10/17/2016 00:00,418.322335071
10/17/2016 01:00,409.62364098
10/17/2016 02:00,406.770404861
10/17/2016 03:00,407.798697864
10/17/2016 04:00,407.80071215
10/17/2016 05:00,407.920562167
10/17/2016 06:00,411.651019839
10/17/2016 07:00,427.649486394
10/17/2016 08:00,414.734891705
10/17/2016 09:00,410.601576833
10/17/2016 10:00,408.569162259
10/17/2016 11:00,408.417083666
10/17/2016 12:00,407.806755008
10/17/2016 13:00,407.686904991
10/17/2016 14:00,407.787619291
10/17/2016 15:00,407.621440696
10/17/2016 16:00,407.685897848
10/17/2016 17:00,408.513769394
10/17/2016 18:00,410.075848187
10/17/2016 19:00,410.796962575
10/17/2016 20:00,416.771334851
10/17/2016 21:00,411.756769854
10/17/2016 22:00,425.864828998
10/17/2016 23:00,417.054342034
10/18/2016 00:00,422.326735639
10/18/2016 01:00,420.906664009
10/18/2016 02:00,428.861079423
10/18/2016 03:00,418.06349932
10/18/2016 04:00,421.982292733
10/18/2016 05:00,427.531650663
10/18/2016 06:00,435.447794643
10/18/2016 07:00,426.620186248
10/18/2016 08:00,426.415736219
10/18/2016 09:00,425.832600422
10/18/2016 10:00,416.827734859
10/18/2016 11:00,413.991620171
10/18/2016 12:00,414.314913074
10/18/2016 13:00,413.204034345
10/18/2016 14:00,408.602397978
10/18/2016 15:00,407.410947809
10/18/2016 16:00,407.461304959
10/18/2016 17:00,408.251912214
10/18/2016 18:00,407.93164074
10/18/2016 19:00,408.863248015
10/18/2016 20:00,409.848233869
10/18/2016 21:00,411.071912614
10/18/2016 22:00,413.286620071
10/18/2016 23:00,419.547020959
10/19/2016 00:00,425.442836081
10/19/2016 01:00,430.523872516
10/19/2016 02:00,442.677067097
10/19/2016 03:00,443.478752925
10/19/2016 04:00,438.729066537
10/19/2016 05:00,437.357337771
10/19/2016 06:00,438.916395135
10/19/2016 07:00,437.968673572
10/19/2016 08:00,429.425079503
10/19/2016 09:00,427.231522049
10/19/2016 10:00,427.091529172
10/19/2016 11:00,426.423793363
10/19/2016 12:00,422.432485654
10/19/2016 13:00,420.653871116
10/19/2016 14:00,415.544634677
10/19/2016 15:00,411.32571265
10/19/2016 16:00,409.463505243
10/19/2016 17:00,409.343655226
10/19/2016 18:00,408.944826598
10/19/2016 19:00,410.582441116
10/19/2016 20:00,411.471748385
10/19/2016 21:00,419.469470948
10/19/2016 22:00,412.261348497
10/19/2016 23:00,418.384777937
10/20/2016 00:00,448.280810749
10/20/2016 01:00,439.239688038
10/20/2016 02:00,447.76414639
10/20/2016 03:00,455.590654643
10/20/2016 04:00,454.604661646
10/20/2016 05:00,456.64714765
10/20/2016 06:00,452.493689918
10/20/2016 07:00,448.044132144
10/20/2016 08:00,442.180545598
10/20/2016 09:00,443.560331508
10/20/2016 10:00,445.934167559
10/20/2016 11:00,440.241795323
10/20/2016 12:00,420.505821095
10/20/2016 13:00,412.170705627
10/20/2016 14:00,409.5632124
10/20/2016 15:00,408.749440856
10/20/2016 16:00,408.169326488
10/20/2016 17:00,408.111919337
10/20/2016 18:00,408.456362243
10/20/2016 19:00,408.930726596
10/20/2016 20:00,409.132155196
10/20/2016 21:00,411.042705467
10/20/2016 22:00,411.626848407
10/20/2016 23:00,412.888798586
10/21/2016 00:00,429.190415184
10/21/2016 01:00,428.686843684
10/21/2016 02:00,430.781701124
10/21/2016 03:00,419.041435173
10/21/2016 04:00,427.40978636
10/21/2016 05:00,432.507944226
10/21/2016 06:00,432.237022759
10/21/2016 07:00,427.431943506
10/21/2016 08:00,427.590064957
10/21/2016 09:00,427.458129224
10/21/2016 10:00,430.318415344
10/21/2016 11:00,424.276564487
10/21/2016 12:00,410.905734019
10/21/2016 13:00,412.487955672
10/21/2016 14:00,409.924776737
10/21/2016 15:00,408.168319345
10/21/2016 16:00,408.536933683
10/21/2016 17:00,409.349698084
10/21/2016 18:00,409.680040988
10/21/2016 19:00,410.272241072
10/21/2016 20:00,410.834226866
10/21/2016 21:00,410.565319685
10/21/2016 22:00,410.98328403
10/21/2016 23:00,410.734519709
10/22/2016 00:00,412.815277147
10/22/2016 01:00,420.917742582
10/22/2016 02:00,423.679328688
10/22/2016 03:00,419.062585176
10/22/2016 04:00,422.950157156
10/22/2016 05:00,444.384174482
10/22/2016 06:00,444.17871731
10/22/2016 07:00,440.125973878
10/22/2016 08:00,430.524879659
10/22/2016 09:00,430.331508203
10/22/2016 10:00,424.547485954
10/22/2016 11:00,424.074128744
10/22/2016 12:00,420.618621111
10/22/2016 13:00,413.504162959
10/22/2016 14:00,410.496833961
10/22/2016 15:00,408.93878374
10/22/2016 16:00,409.097912334
10/22/2016 17:00,409.386962375
10/22/2016 18:00,409.500769534
10/22/2016 19:00,410.382019659
10/22/2016 20:00,415.566791823
10/22/2016 21:00,424.319871636
10/22/2016 22:00,423.093171462
10/22/2016 23:00,426.373436213
10/23/2016 00:00,435.666344674
10/23/2016 01:00,434.466837361
10/23/2016 02:00,434.994580293
10/23/2016 03:00,435.740873256
10/23/2016 04:00,433.534222943
10/23/2016 05:00,430.895508283
10/23/2016 06:00,431.864379849
10/23/2016 07:00,428.530736519
10/23/2016 08:00,424.212107335
10/23/2016 09:00,424.316850207
10/23/2016 10:00,415.401620371
10/23/2016 11:00,410.58042683
10/23/2016 12:00,407.633526412
10/23/2016 13:00,407.371669232
10/23/2016 14:00,407.257862073
10/23/2016 15:00,407.120890625
10/23/2016 16:00,408.212633637
10/23/2016 17:00,414.572741682
10/23/2016 18:00,415.008834601
10/23/2016 19:00,412.838441436
10/23/2016 20:00,411.815184148
10/23/2016 21:00,410.128219623
10/23/2016 22:00,410.594526832
10/23/2016 23:00,410.44949824
10/24/2016 00:00,408.744405141
10/24/2016 01:00,408.939790883
10/24/2016 02:00,410.460576813
10/24/2016 03:00,411.027598322
10/24/2016 04:00,411.772884142
10/24/2016 05:00,410.515969678
10/24/2016 06:00,409.991248175
10/24/2016 07:00,NaN
10/24/2016 08:00,408.12299791
10/24/2016 09:00,407.40792638
10/24/2016 10:00,407.159162059
10/24/2016 11:00,407.188369206
10/24/2016 12:00,407.066504903
10/24/2016 13:00,407.067512046
10/24/2016 14:00,407.033269184
10/24/2016 15:00,407.104776337
10/24/2016 16:00,407.218583496
10/24/2016 17:00,407.510654966
10/24/2016 18:00,408.23378364
10/24/2016 19:00,410.010383892
10/24/2016 20:00,411.175648343
10/24/2016 21:00,419.104885182
10/24/2016 22:00,415.050127464
10/24/2016 23:00,420.517906811
10/25/2016 00:00,419.961963875
10/25/2016 01:00,420.757606845
10/25/2016 02:00,424.220164479
10/25/2016 03:00,423.937157296
10/25/2016 04:00,422.681249975
10/25/2016 05:00,420.801921137
10/25/2016 06:00,418.504627954
10/25/2016 07:00,415.798434713
10/25/2016 08:00,409.282219503
10/25/2016 09:00,409.17042663
10/25/2016 10:00,408.399962235
10/25/2016 11:00,408.471469388
10/25/2016 12:00,408.286155076
10/25/2016 13:00,407.334404941
10/25/2016 14:00,407.092690621
10/25/2016 15:00,407.304190651
10/25/2016 16:00,407.507633537
10/25/2016 17:00,407.423033525
10/25/2016 18:00,407.828912154
10/25/2016 19:00,407.912505023
10/25/2016 20:00,409.093883762
10/25/2016 21:00,409.167405201
10/25/2016 22:00,409.356748085
10/25/2016 23:00,409.999305319
10/26/2016 00:00,409.90564102
10/26/2016 01:00,409.326533795
10/26/2016 02:00,408.441255098
10/26/2016 03:00,409.395019519
10/26/2016 04:00,409.463505243
10/26/2016 05:00,408.792748005
10/26/2016 06:00,410.393098232
10/26/2016 07:00,410.041605325
10/26/2016 08:00,409.249990927
10/26/2016 09:00,407.459290673
10/26/2016 10:00,407.499576393
10/26/2016 11:00,411.125291193
10/26/2016 12:00,411.893741302
10/26/2016 13:00,409.290276647
10/26/2016 14:00,407.541876399
10/26/2016 15:00,407.638562127
10/26/2016 16:00,408.975040888
10/26/2016 17:00,414.297791643
10/26/2016 18:00,419.216678055
10/26/2016 19:00,419.291206637
10/26/2016 20:00,423.898885862
10/26/2016 21:00,421.020471168
10/26/2016 22:00,428.022129304
10/26/2016 23:00,444.587617368
10/27/2016 00:00,433.475808649
10/27/2016 01:00,438.396709347
10/27/2016 02:00,438.643459382
10/27/2016 03:00,441.145202594
10/27/2016 04:00,450.42300391
10/27/2016 05:00,429.529822375
10/27/2016 06:00,439.297095189
10/27/2016 07:00,449.786489534
10/27/2016 08:00,421.243049771
10/27/2016 09:00,413.824434433
10/27/2016 10:00,415.318027502
10/27/2016 11:00,415.491256098
10/27/2016 12:00,409.63371241
10/27/2016 13:00,410.717398278
10/27/2016 14:00,410.154405341
10/27/2016 15:00,412.290555644
10/27/2016 16:00,416.037127604
10/27/2016 17:00,413.793213
10/27/2016 18:00,417.579063537
10/27/2016 19:00,420.639771114
10/27/2016 20:00,423.132450039
10/27/2016 21:00,425.957486154
10/27/2016 22:00,428.328300776
10/27/2016 23:00,435.136587456
10/28/2016 00:00,426.420771934
10/28/2016 01:00,427.465179225
10/28/2016 02:00,433.842408701
10/28/2016 03:00,438.779423687
10/28/2016 04:00,436.167901888
10/28/2016 05:00,411.734612708
10/28/2016 06:00,412.033734179
10/28/2016 07:00,410.301448219
10/28/2016 08:00,412.616869976
10/28/2016 09:00,412.973398598
10/28/2016 10:00,407.096719193
10/28/2016 11:00,406.525669112
10/28/2016 12:00,415.15285605
10/28/2016 13:00,421.523035525
10/28/2016 14:00,418.126949329
10/28/2016 15:00,415.513413244
10/28/2016 16:00,413.690484414
10/28/2016 17:00,413.29971293
10/28/2016 18:00,419.115963755
10/28/2016 19:00,423.132450039
10/28/2016 20:00,424.268507343
10/28/2016 21:00,427.727036405
10/28/2016 22:00,423.722635837
10/28/2016 23:00,419.899521009
10/29/2016 00:00,409.594433833
10/29/2016 01:00,407.74028357
10/29/2016 02:00,409.083812332
10/29/2016 03:00,412.935127164
10/29/2016 04:00,413.101305759
10/29/2016 05:00,410.265191071
10/29/2016 06:00,408.922669452
10/29/2016 07:00,408.025305039
10/29/2016 08:00,408.033362183
10/29/2016 09:00,408.046455042
10/29/2016 10:00,407.927612168
10/29/2016 11:00,407.519719253
10/29/2016 12:00,407.394833521
10/29/2016 13:00,407.10578348
10/29/2016 14:00,407.441162099
10/29/2016 15:00,407.504612108
10/29/2016 16:00,407.860133587
10/29/2016 17:00,408.401976521
10/29/2016 18:00,410.706319705
10/29/2016 19:00,415.603048971
10/29/2016 20:00,414.831577433
10/29/2016 21:00,420.969106875
10/29/2016 22:00,420.846235429
10/29/2016 23:00,419.929735299
10/30/2016 00:00,412.820312862
10/30/2016 01:00,408.124005053
10/30/2016 02:00,408.83806944
10/30/2016 03:00,408.714190851
10/30/2016 04:00,408.409026522
10/30/2016 05:00,408.376797946
10/30/2016 06:00,407.955812172
10/30/2016 07:00,407.750355
10/30/2016 08:00,408.338526512
10/30/2016 09:00,408.350612228
10/30/2016 10:00,407.68992642
10/30/2016 11:00,407.747333571
10/30/2016 12:00,407.892362163
10/30/2016 13:00,407.969912174
10/30/2016 14:00,408.054512186
10/30/2016 15:00,408.058540758
10/30/2016 16:00,408.308312222
10/30/2016 17:00,408.456362243
10/30/2016 18:00,409.377898088
10/30/2016 19:00,409.360776657
10/30/2016 20:00,409.025398038
10/30/2016 21:00,409.339626654
10/30/2016 22:00,409.440340954
10/30/2016 23:00,409.775719573
10/31/2016 00:00,412.368105655
10/31/2016 01:00,422.710457122
10/31/2016 02:00,434.048873016
10/31/2016 03:00,428.023136447
10/31/2016 04:00,423.354021499
10/31/2016 05:00,429.139050891
10/31/2016 06:00,435.566637517
10/31/2016 07:00,430.935794003
10/31/2016 08:00,432.309537055
10/31/2016 09:00,426.568821955
10/31/2016 10:00,421.197728336
10/31/2016 11:00,418.153135047
10/31/2016 12:00,411.385134087
10/31/2016 13:00,409.868376729
10/31/2016 14:00,409.877441016
10/31/2016 15:00,409.861326728
10/31/2016 16:00,411.935034165
10/31/2016 17:00,412.747798566
10/31/2016 18:00,408.970005173
10/31/2016 19:00,408.696062277
10/31/2016 20:00,408.590312262
10/31/2016 21:00,408.534919397
10/31/2016 22:00,408.639662269
10/31/2016 23:00,408.906555164
11/01/2016 00:00,408.733326568
11/01/2016 01:00,408.464419387
11/01/2016 02:00,408.699083706
11/01/2016 03:00,409.699176705
11/01/2016 04:00,410.359862513
11/01/2016 05:00,412.086105615
11/01/2016 06:00,413.726741562
11/01/2016 07:00,415.871956152
11/01/2016 08:00,412.791105715
11/01/2016 09:00,411.70842699
11/01/2016 10:00,410.049662469
11/01/2016 11:00,409.69414099
11/01/2016 12:00,409.821041008
11/01/2016 13:00,409.577312402
11/01/2016 14:00,408.813898008
11/01/2016 15:00,409.205676635
11/01/2016 16:00,410.232962495
11/01/2016 17:00,410.322598222
11/01/2016 18:00,410.341733939
11/01/2016 19:00,411.327726936
11/01/2016 20:00,417.450149233
11/01/2016 21:00,428.821800846
11/01/2016 22:00,437.645380669
11/01/2016 23:00,430.021308159
11/02/2016 00:00,434.707544538
11/02/2016 01:00,436.254516186
11/02/2016 02:00,435.42664464
11/02/2016 03:00,436.99778772
11/02/2016 04:00,439.890302416
11/02/2016 05:00,438.413830778
11/02/2016 06:00,436.984694861
11/02/2016 07:00,433.88571585
11/02/2016 08:00,428.202407901
11/02/2016 09:00,430.519843944
11/02/2016 10:00,426.035036165
11/02/2016 11:00,416.893199154
11/02/2016 12:00,416.540699104
11/02/2016 13:00,420.69214255
11/02/2016 14:00,422.059842744
11/02/2016 15:00,423.363085786
11/02/2016 16:00,426.967650583
11/02/2016 17:00,426.852836281
11/02/2016 18:00,428.246722193
11/02/2016 19:00,432.723472828
11/02/2016 20:00,436.023880439
11/02/2016 21:00,435.392401778
11/02/2016 22:00,439.339395195
11/02/2016 23:00,441.286202614
11/03/2016 00:00,437.936444996
11/03/2016 01:00,437.388559204
11/03/2016 02:00,441.878402698
11/03/2016 03:00,446.212139027
11/03/2016 04:00,448.41878934
11/03/2016 05:00,443.757731536
11/03/2016 06:00,451.335475468
11/03/2016 07:00,448.452025059
11/03/2016 08:00,448.646403658
11/03/2016 09:00,449.119760868
11/03/2016 10:00,434.072037305
11/03/2016 11:00,438.091545018
11/03/2016 12:00,438.566916514
11/03/2016 13:00,438.621302236
11/03/2016 14:00,431.96207272
11/03/2016 15:00,426.107550461
11/03/2016 16:00,421.752664129
11/03/2016 17:00,426.978729156
11/03/2016 18:00,428.435057934
11/03/2016 19:00,429.991093869
11/03/2016 20:00,445.825396115
11/03/2016 21:00,449.291982321
11/03/2016 22:00,453.179554301
11/03/2016 23:00,444.303603042
11/04/2016 00:00,437.226409181
11/04/2016 01:00,435.614980381
11/04/2016 02:00,440.036338151
11/04/2016 03:00,437.154902028
11/04/2016 04:00,437.121666309
11/04/2016 05:00,437.059223443
11/04/2016 06:00,429.87728671
11/04/2016 07:00,432.865479991
11/04/2016 08:00,432.564344234
11/04/2016 09:00,433.803130124
11/04/2016 10:00,430.019293873
11/04/2016 11:00,426.635293393
11/04/2016 12:00,424.421593079
11/04/2016 13:00,423.87471443
11/04/2016 14:00,423.127414324
11/04/2016 15:00,418.547935103
11/04/2016 16:00,418.396863653
11/04/2016 17:00,418.845042288
11/04/2016 18:00,413.120441476
11/04/2016 19:00,413.502148673
11/04/2016 20:00,412.993541458
11/04/2016 21:00,413.875798726
11/04/2016 22:00,429.181350897
11/04/2016 23:00,439.461259498
11/05/2016 00:00,435.444773214
11/05/2016 01:00,448.141825015
11/05/2016 02:00,444.172674452
11/05/2016 03:00,437.643366383
11/05/2016 04:00,443.243081463
11/05/2016 05:00,449.298025179
11/05/2016 06:00,452.921725693
11/05/2016 07:00,446.049989004
11/05/2016 08:00,432.587508523
11/05/2016 09:00,429.672836681
11/05/2016 10:00,424.336993067
11/05/2016 11:00,413.435677235
11/05/2016 12:00,413.222162919
11/05/2016 13:00,413.966441596
11/05/2016 14:00,414.675470268
11/05/2016 15:00,413.375248655
11/05/2016 16:00,412.052869896
11/05/2016 17:00,415.104513186
11/05/2016 18:00,418.727206557
11/05/2016 19:00,408.171340774
11/05/2016 20:00,407.283040648
11/05/2016 21:00,408.876340874
11/05/2016 22:00,412.31271279
11/05/2016 23:00,409.095898048
11/06/2016 00:00,408.6567837
11/06/2016 01:00,406.578040548
11/06/2016 02:00,406.168133347
11/06/2016 03:00,406.33028337
11/06/2016 04:00,406.544804829
11/06/2016 05:00,406.777454862
11/06/2016 06:00,407.051397758
11/06/2016 07:00,407.766469288
11/06/2016 08:00,408.085733619
11/06/2016 09:00,407.996097892
11/06/2016 10:00,407.35756923
11/06/2016 11:00,407.470369246
11/06/2016 12:00,407.408933523
11/06/2016 13:00,407.45828353
11/06/2016 14:00,407.106790623
11/06/2016 15:00,407.680862133
11/06/2016 16:00,409.773705287
11/06/2016 17:00,414.114491617
11/06/2016 18:00,418.844035145
11/06/2016 19:00,431.237936903
11/06/2016 20:00,439.254795183
11/06/2016 21:00,431.923801286
11/06/2016 22:00,441.306345474
11/06/2016 23:00,429.644636677
11/07/2016 00:00,423.553435813
11/07/2016 01:00,428.926543718
11/07/2016 02:00,419.37278522
11/07/2016 03:00,421.657992687
11/07/2016 04:00,424.446771654
11/07/2016 05:00,427.88314357
11/07/2016 06:00,428.500522229
11/07/2016 07:00,426.642343394
11/07/2016 08:00,424.950343154
11/07/2016 09:00,421.838271284
11/07/2016 10:00,417.376627794
11/07/2016 11:00,417.994006453
11/07/2016 12:00,418.358592219
11/07/2016 13:00,421.42735694
11/07/2016 14:00,428.731157976
11/07/2016 15:00,428.168165039
11/07/2016 16:00,428.232622191
11/07/2016 17:00,435.339023199
11/07/2016 18:00,435.28564462
11/07/2016 19:00,433.183737179
11/07/2016 20:00,436.815494837
11/07/2016 21:00,452.45743277
11/07/2016 22:00,447.521424927
11/07/2016 23:00,432.651965675
11/08/2016 00:00,428.539800806
11/08/2016 01:00,431.828122701
11/08/2016 02:00,431.595472668
11/08/2016 03:00,430.925722573
11/08/2016 04:00,430.902558284
11/08/2016 05:00,448.98278942
11/08/2016 06:00,449.871089546
11/08/2016 07:00,447.626167799
11/08/2016 08:00,440.625516806
11/08/2016 09:00,441.878402698
11/08/2016 10:00,426.448971938
11/08/2016 11:00,420.06771389
11/08/2016 12:00,420.15835676
11/08/2016 13:00,424.786178845
11/08/2016 14:00,427.6917864
11/08/2016 15:00,429.643629534
11/08/2016 16:00,429.203508043
11/08/2016 17:00,425.124578893
11/08/2016 18:00,423.651128684
11/08/2016 19:00,423.382221503
11/08/2016 20:00,418.248813632
11/08/2016 21:00,418.943742302
11/08/2016 22:00,420.872421147
11/08/2016 23:00,421.540156956
11/09/2016 00:00,420.757606845
11/09/2016 01:00,423.67328583
11/09/2016 02:00,439.386730916
11/09/2016 03:00,447.370353477
11/09/2016 04:00,445.138524589
11/09/2016 05:00,451.597332648
11/09/2016 06:00,456.967419124
11/09/2016 07:00,460.743198231
11/09/2016 08:00,457.880897825
11/09/2016 09:00,450.084603862
11/09/2016 10:00,448.163982161
11/09/2016 11:00,443.474724353
11/09/2016 12:00,434.482951649
11/09/2016 13:00,434.029737299
11/09/2016 14:00,434.161673032
11/09/2016 15:00,426.508393375
11/09/2016 16:00,423.795150133
11/09/2016 17:00,419.647735259
11/09/2016 18:00,413.727748705
11/09/2016 19:00,413.089220043
11/09/2016 20:00,420.384963935
11/09/2016 21:00,414.775177425
11/09/2016 22:00,413.791198714
11/09/2016 23:00,419.279120921
11/10/2016 00:00,417.787542138
11/10/2016 01:00,420.965078303
11/10/2016 02:00,427.398707787
11/10/2016 03:00,424.713664549
11/10/2016 04:00,428.654615108
11/10/2016 05:00,437.725952109
11/10/2016 06:00,454.110154433
11/10/2016 07:00,456.21407616
11/10/2016 08:00,441.294259758
11/10/2016 09:00,440.121945306
11/10/2016 10:00,442.300395615
11/10/2016 11:00,441.128081163
11/10/2016 12:00,435.03385887
11/10/2016 13:00,441.281166899
11/10/2016 14:00,442.140259878
11/10/2016 15:00,443.924917274
11/10/2016 16:00,434.447701644
11/10/2016 17:00,430.940829718
11/10/2016 18:00,428.695907971
11/10/2016 19:00,431.70021554
11/10/2016 20:00,425.213207477
11/10/2016 21:00,423.202950049
11/10/2016 22:00,426.773271984
11/10/2016 23:00,430.226765331
11/11/2016 00:00,450.707018236
11/11/2016 01:00,450.539832498
11/11/2016 02:00,462.715184225
11/11/2016 03:00,471.145978278
11/11/2016 04:00,473.08372141
11/11/2016 05:00,470.879085383
11/11/2016 06:00,460.90736254
11/11/2016 07:00,463.614562924
11/11/2016 08:00,456.585711927
11/11/2016 09:00,449.853968115
11/11/2016 10:00,437.484237789
11/11/2016 11:00,446.085239009
11/11/2016 12:00,437.084402018
11/11/2016 13:00,433.658101532
11/11/2016 14:00,434.004558724
11/11/2016 15:00,432.925908571
11/11/2016 16:00,432.389101352
11/11/2016 17:00,441.165345454
11/11/2016 18:00,434.437630214
11/11/2016 19:00,424.199014476
11/11/2016 20:00,430.446322505
11/11/2016 21:00,445.738781817
11/11/2016 22:00,426.03000045
11/11/2016 23:00,422.531185668
11/12/2016 00:00,417.531727816
11/12/2016 01:00,425.789293273
11/12/2016 02:00,429.769522409
11/12/2016 03:00,432.663044248
11/12/2016 04:00,435.452830358
11/12/2016 05:00,435.481030362
11/12/2016 06:00,432.220908471
11/12/2016 07:00,425.338093209
11/12/2016 08:00,419.552056674
11/12/2016 09:00,415.28378464
11/12/2016 10:00,414.084277327
11/12/2016 11:00,414.892006013
11/12/2016 12:00,414.411598802
11/12/2016 13:00,412.573562827
11/12/2016 14:00,413.177848627
11/12/2016 15:00,413.553512966
11/12/2016 16:00,410.76171257
11/12/2016 17:00,410.45956967
11/12/2016 18:00,409.827083866
11/12/2016 19:00,412.044812752
11/12/2016 20:00,419.129056614
11/12/2016 21:00,422.062864173
11/12/2016 22:00,427.323172062
11/12/2016 23:00,430.283165339
11/13/2016 00:00,432.359894205
11/13/2016 01:00,439.659666669
11/13/2016 02:00,443.222938603
11/13/2016 03:00,441.55007408
11/13/2016 04:00,432.510965655
11/13/2016 05:00,439.94871671
11/13/2016 06:00,432.827208557
11/13/2016 07:00,438.385630774
11/13/2016 08:00,423.357042928
11/13/2016 09:00,425.611028962
11/13/2016 10:00,430.504736799
11/13/2016 11:00,428.879207997
11/13/2016 12:00,421.08492832
11/13/2016 13:00,420.477621091
11/13/2016 14:00,417.917463585
11/13/2016 15:00,412.607805689
11/13/2016 16:00,413.441720093
11/13/2016 17:00,413.602862973
11/13/2016 18:00,415.524491817
11/13/2016 19:00,416.847877719
11/13/2016 20:00,418.207520769
11/13/2016 21:00,420.393021079
11/13/2016 22:00,419.9367853
11/13/2016 23:00,424.488064517
11/14/2016 00:00,443.832260118
11/14/2016 01:00,442.037531292
11/14/2016 02:00,444.85350312
11/14/2016 03:00,445.861653263
11/14/2016 04:00,443.431417204
11/14/2016 05:00,452.918704264
11/14/2016 06:00,448.475189348
11/14/2016 07:00,447.999817852
11/14/2016 08:00,445.509153213
11/14/2016 09:00,445.89086041
11/14/2016 10:00,449.348382329
11/14/2016 11:00,439.144009453
11/14/2016 12:00,434.413458782
11/14/2016 13:00,432.841308559
11/14/2016 14:00,435.210108895
11/14/2016 15:00,425.158821755
11/14/2016 16:00,413.107348617
11/14/2016 17:00,411.721519849
11/14/2016 18:00,411.525126964
11/14/2016 19:00,411.404269804
11/14/2016 20:00,411.341826938
11/14/2016 21:00,411.12428405
11/14/2016 22:00,412.902898588
11/14/2016 23:00,420.307413924
11/15/2016 00:00,418.690949409
11/15/2016 01:00,424.182900188
11/15/2016 02:00,423.40135722
11/15/2016 03:00,422.603699964
11/15/2016 04:00,428.047307879
11/15/2016 05:00,427.657543538
11/15/2016 06:00,439.486438073
11/15/2016 07:00,431.865386992
11/15/2016 08:00,427.848900708
11/15/2016 09:00,420.905656866
11/15/2016 10:00,409.384948089
11/15/2016 11:00,408.204576493
11/15/2016 12:00,407.472383532
11/15/2016 13:00,407.473390675
11/15/2016 14:00,407.674819275
11/15/2016 15:00,407.62949784
11/15/2016 16:00,408.034369326
11/15/2016 17:00,408.907562307
11/15/2016 18:00,409.781762431
11/15/2016 19:00,410.86242687
11/15/2016 20:00,411.165576913
11/15/2016 21:00,410.923862593
11/15/2016 22:00,411.675191271
11/15/2016 23:00,413.224177205
11/16/2016 00:00,413.182884342
11/16/2016 01:00,412.571548541
11/16/2016 02:00,416.58299911
11/16/2016 03:00,416.890177725
11/16/2016 04:00,416.481277667
11/16/2016 05:00,418.068535035
11/16/2016 06:00,421.119171182
11/16/2016 07:00,411.473762671
11/16/2016 08:00,410.668048271
11/16/2016 09:00,410.211812492
11/16/2016 10:00,409.524940966
11/16/2016 11:00,408.950869456
11/16/2016 12:00,408.500676535
11/16/2016 13:00,408.60642655
11/16/2016 14:00,408.88842659
11/16/2016 15:00,408.735340854
11/16/2016 16:00,408.662826558
11/16/2016 17:00,409.095898048
11/16/2016 18:00,409.771691001
11/16/2016 19:00,410.154405341
11/16/2016 20:00,411.367005513
11/16/2016 21:00,412.960305739
11/16/2016 22:00,414.676477411
11/16/2016 23:00,412.940162879
11/17/2016 00:00,410.915805449
11/17/2016 01:00,412.819305719
11/17/2016 02:00,416.408763371
11/17/2016 03:00,422.808149993
11/17/2016 04:00,426.395593359
11/17/2016 05:00,429.548958092
11/17/2016 06:00,428.604257958
11/17/2016 07:00,432.322629914
11/17/2016 08:00,425.215221763
11/17/2016 09:00,423.062957172
11/17/2016 10:00,418.549949389
11/17/2016 11:00,418.873242292
11/17/2016 12:00,417.85199929
11/17/2016 13:00,416.282870496
11/17/2016 14:00,414.706691701
11/17/2016 15:00,411.704398418
11/17/2016 16:00,411.273341214
11/17/2016 17:00,412.621905691
11/17/2016 18:00,414.059098752
11/17/2016 19:00,427.180157756
11/17/2016 20:00,423.809250135
11/17/2016 21:00,423.356035785
11/17/2016 22:00,422.830307139
11/17/2016 23:00,421.083921177
11/18/2016 00:00,423.670264401
11/18/2016 01:00,422.582549961
11/18/2016 02:00,423.251292913
11/18/2016 03:00,426.53357195
11/18/2016 04:00,423.354021499
11/18/2016 05:00,421.633821255
11/18/2016 06:00,425.175943186
11/18/2016 07:00,425.141700324
11/18/2016 08:00,423.444664369
11/18/2016 09:00,422.580535675
11/18/2016 10:00,421.073849747
11/18/2016 11:00,421.697271264
11/18/2016 12:00,420.715306839
11/18/2016 13:00,418.853099432
11/18/2016 14:00,417.588127824
11/18/2016 15:00,415.603048971
11/18/2016 16:00,414.617055974
11/18/2016 17:00,414.95142745
11/18/2016 18:00,415.673548981
11/18/2016 19:00,415.408670372
11/18/2016 20:00,413.598834401
11/18/2016 21:00,413.608905831
11/18/2016 22:00,412.533277107
11/18/2016 23:00,410.282312502
11/19/2016 00:00,410.441441096
11/19/2016 01:00,410.262169642
11/19/2016 02:00,410.353819655
11/19/2016 03:00,410.103041048
11/19/2016 04:00,410.485755388
11/19/2016 05:00,410.305476791
11/19/2016 06:00,410.72142685
11/19/2016 07:00,411.883669872
11/19/2016 08:00,411.761805569
11/19/2016 09:00,412.178762771
11/19/2016 10:00,410.451512526
11/19/2016 11:00,409.788812432
11/19/2016 12:00,409.270133787
11/19/2016 13:00,409.436312382
11/19/2016 14:00,409.670976701
11/19/2016 15:00,409.821041008
11/19/2016 16:00,411.162555484
11/19/2016 17:00,410.706319705
11/19/2016 18:00,411.944098452
11/19/2016 19:00,413.112384332
11/19/2016 20:00,413.055984324
11/19/2016 21:00,413.496105815
11/19/2016 22:00,410.394105375
11/19/2016 23:00,410.301448219
11/20/2016 00:00,410.325619651
11/20/2016 01:00,410.535105395
11/20/2016 02:00,410.241019639
11/20/2016 03:00,410.416262521
11/20/2016 04:00,409.983191031
11/20/2016 05:00,410.521005393
11/20/2016 06:00,411.353912654
11/20/2016 07:00,410.441441096
11/20/2016 08:00,409.287255218
11/20/2016 09:00,408.639662269
11/20/2016 10:00,409.070719473
11/20/2016 11:00,409.211719493
11/20/2016 12:00,408.266012216
11/20/2016 13:00,407.932647883
11/20/2016 14:00,407.732226426
11/20/2016 15:00,408.083719333
11/20/2016 16:00,409.08985519
11/20/2016 17:00,409.695148133
11/20/2016 18:00,410.99335546
11/20/2016 19:00,416.68371341
11/20/2016 20:00,419.207613768
11/20/2016 21:00,426.828664849
11/20/2016 22:00,428.343407921
11/20/2016 23:00,428.418943646
11/21/2016 00:00,430.317408201
11/21/2016 01:00,429.98807244
11/21/2016 02:00,431.8210727
11/21/2016 03:00,426.637307679
11/21/2016 04:00,420.921771154
11/21/2016 05:00,421.530085526
11/21/2016 06:00,425.781236129
11/21/2016 07:00,423.94521444
11/21/2016 08:00,422.509028522
11/21/2016 09:00,415.067248895
11/21/2016 10:00,411.68828413
11/21/2016 11:00,412.21199849
11/21/2016 12:00,411.068891185
11/21/2016 13:00,411.61778412
11/21/2016 14:00,411.822234149
11/21/2016 15:00,411.395205517
11/21/2016 16:00,410.876526872
11/21/2016 17:00,410.514962535
11/21/2016 18:00,410.958105455
11/21/2016 19:00,411.72856985
11/21/2016 20:00,412.461769954
11/21/2016 21:00,412.368105655
11/21/2016 22:00,415.397591799
11/21/2016 23:00,418.599299396
11/22/2016 00:00,422.307599922
11/22/2016 01:00,429.478458082
11/22/2016 02:00,430.929751145
11/22/2016 03:00,425.208171762
11/22/2016 04:00,429.190415184
11/22/2016 05:00,423.943200154
11/22/2016 06:00,423.850542998
11/22/2016 07:00,423.171728616
11/22/2016 08:00,421.77985699
11/22/2016 09:00,419.781685278
11/22/2016 10:00,420.656892545
11/22/2016 11:00,421.562314102
11/22/2016 12:00,414.601948829
11/22/2016 13:00,413.538405821
11/22/2016 14:00,416.085470468
11/22/2016 15:00,412.502055674
11/22/2016 16:00,413.799255858
11/22/2016 17:00,414.858770294
11/22/2016 18:00,413.785155856
11/22/2016 19:00,412.419469948
11/22/2016 20:00,410.549205397
11/22/2016 21:00,410.418276807
11/22/2016 22:00,411.672169842
11/22/2016 23:00,410.569348257
11/23/2016 00:00,411.091048331
11/23/2016 01:00,414.95142745
11/23/2016 02:00,416.630334831
11/23/2016 03:00,416.446027662
11/23/2016 04:00,424.453821655
11/23/2016 05:00,417.472306379
11/23/2016 06:00,418.119899328
11/23/2016 07:00,425.817493277
11/23/2016 08:00,419.451342374
11/23/2016 09:00,416.901256298
11/23/2016 10:00,411.41635552
11/23/2016 11:00,409.343655226
11/23/2016 12:00,408.833033725
11/23/2016 13:00,408.886412304
11/23/2016 14:00,408.500676535
11/23/2016 15:00,408.582255118
11/23/2016 16:00,409.761619571
11/23/2016 17:00,409.926791023
11/23/2016 18:00,410.588483974
11/23/2016 19:00,412.014598462
11/23/2016 20:00,416.561849107
11/23/2016 21:00,423.982478731
11/23/2016 22:00,425.710736119
11/23/2016 23:00,421.937978441
11/24/2016 00:00,427.103614888
11/24/2016 01:00,423.404378649
11/24/2016 02:00,426.114600462
11/24/2016 03:00,421.136292613
11/24/2016 04:00,426.729964835
11/24/2016 05:00,426.680614828
11/24/2016 06:00,430.696093969
11/24/2016 07:00,428.102700744
11/24/2016 08:00,424.865743142
11/24/2016 09:00,424.285628774
11/24/2016 10:00,418.598292253
11/24/2016 11:00,413.532362963
11/24/2016 12:00,411.606705547
11/24/2016 13:00,409.91571245
11/24/2016 14:00,409.500769534
11/24/2016 15:00,409.417176665
11/24/2016 16:00,411.288448359
11/24/2016 17:00,413.386327228
11/24/2016 18:00,422.465721373
11/24/2016 19:00,427.834800706
11/24/2016 20:00,435.2453589
11/24/2016 21:00,428.838922277
11/24/2016 22:00,426.623207677
11/24/2016 23:00,422.956200014
11/25/2016 00:00,420.25907106
11/25/2016 01:00,419.068628034
11/25/2016 02:00,419.319406641
11/25/2016 03:00,418.10378504
11/25/2016 04:00,420.525963955
11/25/2016 05:00,422.876635717
11/25/2016 06:00,425.129614608
11/25/2016 07:00,427.124764891
11/25/2016 08:00,429.918579573
11/25/2016 09:00,433.458687218
11/25/2016 10:00,436.281709047
11/25/2016 11:00,437.923352137
11/25/2016 12:00,433.322722913
11/25/2016 13:00,433.189780037
11/25/2016 14:00,431.936894145
11/25/2016 15:00,431.416201214
11/25/2016 16:00,434.602801666
11/25/2016 17:00,435.792237549
11/25/2016 18:00,443.406238629
11/25/2016 19:00,445.570588936
11/25/2016 20:00,442.321545618
11/25/2016 21:00,442.165438453
11/25/2016 22:00,443.902760128
11/25/2016 23:00,445.815324685
11/26/2016 00:00,442.976188568
11/26/2016 01:00,436.99778772
11/26/2016 02:00,429.348536635
11/26/2016 03:00,410.529062537
11/26/2016 04:00,410.888612588
11/26/2016 05:00,413.345034365
11/26/2016 06:00,417.818763571
11/26/2016 07:00,426.368400498
11/26/2016 08:00,412.0810699
11/26/2016 09:00,410.684162559
11/26/2016 10:00,410.480719673
11/26/2016 11:00,410.084912474
11/26/2016 12:00,410.085919617
11/26/2016 13:00,410.362883942
11/26/2016 14:00,410.532083966
11/26/2016 15:00,410.413241092
11/26/2016 16:00,410.869476871
11/26/2016 17:00,411.015512606
11/26/2016 18:00,411.533184108
11/26/2016 19:00,410.569348257
11/26/2016 20:00,410.584455402
11/26/2016 21:00,410.136276767
11/26/2016 22:00,410.108076763
11/26/2016 23:00,410.425326808
11/27/2016 00:00,410.732505423
11/27/2016 01:00,411.123276907
11/27/2016 02:00,411.36599837
11/27/2016 03:00,411.937048451
11/27/2016 04:00,412.541334251
11/27/2016 05:00,412.580612828
11/27/2016 06:00,415.683620411
11/27/2016 07:00,414.245420207
11/27/2016 08:00,411.914891305
11/27/2016 09:00,411.481819815
11/27/2016 10:00,411.058819755
11/27/2016 11:00,410.763726856
11/27/2016 12:00,410.002326748
11/27/2016 13:00,409.671983844
11/27/2016 14:00,409.697162419
11/27/2016 15:00,410.091962475
11/27/2016 16:00,410.557262541
11/27/2016 17:00,411.099105475
11/27/2016 18:00,412.408391375
11/27/2016 19:00,412.784055714
11/27/2016 20:00,413.326905791
11/27/2016 21:00,416.091513326
11/27/2016 22:00,418.538870816
11/27/2016 23:00,416.271791923
11/28/2016 00:00,421.701299836
11/28/2016 01:00,432.222922757
11/28/2016 02:00,430.086772454
11/28/2016 03:00,425.624121821
11/28/2016 04:00,424.964443156
11/28/2016 05:00,429.976993867
11/28/2016 06:00,414.54857025
11/28/2016 07:00,413.404455802
11/28/2016 08:00,411.421391235
11/28/2016 09:00,409.871398158
11/28/2016 10:00,409.112012336
11/28/2016 11:00,408.980076603
11/28/2016 12:00,407.797690721
11/28/2016 13:00,408.205583636
11/28/2016 14:00,408.760519429
11/28/2016 15:00,408.937776597
11/28/2016 16:00,409.294305219
11/28/2016 17:00,409.238912354
11/28/2016 18:00,408.885405161
11/28/2016 19:00,409.551126684
11/28/2016 20:00,410.825162579
11/28/2016 21:00,411.422398378
11/28/2016 22:00,412.398319945
11/28/2016 23:00,412.714562847
11/29/2016 00:00,413.619984404
11/29/2016 01:00,414.310884502
11/29/2016 02:00,415.997849027
11/29/2016 03:00,416.592063397
11/29/2016 04:00,420.47057109
11/29/2016 05:00,418.932663729
11/29/2016 06:00,437.917309279
11/29/2016 07:00,433.002451439
11/29/2016 08:00,423.127414324
11/29/2016 09:00,424.180885902
11/29/2016 10:00,421.610656966
11/29/2016 11:00,418.307227926
11/29/2016 12:00,416.82471343
11/29/2016 13:00,416.721984844
11/29/2016 14:00,417.069449179
11/29/2016 15:00,416.115684758
11/29/2016 16:00,416.98585631
11/29/2016 17:00,415.158898908
11/29/2016 18:00,422.973321445
11/29/2016 19:00,429.560036665
11/29/2016 20:00,429.269979481
11/29/2016 21:00,428.997043728
11/29/2016 22:00,426.652414824
11/29/2016 23:00,424.139593039
11/30/2016 00:00,435.383337491
11/30/2016 01:00,428.459229366
11/30/2016 02:00,429.077615168
11/30/2016 03:00,432.772822835
11/30/2016 04:00,438.304052191
11/30/2016 05:00,436.953473428
11/30/2016 06:00,435.071123161
11/30/2016 07:00,427.925443576
11/30/2016 08:00,417.556906391
11/30/2016 09:00,414.398505943
11/30/2016 10:00,414.998763171
11/30/2016 11:00,415.712827558
11/30/2016 12:00,412.676291413
11/30/2016 13:00,411.764826998
11/30/2016 14:00,410.695241132
11/30/2016 15:00,410.688191131
11/30/2016 16:00,410.456548241
11/30/2016 17:00,410.34878394
11/30/2016 18:00,412.67528427
11/30/2016 19:00,411.780941286
11/30/2016 20:00,411.465705527
11/30/2016 21:00,415.73699899
11/30/2016 22:00,422.290478491
11/30/2016 23:00,427.16807204
