2016/06/01 00:00,409.313440936
2016/06/01 01:00,410.073833901
2016/06/01 02:00,409.557169542
2016/06/01 03:00,408.499669392
2016/06/01 04:00,408.934755168
2016/06/01 05:00,408.580240832
2016/06/01 06:00,408.258962215
2016/06/01 07:00,413.688470128
2016/06/01 08:00,406.947662029
2016/06/01 09:00,405.71592614
2016/06/01 10:00,404.756118861
2016/06/01 11:00,404.101475911
2016/06/01 12:00,404.133704487
2016/06/01 13:00,403.977597322
2016/06/01 14:00,404.573825978
2016/06/01 15:00,405.142861773
2016/06/01 16:00,405.935483314
2016/06/01 17:00,406.686811992
2016/06/01 18:00,406.855004873
2016/06/01 19:00,406.570990547
2016/06/01 20:00,406.68278342
2016/06/01 21:00,406.720047711
2016/06/01 22:00,407.486483534
2016/06/01 23:00,408.412047951
2016/06/02 00:00,411.840362723
2016/06/02 01:00,412.245234209
2016/06/02 02:00,412.820312862
2016/06/02 03:00,411.72856985
2016/06/02 04:00,409.226826638
2016/06/02 05:00,411.2753555
2016/06/02 06:00,409.773705287
2016/06/02 07:00,409.425233809
2016/06/02 08:00,410.34878394
2016/06/02 09:00,407.260883502
2016/06/02 10:00,406.670697704
2016/06/02 11:00,406.891262021
2016/06/02 12:00,406.923490597
2016/06/02 13:00,406.80364058
2016/06/02 14:00,407.002047751
2016/06/02 15:00,407.002047751
2016/06/02 16:00,408.984105175
2016/06/02 17:00,409.235890925
2016/06/02 18:00,408.884398018
2016/06/02 19:00,407.987033605
2016/06/02 20:00,408.311333651
2016/06/02 21:00,408.497655106
2016/06/02 22:00,409.823055294
2016/06/02 23:00,410.688191131
2016/06/03 00:00,412.551405681
2016/06/03 01:00,431.03550116
2016/06/03 02:00,425.257521769
2016/06/03 03:00,423.016628594
2016/06/03 04:00,429.805779557
2016/06/03 05:00,438.616266521
2016/06/03 06:00,425.639228966
2016/06/03 07:00,420.202671052
2016/06/03 08:00,418.611385112
2016/06/03 09:00,412.442634237
2016/06/03 10:00,407.997105035
2016/06/03 11:00,408.262990787
2016/06/03 12:00,408.389890805
2016/06/03 13:00,410.525033965
2016/06/03 14:00,408.292197934
2016/06/03 15:00,407.244769214
2016/06/03 16:00,408.054512186
2016/06/03 17:00,408.649733699
2016/06/03 18:00,410.259148213
2016/06/03 19:00,410.291376789
2016/06/03 20:00,410.284326788
2016/06/03 21:00,410.558269684
2016/06/03 22:00,410.850341154
2016/06/03 23:00,411.058819755
2016/06/04 00:00,412.303648503
2016/06/04 01:00,412.319762791
2016/06/04 02:00,412.933112878
2016/06/04 03:00,413.737820135
2016/06/04 04:00,415.569813252
2016/06/04 05:00,414.748991707
2016/06/04 06:00,416.166041908
2016/06/04 07:00,412.42349852
2016/06/04 08:00,408.860226586
2016/06/04 09:00,408.791740862
2016/06/04 10:00,409.172440916
2016/06/04 11:00,406.644511986
2016/06/04 12:00,406.027133327
2016/06/04 13:00,407.030247755
2016/06/04 14:00,406.535740542
2016/06/04 15:00,407.473390675
2016/06/04 16:00,407.834955012
2016/06/04 17:00,407.694962135
2016/06/04 18:00,407.734240712
2016/06/04 19:00,408.039405041
2016/06/04 20:00,408.27406936
2016/06/04 21:00,408.229755068
2016/06/04 22:00,407.98199789
2016/06/04 23:00,408.177383632
2016/06/05 00:00,409.060648043
2016/06/05 01:00,410.391083946
2016/06/05 02:00,411.773891285
2016/06/05 03:00,409.769676715
2016/06/05 04:00,410.652941126
2016/06/05 05:00,408.408019379
2016/06/05 06:00,407.812797866
2016/06/05 07:00,406.797597722
2016/06/05 08:00,406.456176245
2016/06/05 09:00,406.299061937
2016/06/05 10:00,406.346397658
2016/06/05 11:00,406.083533335
2016/06/05 12:00,406.31014051
2016/06/05 13:00,406.505526252
2016/06/05 14:00,406.654583416
2016/06/05 15:00,406.266833361
2016/06/05 16:00,406.979890605
2016/06/05 17:00,408.089762191
2016/06/05 18:00,408.940798026
2016/06/05 19:00,409.550119541
2016/06/05 20:00,409.299340934
2016/06/05 21:00,407.198440636
2016/06/05 22:00,407.009097752
2016/06/05 23:00,407.695969278
2016/06/06 00:00,407.656690701
2016/06/06 01:00,407.36764066
2016/06/06 02:00,407.510654966
2016/06/06 03:00,408.169326488
2016/06/06 04:00,409.503790963
2016/06/06 05:00,408.004155036
2016/06/06 06:00,408.884398018
2016/06/06 07:00,408.094797906
2016/06/06 08:00,406.597176265
2016/06/06 09:00,405.689740422
2016/06/06 10:00,405.281847507
2016/06/06 11:00,405.063297476
2016/06/06 12:00,405.169047491
2016/06/06 13:00,405.42385467
2016/06/06 14:00,405.17206892
2016/06/06 15:00,405.456083246
2016/06/06 16:00,405.805561867
2016/06/06 17:00,406.402797666
2016/06/06 18:00,406.961762031
2016/06/06 19:00,407.228654926
2016/06/06 20:00,407.714097852
2016/06/06 21:00,407.431090669
2016/06/06 22:00,407.896390735
2016/06/06 23:00,407.662733559
2016/06/07 00:00,407.687912134
2016/06/07 01:00,407.576119261
2016/06/07 02:00,406.771412004
2016/06/07 03:00,406.731126284
2016/06/07 04:00,406.778462005
2016/06/07 05:00,406.384669092
2016/06/07 06:00,405.788440436
2016/06/07 07:00,405.636361843
2016/06/07 08:00,405.16199749
2016/06/07 09:00,405.062290333
2016/06/07 10:00,404.99078318
2016/06/07 11:00,404.539583116
2016/06/07 12:00,404.400597382
2016/06/07 13:00,404.413690241
2016/06/07 14:00,404.57785455
2016/06/07 15:00,404.84978316
2016/06/07 16:00,405.401697524
2016/06/07 17:00,405.899226166
2016/06/07 18:00,406.519626254
2016/06/07 19:00,406.824790583
2016/06/07 20:00,406.888240592
2016/06/07 21:00,406.891262021
2016/06/07 22:00,406.907376309
2016/06/07 23:00,407.024204897
2016/06/08 00:00,407.368647803
2016/06/08 01:00,407.294119221
2016/06/08 02:00,407.294119221
2016/06/08 03:00,407.30721208
2016/06/08 04:00,407.409940666
2016/06/08 05:00,407.364619231
2016/06/08 06:00,407.088662049
2016/06/08 07:00,407.010104895
2016/06/08 08:00,406.648540558
2016/06/08 09:00,406.701919137
2016/06/08 10:00,406.940612028
2016/06/08 11:00,406.982912034
2016/06/08 12:00,406.518619111
2016/06/08 13:00,406.256761931
2016/06/08 14:00,406.026126184
2016/06/08 15:00,406.074469048
2016/06/08 16:00,406.124826198
2016/06/08 17:00,406.15906906
2016/06/08 18:00,406.245683358
2016/06/08 19:00,406.548833401
2016/06/08 20:00,406.729111998
2016/06/08 21:00,406.540776257
2016/06/08 22:00,406.524661969
2016/06/08 23:00,406.829826298
2016/06/09 00:00,406.292011936
2016/06/09 01:00,406.049290473
2016/06/09 02:00,406.316183368
2016/06/09 03:00,406.594154836
2016/06/09 04:00,406.748247715
2016/06/09 05:00,407.043340614
2016/06/09 06:00,407.066504903
2016/06/09 07:00,406.782490577
2016/06/09 08:00,406.375604805
2016/06/09 09:00,405.994904751
2016/06/09 10:00,406.073461905
2016/06/09 11:00,405.982819035
2016/06/09 12:00,406.389704807
2016/06/09 13:00,405.830740442
2016/06/09 14:00,405.462126104
2016/06/09 15:00,404.968626034
2016/06/09 16:00,405.240554644
2016/06/09 17:00,405.692761851
2016/06/09 18:00,406.563940546
2016/06/09 19:00,407.31728351
2016/06/09 20:00,407.887326448
2016/06/09 21:00,408.761526572
2016/06/09 22:00,408.692033705
2016/06/09 23:00,408.844112298
2016/06/10 00:00,408.61649798
2016/06/10 01:00,410.14735534
2016/06/10 02:00,410.712362563
2016/06/10 03:00,410.51999825
2016/06/10 04:00,408.395933663
2016/06/10 05:00,408.029333611
2016/06/10 06:00,407.884305019
2016/06/10 07:00,407.615397838
2016/06/10 08:00,407.290090649
2016/06/10 09:00,406.71299771
2016/06/10 10:00,406.502504823
2016/06/10 11:00,406.458190531
2016/06/10 12:00,406.349419087
2016/06/10 13:00,406.489411964
2016/06/10 14:00,406.603219123
2016/06/10 15:00,406.730119141
2016/06/10 16:00,406.856012016
2016/06/10 17:00,407.107797766
2016/06/10 18:00,407.544897828
2016/06/10 19:00,407.93164074
2016/06/10 20:00,408.363705087
2016/06/10 21:00,409.929812452
2016/06/10 22:00,410.180591059
2016/06/10 23:00,410.956091169
2016/06/11 00:00,411.828277007
2016/06/11 01:00,413.327912934
2016/06/11 02:00,418.692963695
2016/06/11 03:00,430.145186748
2016/06/11 04:00,434.695458822
2016/06/11 05:00,435.846623271
2016/06/11 06:00,430.162308179
2016/06/11 07:00,425.229321765
2016/06/11 08:00,419.193513766
2016/06/11 09:00,415.399606085
2016/06/11 10:00,415.363348937
2016/06/11 11:00,418.158170762
2016/06/11 12:00,417.421949229
2016/06/11 13:00,410.764733999
2016/06/11 14:00,410.156419627
2016/06/11 15:00,409.6639267
2016/06/11 16:00,408.805840864
2016/06/11 17:00,408.498662249
2016/06/11 18:00,408.943819455
2016/06/11 19:00,409.297326648
2016/06/11 20:00,410.11714105
2016/06/11 21:00,411.163562627
2016/06/11 22:00,414.500227386
2016/06/11 23:00,415.482191811
2016/06/12 00:00,413.845584436
2016/06/12 01:00,411.993448459
2016/06/12 02:00,414.10542733
2016/06/12 03:00,413.95435588
2016/06/12 04:00,411.478798386
2016/06/12 05:00,421.005364023
2016/06/12 06:00,412.789091429
2016/06/12 07:00,406.361504803
2016/06/12 08:00,406.286976221
2016/06/12 09:00,406.201369066
2016/06/12 10:00,406.115761911
2016/06/12 11:00,405.892176165
2016/06/12 12:00,405.794483294
2016/06/12 13:00,405.358390375
2016/06/12 14:00,405.039126044
2016/06/12 15:00,405.321126084
2016/06/12 16:00,405.344290373
2016/06/12 17:00,405.761247575
2016/06/12 18:00,406.301076223
2016/06/12 19:00,407.178297776
2016/06/12 20:00,407.358576373
2016/06/12 21:00,407.542883542
2016/06/12 22:00,406.744219143
2016/06/12 23:00,407.180312062
2016/06/13 00:00,407.014133467
2016/06/13 01:00,406.982912034
2016/06/13 02:00,406.869104875
2016/06/13 03:00,406.193311922
2016/06/13 04:00,406.486390535
2016/06/13 05:00,409.100933763
2016/06/13 06:00,409.565226686
2016/06/13 07:00,408.623547981
2016/06/13 08:00,408.081705047
2016/06/13 09:00,409.283226646
2016/06/13 10:00,410.517983964
2016/06/13 11:00,408.771598002
2016/06/13 12:00,407.193404921
2016/06/13 13:00,407.350519229
2016/06/13 14:00,407.835962155
2016/06/13 15:00,408.09278362
2016/06/13 16:00,407.765462145
2016/06/13 17:00,407.571083546
2016/06/13 18:00,407.709062137
2016/06/13 19:00,408.118969338
2016/06/13 20:00,408.291190791
2016/06/13 21:00,408.337519369
2016/06/13 22:00,407.884305019
2016/06/13 23:00,407.893369306
2016/06/14 00:00,408.23378364
2016/06/14 01:00,408.574197974
2016/06/14 02:00,408.581247975
2016/06/14 03:00,408.83806944
2016/06/14 04:00,408.996190891
2016/06/14 05:00,409.215748065
2016/06/14 06:00,409.491705247
2016/06/14 07:00,409.021369466
2016/06/14 08:00,408.426147953
2016/06/14 09:00,407.974947889
2016/06/14 10:00,407.335412084
2016/06/14 11:00,406.947662029
2016/06/14 12:00,406.890254878
2016/06/14 13:00,406.933562027
2016/06/14 14:00,406.893276307
2016/06/14 15:00,406.837883442
2016/06/14 16:00,407.00506918
2016/06/14 17:00,406.997012036
2016/06/14 18:00,407.232683498
2016/06/14 19:00,407.382747805
2016/06/14 20:00,407.501590679
2016/06/14 21:00,407.81078358
2016/06/14 22:00,408.201555064
2016/06/14 23:00,408.68699799
2016/06/15 00:00,409.011298036
2016/06/15 01:00,408.681962275
2016/06/15 02:00,408.716205137
2016/06/15 03:00,408.890440876
2016/06/15 04:00,408.819940866
2016/06/15 05:00,409.086833761
2016/06/15 06:00,408.550026542
2016/06/15 07:00,407.882290733
2016/06/15 08:00,407.546912114
2016/06/15 09:00,407.29714065
2016/06/15 10:00,407.021183468
2016/06/15 11:00,406.844933443
2016/06/15 12:00,406.697890565
2016/06/15 13:00,406.502504823
2016/06/15 14:00,406.623361983
2016/06/15 15:00,406.782490577
2016/06/15 16:00,406.850976301
2016/06/15 17:00,406.993990607
2016/06/15 18:00,407.205490637
2016/06/15 19:00,408.01221218
2016/06/15 20:00,410.220876779
2016/06/15 21:00,416.883127724
2016/06/15 22:00,418.633542258
2016/06/15 23:00,421.9510713
2016/06/16 00:00,428.307150773
2016/06/16 01:00,425.097386032
2016/06/16 02:00,421.692235549
2016/06/16 03:00,421.944021299
2016/06/16 04:00,426.506379089
2016/06/16 05:00,424.001614448
2016/06/16 06:00,424.180885902
2016/06/16 07:00,418.121913614
2016/06/16 08:00,408.079690761
2016/06/16 09:00,406.488404821
2016/06/16 10:00,406.057347617
2016/06/16 11:00,406.053319045
2016/06/16 12:00,405.706861853
2016/06/16 13:00,406.168133347
2016/06/16 14:00,407.027226326
2016/06/16 15:00,406.770404861
2016/06/16 16:00,406.11878334
2016/06/16 17:00,406.039219043
2016/06/16 18:00,408.179397918
2016/06/16 19:00,411.05378404
2016/06/16 20:00,414.932291733
2016/06/16 21:00,415.579884682
2016/06/16 22:00,416.286899068
2016/06/16 23:00,412.188834201
2016/06/17 00:00,416.781406281
2016/06/17 01:00,430.154251035
2016/06/17 02:00,430.311365343
2016/06/17 03:00,425.900079003
2016/06/17 04:00,427.846886422
2016/06/17 05:00,418.525777957
2016/06/17 06:00,411.087019759
2016/06/17 07:00,410.773798286
2016/06/17 08:00,411.16456977
2016/06/17 09:00,409.795862433
2016/06/17 10:00,406.684797706
2016/06/17 11:00,406.445097672
2016/06/17 12:00,406.818747725
2016/06/17 13:00,405.962676175
2016/06/17 14:00,405.506440396
2016/06/17 15:00,405.630318985
2016/06/17 16:00,406.019076183
2016/06/17 17:00,406.668683418
2016/06/17 18:00,407.766469288
2016/06/17 19:00,411.402255518
2016/06/17 20:00,411.845398438
2016/06/17 21:00,410.688191131
2016/06/17 22:00,411.176655486
2016/06/17 23:00,409.793848147
2016/06/18 00:00,408.967990887
2016/06/18 01:00,413.851627294
2016/06/18 02:00,414.754027422
2016/06/18 03:00,420.428271084
2016/06/18 04:00,421.917835581
2016/06/18 05:00,427.586036385
2016/06/18 06:00,427.900265001
2016/06/18 07:00,419.140135187
2016/06/18 08:00,416.557820535
2016/06/18 09:00,413.757962995
2016/06/18 10:00,408.981083746
2016/06/18 11:00,407.767476431
2016/06/18 12:00,407.419004953
2016/06/18 13:00,407.978976461
2016/06/18 14:00,406.3403548
2016/06/18 15:00,405.118690341
2016/06/18 16:00,404.584904551
2016/06/18 17:00,404.619147413
2016/06/18 18:00,404.714825998
2016/06/18 19:00,405.787433293
2016/06/18 20:00,406.450133387
2016/06/18 21:00,407.517704967
2016/06/18 22:00,413.608905831
2016/06/18 23:00,417.307134927
2016/06/19 00:00,420.169435333
2016/06/19 01:00,419.861249575
2016/06/19 02:00,424.718700264
2016/06/19 03:00,434.996594579
2016/06/19 04:00,443.238045748
2016/06/19 05:00,440.020223863
2016/06/19 06:00,440.511709647
2016/06/19 07:00,427.032107735
2016/06/19 08:00,425.182993187
2016/06/19 09:00,423.620914394
2016/06/19 10:00,426.304950489
2016/06/19 11:00,419.596370966
2016/06/19 12:00,406.992983464
2016/06/19 13:00,406.815726296
2016/06/19 14:00,407.450226386
2016/06/19 15:00,408.006169322
2016/06/19 16:00,408.167312202
2016/06/19 17:00,408.561105115
2016/06/19 18:00,408.887419447
2016/06/19 19:00,408.977055174
2016/06/19 20:00,408.889433733
2016/06/19 21:00,408.630597982
2016/06/19 22:00,408.51578368
2016/06/19 23:00,408.654769414
2016/06/20 00:00,409.500769534
2016/06/20 01:00,409.3617838
2016/06/20 02:00,409.013312322
2016/06/20 03:00,413.016705747
2016/06/20 04:00,425.457943226
2016/06/20 05:00,432.49585851
2016/06/20 06:00,430.131086746
2016/06/20 07:00,430.579265381
2016/06/20 08:00,419.126035185
2016/06/20 09:00,409.042519469
2016/06/20 10:00,406.687819135
2016/06/20 11:00,404.921290313
2016/06/20 12:00,404.089390195
2016/06/20 13:00,403.487118681
2016/06/20 14:00,403.748975861
2016/06/20 15:00,404.048097332
2016/06/20 16:00,404.651375989
2016/06/20 17:00,404.575840264
2016/06/20 18:00,405.022004613
2016/06/20 19:00,405.267747505
2016/06/20 20:00,405.200268924
2016/06/20 21:00,405.331197514
2016/06/20 22:00,405.678661849
2016/06/20 23:00,408.104869336
2016/06/21 00:00,408.61649798
2016/06/21 01:00,412.918005733
2016/06/21 02:00,415.199184628
2016/06/21 03:00,410.543162539
2016/06/21 04:00,417.437056374
2016/06/21 05:00,422.576507103
2016/06/21 06:00,416.527606245
2016/06/21 07:00,412.464791383
2016/06/21 08:00,417.91242787
2016/06/21 09:00,414.037948749
2016/06/21 10:00,406.625376269
2016/06/21 11:00,403.971554464
2016/06/21 12:00,404.167947349
2016/06/21 13:00,404.319018799
2016/06/21 14:00,404.422754528
2016/06/21 15:00,404.896111738
2016/06/21 16:00,405.875054734
2016/06/21 17:00,406.407833381
2016/06/21 18:00,405.409754668
2016/06/21 19:00,404.816547441
2016/06/21 20:00,404.833668872
2016/06/21 21:00,404.978697464
2016/06/21 22:00,404.722883142
2016/06/21 23:00,404.540590259
2016/06/22 00:00,404.665475991
2016/06/22 01:00,404.750076003
2016/06/22 02:00,404.775254578
2016/06/22 03:00,404.543611688
2016/06/22 04:00,404.423761671
2016/06/22 05:00,404.811511726
2016/06/22 06:00,403.253461505
2016/06/22 07:00,402.436668532
2016/06/22 08:00,402.19092564
2016/06/22 09:00,402.572632837
2016/06/22 10:00,402.525297116
2016/06/22 11:00,402.958368606
2016/06/22 12:00,403.22828293
2016/06/22 13:00,403.644232989
2016/06/22 14:00,404.042054474
2016/06/22 15:00,404.178018779
2016/06/22 16:00,404.249525932
2016/06/22 17:00,404.583897408
2016/06/22 18:00,404.957547461
2016/06/22 19:00,405.97778332
2016/06/22 20:00,406.68278342
2016/06/22 21:00,407.019169182
2016/06/22 22:00,407.706040708
2016/06/22 23:00,408.242847927
2016/06/23 00:00,408.436219383
2016/06/23 01:00,408.669876559
2016/06/23 02:00,408.836055154
2016/06/23 03:00,409.115033765
2016/06/23 04:00,410.070812472
2016/06/23 05:00,409.538033825
2016/06/23 06:00,408.46542653
2016/06/23 07:00,409.373869516
2016/06/23 08:00,408.833033725
2016/06/23 09:00,407.451233529
2016/06/23 10:00,406.096626194
2016/06/23 11:00,405.735061857
2016/06/23 12:00,404.782304579
2016/06/23 13:00,405.065311762
2016/06/23 14:00,405.601111838
2016/06/23 15:00,404.943447459
2016/06/23 16:00,405.114661769
2016/06/23 17:00,405.853904731
2016/06/23 18:00,406.197340494
2016/06/23 19:00,406.103676195
2016/06/23 20:00,406.791554864
2016/06/23 21:00,408.68699799
2016/06/23 22:00,408.801812292
2016/06/23 23:00,409.206683778
2016/06/24 00:00,408.631605125
2016/06/24 01:00,407.809776437
2016/06/24 02:00,408.06256933
2016/06/24 03:00,408.570169402
2016/06/24 04:00,410.103041048
2016/06/24 05:00,411.246148353
2016/06/24 06:00,413.077134327
2016/06/24 07:00,414.690577413
2016/06/24 08:00,413.936227306
2016/06/24 09:00,411.071912614
2016/06/24 10:00,407.050390615
2016/06/24 11:00,405.889154736
2016/06/24 12:00,404.912226026
2016/06/24 13:00,404.803454582
2016/06/24 14:00,405.508454682
2016/06/24 15:00,405.719954712
2016/06/24 16:00,405.196240352
2016/06/24 17:00,405.105597482
2016/06/24 18:00,405.469176105
2016/06/24 19:00,406.08856905
2016/06/24 20:00,406.590126264
2016/06/24 21:00,407.299154936
2016/06/24 22:00,407.335412084
2016/06/24 23:00,408.569162259
2016/06/25 00:00,408.199540778
2016/06/25 01:00,410.069805329
2016/06/25 02:00,413.937234449
2016/06/25 03:00,417.983935023
2016/06/25 04:00,416.150934763
2016/06/25 05:00,422.974328588
2016/06/25 06:00,415.586934683
2016/06/25 07:00,413.263455782
2016/06/25 08:00,417.031177745
2016/06/25 09:00,417.901349297
2016/06/25 10:00,408.708147993
2016/06/25 11:00,406.50149768
2016/06/25 12:00,406.280933363
2016/06/25 13:00,406.236619071
2016/06/25 14:00,406.827812012
2016/06/25 15:00,407.066504903
2016/06/25 16:00,406.522647683
2016/06/25 17:00,406.121804769
2016/06/25 18:00,406.604226266
2016/06/25 19:00,407.68992642
2016/06/25 20:00,407.132976341
2016/06/25 21:00,407.55899783
2016/06/25 22:00,409.119062337
2016/06/25 23:00,408.562112258
2016/06/26 00:00,409.782769574
2016/06/26 01:00,417.909406441
2016/06/26 02:00,416.867013436
2016/06/26 03:00,421.265206917
2016/06/26 04:00,415.559741822
2016/06/26 05:00,409.132155196
2016/06/26 06:00,411.982369886
2016/06/26 07:00,409.036476611
2016/06/26 08:00,407.433104955
2016/06/26 09:00,402.911032885
2016/06/26 10:00,401.369096952
2016/06/26 11:00,400.663089709
2016/06/26 12:00,400.641939706
2016/06/26 13:00,400.773875439
2016/06/26 14:00,401.752818435
2016/06/26 15:00,402.212075643
2016/06/26 16:00,402.828447159
2016/06/26 17:00,403.482082966
2016/06/26 18:00,404.320025942
2016/06/26 19:00,404.969633177
2016/06/26 20:00,405.344290373
2016/06/26 21:00,405.654490417
2016/06/26 22:00,405.431911814
2016/06/26 23:00,405.853904731
2016/06/27 00:00,406.372583376
2016/06/27 01:00,406.345390515
2016/06/27 02:00,406.188276207
2016/06/27 03:00,406.814719153
2016/06/27 04:00,407.346490657
2016/06/27 05:00,407.510654966
2016/06/27 06:00,408.086740762
2016/06/27 07:00,407.79064072
2016/06/27 08:00,409.437319525
2016/06/27 09:00,407.167219203
2016/06/27 10:00,404.361318805
2016/06/27 11:00,404.421747385
2016/06/27 12:00,404.165933063
2016/06/27 13:00,404.393547381
2016/06/27 14:00,404.889061737
2016/06/27 15:00,406.122811912
2016/06/27 16:00,407.195419207
2016/06/27 17:00,407.761433573
2016/06/27 18:00,408.070626474
2016/06/27 19:00,408.463412244
2016/06/27 20:00,408.991155176
2016/06/27 21:00,409.400055234
2016/06/27 22:00,409.550119541
2016/06/27 23:00,409.425233809
2016/06/28 00:00,409.132155196
2016/06/28 01:00,408.907562307
2016/06/28 02:00,408.508733679
2016/06/28 03:00,408.100840764
2016/06/28 04:00,408.266012216
2016/06/28 05:00,407.947755028
2016/06/28 06:00,408.118969338
2016/06/28 07:00,408.040412184
2016/06/28 08:00,406.888240592
2016/06/28 09:00,406.247697644
2016/06/28 10:00,406.089576193
2016/06/28 11:00,405.918361883
2016/06/28 12:00,406.381647663
2016/06/28 13:00,406.591133407
2016/06/28 14:00,407.549933543
2016/06/28 15:00,407.33742637
2016/06/28 16:00,406.301076223
2016/06/28 17:00,406.414883382
2016/06/28 18:00,406.77342629
2016/06/28 19:00,406.985933463
2016/06/28 20:00,407.264912074
2016/06/28 21:00,407.868190731
2016/06/28 22:00,407.758412144
2016/06/28 23:00,407.77049786
2016/06/29 00:00,408.061562187
2016/06/29 01:00,408.501683678
2016/06/29 02:00,408.77764086
2016/06/29 03:00,408.988133747
2016/06/29 04:00,409.165390915
2016/06/29 05:00,411.785977001
2016/06/29 06:00,409.21071235
2016/06/29 07:00,411.73864128
2016/06/29 08:00,409.124098052
2016/06/29 09:00,408.439240812
2016/06/29 10:00,407.536840684
2016/06/29 11:00,407.296133507
2016/06/29 12:00,406.696883422
2016/06/29 13:00,406.332297656
2016/06/29 14:00,406.184247635
2016/06/29 15:00,405.790454722
2016/06/29 16:00,405.558811832
2016/06/29 17:00,405.447018959
2016/06/29 18:00,405.744126144
2016/06/29 19:00,406.403804809
2016/06/29 20:00,407.537847827
2016/06/29 21:00,408.600383692
2016/06/29 22:00,410.765741142
2016/06/29 23:00,417.585106395
2016/06/30 00:00,418.389813652
2016/06/30 01:00,420.303385352
2016/06/30 02:00,416.055256178
2016/06/30 03:00,414.197077343
2016/06/30 04:00,419.159270904
2016/06/30 05:00,420.945942586
2016/06/30 06:00,415.921306159
2016/06/30 07:00,414.209163059
2016/06/30 08:00,409.214740922
2016/06/30 09:00,408.775626574
2016/06/30 10:00,407.927612168
2016/06/30 11:00,406.748247715
2016/06/30 12:00,407.716112138
2016/06/30 13:00,408.307305079
2016/06/30 14:00,408.781669432
2016/06/30 15:00,407.825890725
2016/06/30 16:00,406.600197694
2016/06/30 17:00,406.110726196
2016/06/30 18:00,406.413876239
2016/06/30 19:00,407.069526332
2016/06/30 20:00,407.399869236
2016/06/30 21:00,408.170333631
2016/06/30 22:00,408.161269344
2016/06/30 23:00,408.660812272
2016/07/01 00:00,408.182419347
2016/07/01 01:00,409.177476631
2016/07/01 02:00,411.414341234
2016/07/01 03:00,413.006634317
2016/07/01 04:00,415.993820455
2016/07/01 05:00,418.212556484
2016/07/01 06:00,411.914891305
2016/07/01 07:00,408.063576473
2016/07/01 08:00,407.25685493
2016/07/01 09:00,407.013126324
2016/07/01 10:00,406.718033425
2016/07/01 11:00,406.040226186
2016/07/01 12:00,405.832754728
2016/07/01 13:00,406.093604765
2016/07/01 14:00,406.000947609
2016/07/01 15:00,406.144969058
2016/07/01 16:00,406.691847707
2016/07/01 17:00,406.635447699
2016/07/01 18:00,407.030247755
2016/07/01 19:00,407.787619291
2016/07/01 20:00,414.523391675
2016/07/01 21:00,418.137020759
2016/07/01 22:00,409.755576713
2016/07/01 23:00,408.653762271
2016/07/02 00:00,407.171247775
2016/07/02 01:00,407.189376349
2016/07/02 02:00,409.877441016
2016/07/02 03:00,407.733233569
2016/07/02 04:00,409.30135522
2016/07/02 05:00,408.277090789
2016/07/02 06:00,406.324240512
2016/07/02 07:00,406.05835476
2016/07/02 08:00,406.193311922
2016/07/02 09:00,405.419826098
2016/07/02 10:00,404.854818875
2016/07/02 11:00,405.134804629
2016/07/02 12:00,405.310047511
2016/07/02 13:00,405.520540398
2016/07/02 14:00,405.84685473
2016/07/02 15:00,405.75621186
2016/07/02 16:00,405.840811872
2016/07/02 17:00,406.099647623
2016/07/02 18:00,406.61228341
2016/07/02 19:00,407.530797826
2016/07/02 20:00,407.585183548
2016/07/02 21:00,407.088662049
2016/07/02 22:00,407.17628349
2016/07/02 23:00,407.260883502
2016/07/03 00:00,407.489504963
2016/07/03 01:00,407.326347797
2016/07/03 02:00,407.254840644
2016/07/03 03:00,407.165204917
2016/07/03 04:00,407.198440636
2016/07/03 05:00,407.057440616
2016/07/03 06:00,406.123819055
2016/07/03 07:00,405.285876079
2016/07/03 08:00,404.493254538
2016/07/03 09:00,404.032990187
2016/07/03 10:00,403.292740082
2016/07/03 11:00,402.973475751
2016/07/03 12:00,403.038940046
2016/07/03 13:00,403.633154416
2016/07/03 14:00,403.991697324
2016/07/03 15:00,403.873861593
2016/07/03 16:00,404.228375929
2016/07/03 17:00,404.54764026
2016/07/03 18:00,404.94042603
2016/07/03 19:00,405.40371181
2016/07/03 20:00,405.436947529
2016/07/03 21:00,405.15192606
2016/07/03 22:00,405.426876099
2016/07/03 23:00,406.255754788
2016/07/04 00:00,406.136911914
2016/07/04 01:00,406.146983344
2016/07/04 02:00,406.549840544
2016/07/04 03:00,407.230669212
2016/07/04 04:00,409.207690921
2016/07/04 05:00,406.165111918
2016/07/04 06:00,408.117962195
2016/07/04 07:00,407.445190671
2016/07/04 08:00,405.097540338
2016/07/04 09:00,404.318011656
2016/07/04 10:00,403.473018679
2016/07/04 11:00,402.947290033
2016/07/04 12:00,403.508268684
2016/07/04 13:00,405.230483214
2016/07/04 14:00,404.684611708
2016/07/04 15:00,403.024840044
2016/07/04 16:00,402.610904271
2016/07/04 17:00,402.050932763
2016/07/04 18:00,402.12042563
2016/07/04 19:00,402.403432813
2016/07/04 20:00,402.289625654
2016/07/04 21:00,402.109347057
2016/07/04 22:00,402.278547081
2016/07/04 23:00,402.837511446
2016/07/05 00:00,404.344197374
2016/07/05 01:00,404.691661709
2016/07/05 02:00,404.656411704
2016/07/05 03:00,404.578861693
2016/07/05 04:00,404.808490297
2016/07/05 05:00,404.674540278
2016/07/05 06:00,404.256575933
2016/07/05 07:00,403.860768734
2016/07/05 08:00,403.632147273
2016/07/05 09:00,403.270582936
2016/07/05 10:00,402.355089949
2016/07/05 11:00,401.787061297
2016/07/05 12:00,402.034818475
2016/07/05 13:00,402.803268584
2016/07/05 14:00,401.983454182
2016/07/05 15:00,401.653111278
2016/07/05 16:00,401.742747005
2016/07/05 17:00,401.333846947
2016/07/05 18:00,400.81113973
2016/07/05 19:00,400.937032605
2016/07/05 20:00,404.238447359
2016/07/05 21:00,403.159797206
2016/07/05 22:00,402.194954212
2016/07/05 23:00,401.924032745
2016/07/06 00:00,401.86863988
2016/07/06 01:00,403.24842579
2016/07/06 02:00,401.859575593
2016/07/06 03:00,404.089390195
2016/07/06 04:00,406.77342629
2016/07/06 05:00,405.745133287
2016/07/06 06:00,403.575747265
2016/07/06 07:00,403.628118701
2016/07/06 08:00,403.857747305
2016/07/06 09:00,403.477047251
2016/07/06 10:00,401.209968358
2016/07/06 11:00,401.06292548
2016/07/06 12:00,400.581511126
2016/07/06 13:00,400.634889705
2016/07/06 14:00,400.276346797
2016/07/06 15:00,400.11621106
2016/07/06 16:00,400.010461045
2016/07/06 17:00,400.023553904
2016/07/06 18:00,400.449575393
2016/07/06 19:00,400.935018319
2016/07/06 20:00,401.136446919
2016/07/06 21:00,401.265361223
2016/07/06 22:00,401.357011236
2016/07/06 23:00,401.654118421
2016/07/07 00:00,401.680304139
2016/07/07 01:00,402.008632757
2016/07/07 02:00,402.566589979
2016/07/07 03:00,405.44399753
2016/07/07 04:00,408.675919417
2016/07/07 05:00,413.215112918
2016/07/07 06:00,408.764548001
2016/07/07 07:00,407.541876399
2016/07/07 08:00,406.313161939
2016/07/07 09:00,405.116676055
2016/07/07 10:00,404.239454502
2016/07/07 11:00,403.874868736
2016/07/07 12:00,402.812332871
2016/07/07 13:00,402.65421142
2016/07/07 14:00,402.850604305
2016/07/07 15:00,403.024840044
2016/07/07 16:00,403.150732919
2016/07/07 17:00,403.255475791
2016/07/07 18:00,403.588840124
2016/07/07 19:00,403.895011596
2016/07/07 20:00,404.112554484
2016/07/07 21:00,404.37642595
2016/07/07 22:00,404.361318805
2016/07/07 23:00,404.212261641
2016/07/08 00:00,403.949397318
2016/07/08 01:00,404.661447419
2016/07/08 02:00,404.915247455
2016/07/08 03:00,404.019897328
2016/07/08 04:00,404.180033065
2016/07/08 05:00,406.445097672
2016/07/08 06:00,404.978697464
2016/07/08 07:00,406.278919077
2016/07/08 08:00,408.030340754
2016/07/08 09:00,407.261890645
2016/07/08 10:00,406.983919177
2016/07/08 11:00,407.779562147
2016/07/08 12:00,404.281754508
2016/07/08 13:00,401.809218443
2016/07/08 14:00,402.161718493
2016/07/08 15:00,402.793197154
2016/07/08 16:00,403.314897228
2016/07/08 17:00,403.85271159
2016/07/08 18:00,404.931361743
2016/07/08 19:00,405.442990387
2016/07/08 20:00,405.780383292
2016/07/08 21:00,406.119790483
2016/07/08 22:00,406.287983364
2016/07/08 23:00,406.177197634
2016/07/09 00:00,406.198347637
2016/07/09 01:00,406.679761991
2016/07/09 02:00,406.447111958
2016/07/09 03:00,407.281026362
2016/07/09 04:00,407.898405021
2016/07/09 05:00,407.722154996
2016/07/09 06:00,407.868190731
2016/07/09 07:00,406.367547661
2016/07/09 08:00,405.291918937
2016/07/09 09:00,404.354268804
2016/07/09 10:00,404.339161659
2016/07/09 11:00,402.361132807
2016/07/09 12:00,399.892625314
2016/07/09 13:00,399.643860993
2016/07/09 14:00,399.343732379
2016/07/09 15:00,398.849225166
2016/07/09 16:00,398.50478226
2016/07/09 17:00,398.319467948
2016/07/09 18:00,398.507803689
2016/07/09 19:00,398.814982304
2016/07/09 20:00,399.248053794
2016/07/09 21:00,400.014489617
2016/07/09 22:00,400.182682498
2016/07/09 23:00,400.403246815
2016/07/10 00:00,400.370011096
2016/07/10 01:00,400.512018259
2016/07/10 02:00,400.979332611
2016/07/10 03:00,400.875596882
2016/07/10 04:00,401.186804069
2016/07/10 05:00,401.843461305
2016/07/10 06:00,402.721690001
2016/07/10 07:00,402.89592574
2016/07/10 08:00,401.249246935
2016/07/10 09:00,400.604675415
2016/07/10 10:00,400.346846807
2016/07/10 11:00,400.623811132
2016/07/10 12:00,400.472739682
2016/07/10 13:00,399.762703867
2016/07/10 14:00,399.426318105
2016/07/10 15:00,399.624725276
2016/07/10 16:00,400.060818195
2016/07/10 17:00,400.424396818
2016/07/10 18:00,401.370104095
2016/07/10 19:00,402.024747045
2016/07/10 20:00,402.717661429
2016/07/10 21:00,403.703654426
2016/07/10 22:00,404.012847327
2016/07/10 23:00,404.701733139
2016/07/11 00:00,405.209333211
2016/07/11 01:00,406.88421202
2016/07/11 02:00,407.738269284
2016/07/11 03:00,414.897041728
2016/07/11 04:00,412.429541378
2016/07/11 05:00,408.21364078
2016/07/11 06:00,413.111377189
2016/07/11 07:00,409.730398138
2016/07/11 08:00,406.035190471
2016/07/11 09:00,405.384576093
2016/07/11 10:00,402.605868556
2016/07/11 11:00,403.370290093
2016/07/11 12:00,402.633061417
2016/07/11 13:00,402.215097072
2016/07/11 14:00,402.205025642
2016/07/11 15:00,402.538389975
2016/07/11 16:00,402.76499715
2016/07/11 17:00,403.044982904
2016/07/11 18:00,403.523375829
2016/07/11 19:00,403.809404441
2016/07/11 20:00,404.558718833
2016/07/11 21:00,404.551668832
2016/07/11 22:00,404.78935458
2016/07/11 23:00,404.385490237
2016/07/12 00:00,404.031983044
2016/07/12 01:00,403.810411584
2016/07/12 02:00,403.547547261
2016/07/12 03:00,404.307940226
2016/07/12 04:00,405.077397478
2016/07/12 05:00,405.679668992
2016/07/12 06:00,406.06842619
2016/07/12 07:00,405.629311842
2016/07/12 08:00,404.964597462
2016/07/12 09:00,403.756025862
2016/07/12 10:00,404.604040268
2016/07/12 11:00,402.330918517
2016/07/12 12:00,401.372118381
2016/07/12 13:00,401.333846947
2016/07/12 14:00,401.4053541
2016/07/12 15:00,401.189825498
2016/07/12 16:00,401.215004073
2016/07/12 17:00,402.036832761
2016/07/12 18:00,403.522368686
2016/07/12 19:00,404.491240252
2016/07/12 20:00,405.631326128
2016/07/12 21:00,405.364433233
2016/07/12 22:00,405.336233229
2016/07/12 23:00,404.982726036
2016/07/13 00:00,405.848869016
2016/07/13 01:00,407.618419267
2016/07/13 02:00,411.274348357
2016/07/13 03:00,419.10085661
2016/07/13 04:00,419.817942426
2016/07/13 05:00,413.525312962
2016/07/13 06:00,412.898870016
2016/07/13 07:00,412.333862793
2016/07/13 08:00,409.215748065
2016/07/13 09:00,407.968905031
2016/07/13 10:00,408.01221218
2016/07/13 11:00,408.61649798
2016/07/13 12:00,411.780941286
2016/07/13 13:00,406.099647623
2016/07/13 14:00,404.781297436
2016/07/13 15:00,404.802447439
2016/07/13 16:00,403.593875839
2016/07/13 17:00,403.592868696
2016/07/13 18:00,403.599918697
2016/07/13 19:00,403.549561547
2016/07/13 20:00,403.505247255
2016/07/13 21:00,403.765090149
2016/07/13 22:00,405.060276047
2016/07/13 23:00,406.182233349
2016/07/14 00:00,407.852076443
2016/07/14 01:00,408.014226466
2016/07/14 02:00,406.455169102
2016/07/14 03:00,409.726369566
2016/07/14 04:00,410.349791083
2016/07/14 05:00,408.114940766
2016/07/14 06:00,409.516883822
2016/07/14 07:00,409.550119541
2016/07/14 08:00,404.437861673
2016/07/14 09:00,404.893090309
2016/07/14 10:00,406.611276267
2016/07/14 11:00,404.714825998
2016/07/14 12:00,404.56778312
2016/07/14 13:00,405.147897488
2016/07/14 14:00,403.539490117
2016/07/14 15:00,402.551482834
2016/07/14 16:00,402.914054314
2016/07/14 17:00,402.439689961
2016/07/14 18:00,402.621982844
2016/07/14 19:00,402.968440036
2016/07/14 20:00,401.990504183
2016/07/14 21:00,401.865618451
2016/07/14 22:00,401.21399693
2016/07/14 23:00,400.481803969
2016/07/15 00:00,400.204839644
2016/07/15 01:00,400.528132547
2016/07/15 02:00,400.556332551
2016/07/15 03:00,400.835311162
2016/07/15 04:00,403.740918717
2016/07/15 05:00,404.701733139
2016/07/15 06:00,404.055147333
2016/07/15 07:00,402.172797066
2016/07/15 08:00,400.492882542
2016/07/15 09:00,399.311503803
2016/07/15 10:00,397.995167902
2016/07/15 11:00,397.842082166
2016/07/15 12:00,397.510732119
2016/07/15 13:00,397.489582116
2016/07/15 14:00,397.747410724
2016/07/15 15:00,397.999196474
2016/07/15 16:00,398.221775077
2016/07/15 17:00,398.547082266
2016/07/15 18:00,398.8874966
2016/07/15 19:00,399.133239492
2016/07/15 20:00,399.416246675
2016/07/15 21:00,399.694218143
2016/07/15 22:00,400.292461085
2016/07/15 23:00,400.611725416
2016/07/16 00:00,400.57949684
2016/07/16 01:00,400.803082586
2016/07/16 02:00,400.747689721
2016/07/16 03:00,400.868546881
2016/07/16 04:00,401.557432693
2016/07/16 05:00,402.286604225
2016/07/16 06:00,401.061918337
2016/07/16 07:00,400.573453982
2016/07/16 08:00,400.299511086
2016/07/16 09:00,399.816082446
2016/07/16 10:00,399.571346697
2016/07/16 11:00,399.45149668
2016/07/16 12:00,399.524010976
2016/07/16 13:00,399.732489577
2016/07/16 14:00,399.927875319
2016/07/16 15:00,400.027582476
2016/07/16 16:00,399.980246755
2016/07/16 17:00,400.233039648
2016/07/16 18:00,400.288432513
2016/07/16 19:00,400.732582576
2016/07/16 20:00,400.941061177
2016/07/16 21:00,399.739539578
2016/07/16 22:00,400.469718253
2016/07/16 23:00,399.977225326
2016/07/17 00:00,399.286325228
2016/07/17 01:00,400.5996397
2016/07/17 02:00,400.834304019
2016/07/17 03:00,400.697332571
2016/07/17 04:00,401.400318385
2016/07/17 05:00,402.425589959
2016/07/17 06:00,401.728647003
2016/07/17 07:00,400.384111098
2016/07/17 08:00,399.761696724
2016/07/17 09:00,399.417253818
2016/07/17 10:00,399.541132407
2016/07/17 11:00,399.646882422
2016/07/17 12:00,397.722232149
2016/07/17 13:00,397.419082106
2016/07/17 14:00,397.853160739
2016/07/17 15:00,398.260046511
2016/07/17 16:00,398.190553644
2016/07/17 17:00,398.140196494
2016/07/17 18:00,398.20263936
2016/07/17 19:00,398.418167962
2016/07/17 20:00,398.328532235
2016/07/17 21:00,398.330546521
2016/07/17 22:00,398.227817935
2016/07/17 23:00,398.430253678
2016/07/18 00:00,398.539025122
2016/07/18 01:00,398.269110798
2016/07/18 02:00,398.392989387
2016/07/18 03:00,398.778725156
2016/07/18 04:00,399.367903811
2016/07/18 05:00,399.07885377
2016/07/18 06:00,402.024747045
2016/07/18 07:00,401.907918457
2016/07/18 08:00,402.053954192
2016/07/18 09:00,402.404439956
2016/07/18 10:00,400.812146873
2016/07/18 11:00,399.467610968
2016/07/18 12:00,399.242010936
2016/07/18 13:00,398.966053754
2016/07/18 14:00,398.538017979
2016/07/18 15:00,398.318460805
2016/07/18 16:00,397.954882182
2016/07/18 17:00,397.867260741
2016/07/18 18:00,397.409010676
2016/07/18 19:00,397.351603525
2016/07/18 20:00,397.504689261
2016/07/18 21:00,397.833017879
2016/07/18 22:00,398.259039368
2016/07/18 23:00,398.318460805
2016/07/19 00:00,399.147339494
2016/07/19 01:00,397.731296436
2016/07/19 02:00,399.932911034
2016/07/19 03:00,403.79228301
2016/07/19 04:00,408.47549796
2016/07/19 05:00,414.82049886
2016/07/19 06:00,413.000591459
2016/07/19 07:00,400.435475391
2016/07/19 08:00,397.774603585
2016/07/19 09:00,396.370646243
2016/07/19 10:00,395.774417587
2016/07/19 11:00,396.008074763
2016/07/19 12:00,396.394817675
2016/07/19 13:00,396.099724776
2016/07/19 14:00,396.00706762
2016/07/19 15:00,395.974839044
2016/07/19 16:00,396.123896208
2016/07/19 17:00,396.276981944
2016/07/19 18:00,396.553946269
2016/07/19 19:00,397.224703507
2016/07/19 20:00,398.010275047
2016/07/19 21:00,398.60549656
2016/07/19 22:00,398.771675155
2016/07/19 23:00,400.621796846
2016/07/20 00:00,402.23121136
2016/07/20 01:00,402.567597122
2016/07/20 02:00,403.755018719
2016/07/20 03:00,402.248332791
2016/07/20 04:00,401.678289853
2016/07/20 05:00,401.215004073
2016/07/20 06:00,399.043603765
2016/07/20 07:00,398.878432313
2016/07/20 08:00,398.711246575
2016/07/20 09:00,398.254003653
2016/07/20 10:00,397.701082146
2016/07/20 11:00,398.944903751
2016/07/20 12:00,399.318553804
2016/07/20 13:00,396.662717713
2016/07/20 14:00,396.959824898
2016/07/20 15:00,396.75235344
2016/07/20 16:00,396.388774817
2016/07/20 17:00,396.145046211
2016/07/20 18:00,396.223603365
2016/07/20 19:00,396.30921052
2016/07/20 20:00,396.458267684
2016/07/20 21:00,396.824867736
2016/07/20 22:00,397.300239232
2016/07/20 23:00,397.54799641
2016/07/21 00:00,397.74942501
2016/07/21 01:00,398.441332251
2016/07/21 02:00,398.102932203
2016/07/21 03:00,397.22571065
2016/07/21 04:00,397.307289233
2016/07/21 05:00,402.884847167
2016/07/21 06:00,407.565040688
2016/07/21 07:00,406.019076183
2016/07/21 08:00,397.091760631
2016/07/21 09:00,396.371653386
2016/07/21 10:00,396.407910534
2016/07/21 11:00,396.314246235
2016/07/21 12:00,396.46028197
2016/07/21 13:00,396.580131987
2016/07/21 14:00,396.865153456
2016/07/21 15:00,396.3696391
2016/07/21 16:00,396.313239092
2016/07/21 17:00,396.922560607
2016/07/21 18:00,397.153196354
2016/07/21 19:00,397.766546441
2016/07/21 20:00,398.543053694
2016/07/21 21:00,399.640839564
2016/07/21 22:00,400.411303959
2016/07/21 23:00,400.873582596
2016/07/22 00:00,400.445546821
2016/07/22 01:00,399.766732439
2016/07/22 02:00,401.421468388
2016/07/22 03:00,401.930075603
2016/07/22 04:00,401.007532615
2016/07/22 05:00,405.879083306
2016/07/22 06:00,410.517983964
2016/07/22 07:00,404.036011616
2016/07/22 08:00,402.979518609
2016/07/22 09:00,406.73314057
2016/07/22 10:00,406.480347677
2016/07/22 11:00,402.254375649
2016/07/22 12:00,402.239268504
2016/07/22 13:00,398.27313937
2016/07/22 14:00,399.345746665
2016/07/22 15:00,400.332746805
2016/07/22 16:00,400.555325408
2016/07/22 17:00,399.815075303
2016/07/22 18:00,399.678103855
2016/07/22 19:00,400.080961055
2016/07/22 20:00,400.288432513
2016/07/22 21:00,400.272318225
2016/07/22 22:00,400.410296816
2016/07/22 23:00,400.60971113
2016/07/23 00:00,401.973382752
2016/07/23 01:00,406.18928335
2016/07/23 02:00,413.076127184
2016/07/23 03:00,410.210805349
2016/07/23 04:00,410.372955372
2016/07/23 05:00,409.545083826
2016/07/23 06:00,407.090676335
2016/07/23 07:00,406.304097652
2016/07/23 08:00,406.319204797
2016/07/23 09:00,402.068054194
2016/07/23 10:00,401.707497
2016/07/23 11:00,400.667118281
2016/07/23 12:00,400.066861053
2016/07/23 13:00,399.946003893
2016/07/23 14:00,399.870468168
2016/07/23 15:00,399.971182468
2016/07/23 16:00,400.23706822
2016/07/23 17:00,400.403246815
2016/07/23 18:00,400.542232549
2016/07/23 19:00,400.491875399
2016/07/23 20:00,400.45863968
2016/07/23 21:00,401.164646923
2016/07/23 22:00,401.248239792
2016/07/23 23:00,403.37935438
2016/07/24 00:00,404.886040308
2016/07/24 01:00,408.503697964
2016/07/24 02:00,408.76756943
2016/07/24 03:00,407.72014071
2016/07/24 04:00,412.103227046
2016/07/24 05:00,414.856756008
2016/07/24 06:00,409.201648063
2016/07/24 07:00,414.284698784
2016/07/24 08:00,401.110261201
2016/07/24 09:00,401.601746985
2016/07/24 10:00,400.783946869
2016/07/24 11:00,401.033718333
2016/07/24 12:00,400.970268324
2016/07/24 13:00,401.372118381
2016/07/24 14:00,401.317732659
2016/07/24 15:00,400.830275447
2016/07/24 16:00,400.268289653
2016/07/24 17:00,399.692203857
2016/07/24 18:00,399.994346757
2016/07/24 19:00,400.74063972
2016/07/24 20:00,401.451682678
2016/07/24 21:00,403.625097272
2016/07/24 22:00,412.943184308
2016/07/24 23:00,405.848869016
2016/07/25 00:00,405.3332118
2016/07/25 01:00,403.840625874
2016/07/25 02:00,405.077397478
2016/07/25 03:00,407.094704907
2016/07/25 04:00,407.053412044
2016/07/25 05:00,403.884940166
2016/07/25 06:00,405.793476151
2016/07/25 07:00,405.906276167
2016/07/25 08:00,402.60385427
2016/07/25 09:00,401.271404081
2016/07/25 10:00,400.953146893
2016/07/25 11:00,400.48885397
2016/07/25 12:00,399.858382452
2016/07/25 13:00,400.099089629
2016/07/25 14:00,400.128296776
2016/07/25 15:00,400.410296816
2016/07/25 16:00,401.806197014
2016/07/25 17:00,401.815261301
2016/07/25 18:00,402.236247075
2016/07/25 19:00,402.924125744
2016/07/25 20:00,403.014768614
2016/07/25 21:00,402.605868556
2016/07/25 22:00,403.021818615
2016/07/25 23:00,402.840532875
2016/07/26 00:00,401.96935418
2016/07/26 01:00,405.115668912
2016/07/26 02:00,404.807483154
2016/07/26 03:00,404.404625954
2016/07/26 04:00,407.452240672
2016/07/26 05:00,402.932182888
2016/07/26 06:00,401.336868376
2016/07/26 07:00,401.663182708
2016/07/26 08:00,402.822404301
2016/07/26 09:00,402.265454222
2016/07/26 10:00,401.2039255
2016/07/26 11:00,400.970268324
2016/07/26 12:00,401.55642555
2016/07/26 13:00,401.461754108
2016/07/26 14:00,400.721504003
2016/07/26 15:00,405.734054714
2016/07/26 16:00,405.953611888
2016/07/26 17:00,405.275804649
2016/07/26 18:00,406.256761931
2016/07/26 19:00,409.131148053
2016/07/26 20:00,413.373234369
2016/07/26 21:00,410.66099827
2016/07/26 22:00,409.534005253
2016/07/26 23:00,406.835869156
2016/07/27 00:00,406.295033365
2016/07/27 01:00,405.070347477
2016/07/27 02:00,404.633247415
2016/07/27 03:00,406.212447639
2016/07/27 04:00,406.47128339
2016/07/27 05:00,406.260790503
2016/07/27 06:00,405.750169002
2016/07/27 07:00,403.667397278
2016/07/27 08:00,402.794204297
2016/07/27 09:00,402.670325708
2016/07/27 10:00,404.878990307
2016/07/27 11:00,404.335133087
2016/07/27 12:00,405.152933203
2016/07/27 13:00,406.021090469
2016/07/27 14:00,404.730940286
2016/07/27 15:00,404.976683178
2016/07/27 16:00,405.521547541
2016/07/27 17:00,405.299976081
2016/07/27 18:00,405.6353547
2016/07/27 19:00,405.408747525
2016/07/27 20:00,404.710797426
2016/07/27 21:00,404.686625994
2016/07/27 22:00,404.383475951
2016/07/27 23:00,404.212261641
2016/07/28 00:00,404.043061617
2016/07/28 01:00,403.687540138
2016/07/28 02:00,404.472104535
2016/07/28 03:00,405.832754728
2016/07/28 04:00,404.903161739
2016/07/28 05:00,404.210247355
2016/07/28 06:00,405.481261821
2016/07/28 07:00,403.860768734
2016/07/28 08:00,403.466975821
2016/07/28 09:00,402.990597182
2016/07/28 10:00,403.013761471
2016/07/28 11:00,403.398490097
2016/07/28 12:00,403.387411524
2016/07/28 13:00,403.081240052
2016/07/28 14:00,404.5274974
2016/07/28 15:00,404.179025922
2016/07/28 16:00,405.310047511
2016/07/28 17:00,405.965697604
2016/07/28 18:00,406.628397698
2016/07/28 19:00,406.150004773
2016/07/28 20:00,406.06842619
2016/07/28 21:00,405.84685473
2016/07/28 22:00,405.569890405
2016/07/28 23:00,405.471190391
2016/07/29 00:00,405.843833301
2016/07/29 01:00,405.788440436
2016/07/29 02:00,406.011019039
2016/07/29 03:00,406.989962035
2016/07/29 04:00,406.997012036
2016/07/29 05:00,406.6424977
2016/07/29 06:00,406.07849762
2016/07/29 07:00,403.193032925
2016/07/29 08:00,402.585725696
2016/07/29 09:00,402.303725656
2016/07/29 10:00,402.283582796
2016/07/29 11:00,402.323868516
2016/07/29 12:00,402.524289973
2016/07/29 13:00,402.515225686
2016/07/29 14:00,402.476954252
2016/07/29 15:00,402.544432833
2016/07/29 16:00,402.854632877
2016/07/29 17:00,403.058075763
2016/07/29 18:00,403.336047231
2016/07/29 19:00,403.572725836
2016/07/29 20:00,403.654304419
2016/07/29 21:00,403.644232989
2016/07/29 22:00,403.779190151
2016/07/29 23:00,403.804368726
2016/07/30 00:00,404.090397338
2016/07/30 01:00,404.263625934
2016/07/30 02:00,404.544618831
2016/07/30 03:00,404.957547461
2016/07/30 04:00,406.137919057
2016/07/30 05:00,405.865990447
2016/07/30 06:00,405.369468948
2016/07/30 07:00,405.329183228
2016/07/30 08:00,405.317097512
2016/07/30 09:00,404.942440316
2016/07/30 10:00,404.820576013
2016/07/30 11:00,404.774247435
2016/07/30 12:00,404.812518869
2016/07/30 13:00,405.093511766
2016/07/30 14:00,405.516511826
2016/07/30 15:00,404.905176025
2016/07/30 16:00,404.883018879
2016/07/30 17:00,404.526490257
2016/07/30 18:00,404.413690241
2016/07/30 19:00,404.350240232
2016/07/30 20:00,404.137733059
2016/07/30 21:00,404.052125904
2016/07/30 22:00,404.006804469
2016/07/30 23:00,403.871847307
2016/07/31 00:00,403.745954432
2016/07/31 01:00,404.686625994
2016/07/31 02:00,404.228375929
2016/07/31 03:00,406.39071195
2016/07/31 04:00,408.357662229
2016/07/31 05:00,407.975955032
2016/07/31 06:00,404.999847467
2016/07/31 07:00,404.541597402
2016/07/31 08:00,403.699625854
2016/07/31 09:00,403.130590059
2016/07/31 10:00,403.122532915
2016/07/31 11:00,402.884847167
2016/07/31 12:00,402.806290013
2016/07/31 13:00,402.666297136
2016/07/31 14:00,402.615939986
2016/07/31 15:00,402.156682778
2016/07/31 16:00,402.08013991
2016/07/31 17:00,402.172797066
2016/07/31 18:00,402.50313997
2016/07/31 19:00,402.263439936
2016/07/31 20:00,402.125461345
2016/07/31 21:00,402.277539938
2016/07/31 22:00,402.701547141
2016/07/31 23:00,402.983547181
2016/08/01 00:00,403.481075823
2016/08/01 01:00,403.586825838
2016/08/01 02:00,403.566682978
2016/08/01 03:00,403.734875859
2016/08/01 04:00,404.057161619
2016/08/01 05:00,408.228747925
2016/08/01 06:00,408.91864088
2016/08/01 07:00,403.960475891
2016/08/01 08:00,402.233225646
2016/08/01 09:00,401.815261301
2016/08/01 10:00,401.654118421
2016/08/01 11:00,401.65713985
2016/08/01 12:00,401.569518409
2016/08/01 13:00,401.448661249
2016/08/01 14:00,401.150546921
2016/08/01 15:00,400.897754028
2016/08/01 16:00,401.339889805
2016/08/01 17:00,401.454704107
2016/08/01 18:00,401.305646943
2016/08/01 19:00,400.870561167
2016/08/01 20:00,399.665010996
2016/08/01 21:00,400.129303919
2016/08/01 22:00,401.481896968
2016/08/01 23:00,400.636903991
2016/08/02 00:00,399.680118141
2016/08/02 01:00,399.609618131
2016/08/02 02:00,400.341811092
2016/08/02 03:00,400.669132567
2016/08/02 04:00,400.878618311
2016/08/02 05:00,401.357011236
2016/08/02 06:00,400.416339674
2016/08/02 07:00,398.840160879
2016/08/02 08:00,398.793832301
2016/08/02 09:00,399.696232429
2016/08/02 10:00,399.208775217
2016/08/02 11:00,398.654846567
2016/08/02 12:00,398.119046491
2016/08/02 13:00,397.909560747
2016/08/02 14:00,397.698060717
2016/08/02 15:00,397.876325028
2016/08/02 16:00,398.218753648
2016/08/02 17:00,399.968161039
2016/08/02 18:00,401.119325488
2016/08/02 19:00,401.226082646
2016/08/02 20:00,403.350147233
2016/08/02 21:00,405.732040428
2016/08/02 22:00,402.772047151
2016/08/02 23:00,399.626739562
2016/08/03 00:00,399.988303899
2016/08/03 01:00,399.851332451
2016/08/03 02:00,398.966053754
2016/08/03 03:00,400.072903911
2016/08/03 04:00,402.958368606
2016/08/03 05:00,404.479154536
2016/08/03 06:00,404.579868836
2016/08/03 07:00,403.442804389
2016/08/03 08:00,403.243390075
2016/08/03 09:00,402.965418607
2016/08/03 10:00,401.075011196
2016/08/03 11:00,398.791818015
2016/08/03 12:00,397.988117901
2016/08/03 13:00,397.65878214
2016/08/03 14:00,397.529867836
2016/08/03 15:00,398.084803629
2016/08/03 16:00,397.868267884
2016/08/03 17:00,398.983175185
2016/08/03 18:00,399.021446619
2016/08/03 19:00,399.484732399
2016/08/03 20:00,398.787789443
2016/08/03 21:00,398.072717913
2016/08/03 22:00,397.671874999
2016/08/03 23:00,397.444260681
2016/08/04 00:00,397.006153476
2016/08/04 01:00,396.19842479
2016/08/04 02:00,396.0674962
2016/08/04 03:00,395.650538998
2016/08/04 04:00,395.192288933
2016/08/04 05:00,395.062367486
2016/08/04 06:00,397.006153476
2016/08/04 07:00,397.710146433
2016/08/04 08:00,397.645689281
2016/08/04 09:00,396.672789143
2016/08/04 10:00,395.702910434
2016/08/04 11:00,393.696681578
2016/08/04 12:00,393.678553004
2016/08/04 13:00,393.667474431
2016/08/04 14:00,393.813510166
2016/08/04 15:00,393.631217283
2016/08/04 16:00,393.375402961
2016/08/04 17:00,393.62013871
2016/08/04 18:00,393.71078158
2016/08/04 19:00,393.905160179
2016/08/04 20:00,394.084431633
2016/08/04 21:00,394.30499595
2016/08/04 22:00,394.428874539
2016/08/04 23:00,394.691738862
2016/08/05 00:00,395.641474711
2016/08/05 01:00,396.773503443
2016/08/05 02:00,395.354438956
2016/08/05 03:00,396.155117641
2016/08/05 04:00,395.295017519
2016/08/05 05:00,395.420910394
2016/08/05 06:00,395.710967578
2016/08/05 07:00,394.779360303
2016/08/05 08:00,394.694760291
2016/08/05 09:00,394.657496
2016/08/05 10:00,394.493331691
2016/08/05 11:00,394.490310262
2016/08/05 12:00,394.964674615
2016/08/05 13:00,395.395731819
2016/08/05 14:00,395.887217603
2016/08/05 15:00,395.310124664
2016/08/05 16:00,394.851874599
2016/08/05 17:00,396.446181968
2016/08/05 18:00,396.466324828
2016/08/05 19:00,396.94371061
2016/08/05 20:00,398.026389335
2016/08/05 21:00,397.029317765
2016/08/05 22:00,396.429060537
2016/08/05 23:00,396.81278202
2016/08/06 00:00,397.480517829
2016/08/06 01:00,397.220674935
2016/08/06 02:00,397.785682158
2016/08/06 03:00,398.882460885
2016/08/06 04:00,397.972003613
2016/08/06 05:00,397.4774964
2016/08/06 06:00,396.969896328
2016/08/06 07:00,397.543967838
2016/08/06 08:00,398.27313937
2016/08/06 09:00,397.715182148
2016/08/06 10:00,396.797674875
2016/08/06 11:00,397.132046351
2016/08/06 12:00,396.539846267
2016/08/06 13:00,396.443160539
2016/08/06 14:00,395.216460365
2016/08/06 15:00,394.447003113
2016/08/06 16:00,394.249603085
2016/08/06 17:00,394.329167382
2016/08/06 18:00,394.464124544
2016/08/06 19:00,394.701810292
2016/08/06 20:00,394.844824598
2016/08/06 21:00,395.061360343
2016/08/06 22:00,395.117760351
2016/08/06 23:00,395.28192466
2016/08/07 00:00,396.191374789
2016/08/07 01:00,397.488574973
2016/08/07 02:00,398.079767914
2016/08/07 03:00,410.150376769
2016/08/07 04:00,414.077227326
2016/08/07 05:00,407.978976461
2016/08/07 06:00,411.702384132
2016/08/07 07:00,406.182233349
2016/08/07 08:00,404.018890185
2016/08/07 09:00,402.189918497
2016/08/07 10:00,402.44271139
2016/08/07 11:00,403.121525772
2016/08/07 12:00,401.454704107
2016/08/07 13:00,396.869182028
2016/08/07 14:00,396.638546281
2016/08/07 15:00,396.603296276
2016/08/07 16:00,397.118953492
2016/08/07 17:00,397.735325008
2016/08/07 18:00,398.36378224
2016/08/07 19:00,399.182589499
2016/08/07 20:00,399.726446719
2016/08/07 21:00,400.229011076
2016/08/07 22:00,400.880632597
2016/08/07 23:00,401.654118421
2016/08/08 00:00,401.581604125
2016/08/08 01:00,402.031797046
2016/08/08 02:00,402.851611448
2016/08/08 03:00,409.55314097
2016/08/08 04:00,414.5989274
2016/08/08 05:00,416.242584776
2016/08/08 06:00,411.955177025
2016/08/08 07:00,408.61649798
2016/08/08 08:00,406.960754888
2016/08/08 09:00,405.853904731
2016/08/08 10:00,406.192304779
2016/08/08 11:00,400.064846767
2016/08/08 12:00,399.063746625
2016/08/08 13:00,399.152375209
2016/08/08 14:00,399.94499675
2016/08/08 15:00,400.259225366
2016/08/08 16:00,400.53921112
2016/08/08 17:00,400.545253978
2016/08/08 18:00,401.088104055
2016/08/08 19:00,402.339982804
2016/08/08 20:00,403.102390055
2016/08/08 21:00,403.688547281
2016/08/08 22:00,404.070254478
2016/08/08 23:00,404.903161739
2016/08/09 00:00,405.150918917
2016/08/09 01:00,405.327168942
2016/08/09 02:00,406.214461925
2016/08/09 03:00,406.956726316
2016/08/09 04:00,412.390262801
2016/08/09 05:00,418.173277907
2016/08/09 06:00,413.224177205
2016/08/09 07:00,410.815091149
2016/08/09 08:00,408.003147893
2016/08/09 09:00,405.824697584
2016/08/09 10:00,404.795397438
2016/08/09 11:00,404.589940266
2016/08/09 12:00,405.234511786
2016/08/09 13:00,406.810690581
2016/08/09 14:00,405.951597602
2016/08/09 15:00,406.564947689
2016/08/09 16:00,404.463040248
2016/08/09 17:00,402.998654326
2016/08/09 18:00,404.474118821
2016/08/09 19:00,405.185161779
2016/08/09 20:00,403.836597302
2016/08/09 21:00,403.836597302
2016/08/09 22:00,404.040040188
2016/08/09 23:00,408.181412204
2016/08/10 00:00,402.363147093
2016/08/10 01:00,403.404532955
2016/08/10 02:00,403.879904451
2016/08/10 03:00,403.831561587
2016/08/10 04:00,405.86699759
2016/08/10 05:00,404.886040308
2016/08/10 06:00,402.934197174
2016/08/10 07:00,402.252361363
2016/08/10 08:00,401.624911274
2016/08/10 09:00,401.003504043
2016/08/10 10:00,400.845382592
2016/08/10 11:00,400.521082546
2016/08/10 12:00,400.58956827
2016/08/10 13:00,400.84135402
2016/08/10 14:00,401.11328263
2016/08/10 15:00,401.177739782
2016/08/10 16:00,401.341904091
2016/08/10 17:00,400.77085401
2016/08/10 18:00,401.1032112
2016/08/10 19:00,401.56649698
2016/08/10 20:00,401.82835416
2016/08/10 21:00,401.966332751
2016/08/10 22:00,401.26435408
2016/08/10 23:00,401.755839864
2016/08/11 00:00,401.709511286
2016/08/11 01:00,401.864611308
2016/08/11 02:00,401.89885417
2016/08/11 03:00,401.725625574
2016/08/11 04:00,401.826339874
2016/08/11 05:00,401.891804169
2016/08/11 06:00,401.625918417
2016/08/11 07:00,402.772047151
2016/08/11 08:00,403.73185443
2016/08/11 09:00,401.258311222
2016/08/11 10:00,400.671146853
2016/08/11 11:00,400.535182548
2016/08/11 12:00,400.081968198
2016/08/11 13:00,399.898668172
2016/08/11 14:00,399.959096752
2016/08/11 15:00,399.910753888
2016/08/11 16:00,399.966146753
2016/08/11 17:00,399.999382472
2016/08/11 18:00,400.433461105
2016/08/11 19:00,400.817182588
2016/08/11 20:00,400.969261181
2016/08/11 21:00,401.2039255
2016/08/11 22:00,401.118318345
2016/08/11 23:00,401.017604045
2016/08/12 00:00,402.092225626
2016/08/12 01:00,402.001582756
2016/08/12 02:00,401.089111198
2016/08/12 03:00,401.109254058
2016/08/12 04:00,401.436575533
2016/08/12 05:00,403.941340174
2016/08/12 06:00,403.366261521
2016/08/12 07:00,401.443625534
2016/08/12 08:00,400.657046851
2016/08/12 09:00,400.517053974
2016/08/12 10:00,400.243111078
2016/08/12 11:00,400.335768234
2016/08/12 12:00,400.369003953
2016/08/12 13:00,400.38813967
2016/08/12 14:00,400.362961095
2016/08/12 15:00,400.425403961
2016/08/12 16:00,400.623811132
2016/08/12 17:00,400.95213975
2016/08/12 18:00,400.929982604
2016/08/12 19:00,399.856368166
2016/08/12 20:00,400.014489617
2016/08/12 21:00,400.264261081
2016/08/12 22:00,399.917803889
2016/08/12 23:00,399.952046751
2016/08/13 00:00,400.530146833
2016/08/13 01:00,400.843368306
2016/08/13 02:00,400.867539738
2016/08/13 03:00,401.281475511
2016/08/13 04:00,402.338975661
2016/08/13 05:00,402.782118581
2016/08/13 06:00,401.434561247
2016/08/13 07:00,401.688361283
2016/08/13 08:00,403.925225886
2016/08/13 09:00,404.495268824
2016/08/13 10:00,403.129582916
2016/08/13 11:00,403.267561507
2016/08/13 12:00,403.353168662
2016/08/13 13:00,403.150732919
2016/08/13 14:00,402.511197114
2016/08/13 15:00,402.205025642
2016/08/13 16:00,402.247325648
2016/08/13 17:00,402.203011356
2016/08/13 18:00,402.302718513
2016/08/13 19:00,402.492061397
2016/08/13 20:00,402.357104235
2016/08/13 21:00,402.90599717
2016/08/13 22:00,403.250440076
2016/08/13 23:00,403.79228301
2016/08/14 00:00,404.529511686
2016/08/14 01:00,404.552675975
2016/08/14 02:00,405.048190331
2016/08/14 03:00,405.871026162
2016/08/14 04:00,406.72306914
2016/08/14 05:00,405.770311862
2016/08/14 06:00,407.356562087
2016/08/14 07:00,403.526397258
2016/08/14 08:00,402.162725636
2016/08/14 09:00,402.226175645
2016/08/14 10:00,404.216290213
2016/08/14 11:00,405.077397478
2016/08/14 12:00,406.720047711
2016/08/14 13:00,404.03399733
2016/08/14 14:00,401.880725596
2016/08/14 15:00,401.863604165
2016/08/14 16:00,401.326796946
2016/08/14 17:00,401.124361203
2016/08/14 18:00,401.008539758
2016/08/14 19:00,400.713446859
2016/08/14 20:00,400.960196894
2016/08/14 21:00,401.277446939
2016/08/14 22:00,401.703468428
2016/08/14 23:00,402.069061337
2016/08/15 00:00,402.263439936
2016/08/15 01:00,402.693489997
2016/08/15 02:00,402.315811372
2016/08/15 03:00,402.88585431
2016/08/15 04:00,402.819382872
2016/08/15 05:00,402.997647183
2016/08/15 06:00,403.821490157
2016/08/15 07:00,402.6139257
2016/08/15 08:00,401.955254178
2016/08/15 09:00,401.666204137
2016/08/15 10:00,401.3046398
2016/08/15 11:00,401.075011196
2016/08/15 12:00,401.061918337
2016/08/15 13:00,401.038754048
2016/08/15 14:00,401.019618331
2016/08/15 15:00,401.06292548
2016/08/15 16:00,401.326796946
2016/08/15 17:00,401.490961255
2016/08/15 18:00,401.827347017
2016/08/15 19:00,401.973382752
2016/08/15 20:00,402.286604225
2016/08/15 21:00,402.07006848
2016/08/15 22:00,401.538296976
2016/08/15 23:00,402.327897088
2016/08/16 00:00,402.99664004
2016/08/16 01:00,403.833575873
2016/08/16 02:00,403.011747185
2016/08/16 03:00,402.862690021
2016/08/16 04:00,402.062011336
2016/08/16 05:00,403.240368646
2016/08/16 06:00,403.201090069
2016/08/16 07:00,399.812053874
2016/08/16 08:00,399.466603825
2016/08/16 09:00,398.747503723
2016/08/16 10:00,399.247046651
2016/08/16 11:00,399.174532355
2016/08/16 12:00,399.259132367
2016/08/16 13:00,399.512932403
2016/08/16 14:00,399.666018139
2016/08/16 15:00,399.544153836
2016/08/16 16:00,400.159518209
2016/08/16 17:00,399.717382432
2016/08/16 18:00,400.264261081
2016/08/16 19:00,400.51906826
2016/08/16 20:00,400.866532595
2016/08/16 21:00,399.817089589
2016/08/16 22:00,399.368910954
2016/08/16 23:00,399.392075243
2016/08/17 00:00,399.737525292
2016/08/17 01:00,400.643953992
2016/08/17 02:00,399.531060977
2016/08/17 03:00,399.968161039
2016/08/17 04:00,400.182682498
2016/08/17 05:00,400.793011156
2016/08/17 06:00,399.523003833
2016/08/17 07:00,399.167482354
2016/08/17 08:00,398.39399653
2016/08/17 09:00,397.826975021
2016/08/17 10:00,397.446274967
2016/08/17 11:00,397.337503523
2016/08/17 12:00,397.116939206
2016/08/17 13:00,397.122982064
2016/08/17 14:00,397.079674915
2016/08/17 15:00,397.131039208
2016/08/17 16:00,397.202546361
2016/08/17 17:00,397.433182108
2016/08/17 18:00,397.656767854
2016/08/17 19:00,397.839060737
2016/08/17 20:00,397.921646463
2016/08/17 21:00,398.14221078
2016/08/17 22:00,398.382917957
2016/08/17 23:00,398.256017939
2016/08/18 00:00,398.216739362
2016/08/18 01:00,398.396010816
2016/08/18 02:00,399.438403821
2016/08/18 03:00,398.805918017
2016/08/18 04:00,399.865432453
2016/08/18 05:00,399.585446699
2016/08/18 06:00,400.110168202
2016/08/18 07:00,399.04863948
2016/08/18 08:00,398.593410844
2016/08/18 09:00,398.493703687
2016/08/18 10:00,398.711246575
2016/08/18 11:00,398.448382252
2016/08/18 12:00,398.497732259
2016/08/18 13:00,399.68313957
2016/08/18 14:00,399.800975301
2016/08/18 15:00,399.556239552
2016/08/18 16:00,399.588468128
2016/08/18 17:00,399.215825218
2016/08/18 18:00,399.31049666
2016/08/18 19:00,399.256110938
2016/08/18 20:00,399.402146673
2016/08/18 21:00,399.060725196
2016/08/18 22:00,398.532982264
2016/08/18 23:00,398.349682238
2016/08/19 00:00,398.265082226
2016/08/19 01:00,397.984089329
2016/08/19 02:00,398.239903651
2016/08/19 03:00,397.886396458
2016/08/19 04:00,397.895460745
2016/08/19 05:00,397.957903611
2016/08/19 06:00,397.918625034
2016/08/19 07:00,397.696046431
2016/08/19 08:00,397.435196394
2016/08/19 09:00,397.538932123
2016/08/19 10:00,397.267003513
2016/08/19 11:00,397.150174925
2016/08/19 12:00,397.61849642
2016/08/19 13:00,397.711153576
2016/08/19 14:00,397.292182088
2016/08/19 15:00,396.909467748
2016/08/19 16:00,396.437117681
2016/08/19 17:00,396.37971053
2016/08/19 18:00,396.330360523
2016/08/19 19:00,396.558981984
2016/08/19 20:00,396.724153436
2016/08/19 21:00,396.814796306
2016/08/19 22:00,396.977953472
2016/08/19 23:00,397.247867796
2016/08/20 00:00,397.500660689
2016/08/20 01:00,397.317360663
2016/08/20 02:00,397.373760671
2016/08/20 03:00,397.137082066
2016/08/20 04:00,397.348582096
2016/08/20 05:00,396.990039188
2016/08/20 06:00,396.76242487
2016/08/20 07:00,396.241731939
2016/08/20 08:00,396.082603345
2016/08/20 09:00,396.189360503
2016/08/20 10:00,396.006060477
2016/08/20 11:00,396.336403381
2016/08/20 12:00,396.351510526
2016/08/20 13:00,396.44013911
2016/08/20 14:00,396.499560547
2016/08/20 15:00,396.672789143
2016/08/20 16:00,396.925582036
2016/08/20 17:00,397.062553484
2016/08/20 18:00,397.25592494
2016/08/20 19:00,397.313332091
2016/08/20 20:00,397.335489237
2016/08/20 21:00,397.362682098
2016/08/20 22:00,397.160246355
2016/08/20 23:00,397.221682078
2016/08/21 00:00,397.115932063
2016/08/21 01:00,397.200532075
2016/08/21 02:00,397.212617791
2016/08/21 03:00,397.052482054
2016/08/21 04:00,397.066582056
2016/08/21 05:00,397.203553504
2016/08/21 06:00,396.947739182
2016/08/21 07:00,396.680846287
2016/08/21 08:00,396.660703427
2016/08/21 09:00,396.245760511
2016/08/21 10:00,396.235689081
2016/08/21 11:00,396.118860493
2016/08/21 12:00,396.206481934
2016/08/21 13:00,396.625453422
2016/08/21 14:00,397.164274927
2016/08/21 15:00,397.399946389
2016/08/21 16:00,397.503682118
2016/08/21 17:00,397.687989287
2016/08/21 18:00,397.855175025
2016/08/21 19:00,397.866253598
2016/08/21 20:00,397.781653586
2016/08/21 21:00,397.862225026
2016/08/21 22:00,398.082789343
2016/08/21 23:00,398.130125064
2016/08/22 00:00,398.035453622
2016/08/22 01:00,398.099910774
2016/08/22 02:00,397.482532115
2016/08/22 03:00,397.218660649
2016/08/22 04:00,397.565117841
2016/08/22 05:00,397.691010716
2016/08/22 06:00,397.33649638
2016/08/22 07:00,397.083703487
2016/08/22 08:00,397.408003533
2016/08/22 09:00,396.655667712
2016/08/22 10:00,397.764532155
2016/08/22 11:00,400.12628249
2016/08/22 12:00,400.832289733
2016/08/22 13:00,401.130404061
2016/08/22 14:00,400.976311182
2016/08/22 15:00,400.184696784
2016/08/22 16:00,399.306468088
2016/08/22 17:00,399.265175225
2016/08/22 18:00,399.313518089
2016/08/22 19:00,399.321575233
2016/08/22 20:00,399.283303799
2016/08/22 21:00,398.729375149
2016/08/22 22:00,398.462482254
2016/08/22 23:00,398.342632237
2016/08/23 00:00,398.439317965
2016/08/23 01:00,399.639832421
2016/08/23 02:00,399.732489577
2016/08/23 03:00,398.225803649
2016/08/23 04:00,397.919632177
2016/08/23 05:00,400.938039748
2016/08/23 06:00,399.55221098
2016/08/23 07:00,397.340524952
2016/08/23 08:00,397.009174905
2016/08/23 09:00,396.891339174
2016/08/23 10:00,396.754367726
2016/08/23 11:00,396.671782
2016/08/23 12:00,396.541860553
2016/08/23 13:00,396.708039148
2016/08/23 14:00,397.965960755
2016/08/23 15:00,398.865339454
2016/08/23 16:00,399.075832341
2016/08/23 17:00,399.341718093
2016/08/23 18:00,399.593503843
2016/08/23 19:00,399.56228241
2016/08/23 20:00,399.697239572
2016/08/23 21:00,399.52199669
2016/08/23 22:00,399.26013951
2016/08/23 23:00,398.673982284
2016/08/24 00:00,397.914596462
2016/08/24 01:00,398.131132207
2016/08/24 02:00,397.998189331
2016/08/24 03:00,397.824960735
2016/08/24 04:00,398.14221078
2016/08/24 05:00,399.009360903
2016/08/24 06:00,398.439317965
2016/08/24 07:00,398.65585371
2016/08/24 08:00,NaN
2016/08/24 09:00,NaN
2016/08/24 10:00,NaN
2016/08/24 11:00,NaN
2016/08/24 12:00,NaN
2016/08/24 13:00,NaN
2016/08/24 14:00,NaN
2016/08/24 15:00,NaN
2016/08/24 16:00,NaN
2016/08/24 17:00,NaN
2016/08/24 18:00,NaN
2016/08/24 19:00,NaN
2016/08/24 20:00,NaN
2016/08/24 21:00,NaN
2016/08/24 22:00,NaN
2016/08/24 23:00,NaN
2016/08/25 00:00,NaN
2016/08/25 01:00,NaN
2016/08/25 02:00,NaN
2016/08/25 03:00,NaN
2016/08/25 04:00,NaN
2016/08/25 05:00,NaN
2016/08/25 06:00,NaN
2016/08/25 07:00,NaN
2016/08/25 08:00,NaN
2016/08/25 09:00,NaN
2016/08/25 10:00,NaN
2016/08/25 11:00,NaN
2016/08/25 12:00,NaN
2016/08/25 13:00,NaN
2016/08/25 14:00,NaN
2016/08/25 15:00,NaN
2016/08/25 16:00,NaN
2016/08/25 17:00,NaN
2016/08/25 18:00,NaN
2016/08/25 19:00,NaN
2016/08/25 20:00,NaN
2016/08/25 21:00,NaN
2016/08/25 22:00,NaN
2016/08/25 23:00,NaN
2016/08/26 00:00,NaN
2016/08/26 01:00,NaN
2016/08/26 02:00,NaN
2016/08/26 03:00,NaN
2016/08/26 04:00,NaN
2016/08/26 05:00,NaN
2016/08/26 06:00,NaN
2016/08/26 07:00,NaN
2016/08/26 08:00,NaN
2016/08/26 09:00,NaN
2016/08/26 10:00,NaN
2016/08/26 11:00,NaN
2016/08/26 12:00,NaN
2016/08/26 13:00,NaN
2016/08/26 14:00,NaN
2016/08/26 15:00,NaN
2016/08/26 16:00,NaN
2016/08/26 17:00,NaN
2016/08/26 18:00,NaN
2016/08/26 19:00,NaN
2016/08/26 20:00,NaN
2016/08/26 21:00,NaN
2016/08/26 22:00,NaN
2016/08/26 23:00,NaN
2016/08/27 00:00,NaN
2016/08/27 01:00,NaN
2016/08/27 02:00,NaN
2016/08/27 03:00,NaN
2016/08/27 04:00,NaN
2016/08/27 05:00,NaN
2016/08/27 06:00,NaN
2016/08/27 07:00,NaN
2016/08/27 08:00,NaN
2016/08/27 09:00,NaN
2016/08/27 10:00,NaN
2016/08/27 11:00,NaN
2016/08/27 12:00,NaN
2016/08/27 13:00,NaN
2016/08/27 14:00,NaN
2016/08/27 15:00,NaN
2016/08/27 16:00,NaN
2016/08/27 17:00,NaN
2016/08/27 18:00,NaN
2016/08/27 19:00,NaN
2016/08/27 20:00,NaN
2016/08/27 21:00,NaN
2016/08/27 22:00,NaN
2016/08/27 23:00,NaN
2016/08/28 00:00,NaN
2016/08/28 01:00,NaN
2016/08/28 02:00,NaN
2016/08/28 03:00,NaN
2016/08/28 04:00,NaN
2016/08/28 05:00,NaN
2016/08/28 06:00,NaN
2016/08/28 07:00,NaN
2016/08/28 08:00,NaN
2016/08/28 09:00,NaN
2016/08/28 10:00,NaN
2016/08/28 11:00,NaN
2016/08/28 12:00,NaN
2016/08/28 13:00,NaN
2016/08/28 14:00,NaN
2016/08/28 15:00,NaN
2016/08/28 16:00,NaN
2016/08/28 17:00,NaN
2016/08/28 18:00,NaN
2016/08/28 19:00,NaN
2016/08/28 20:00,NaN
2016/08/28 21:00,NaN
2016/08/28 22:00,NaN
2016/08/28 23:00,NaN
2016/08/29 00:00,NaN
2016/08/29 01:00,NaN
2016/08/29 02:00,NaN
2016/08/29 03:00,NaN
2016/08/29 04:00,NaN
2016/08/29 05:00,NaN
2016/08/29 06:00,NaN
2016/08/29 07:00,NaN
2016/08/29 08:00,NaN
2016/08/29 09:00,NaN
2016/08/29 10:00,NaN
2016/08/29 11:00,NaN
2016/08/29 12:00,NaN
2016/08/29 13:00,NaN
2016/08/29 14:00,NaN
2016/08/29 15:00,NaN
2016/08/29 16:00,NaN
2016/08/29 17:00,NaN
2016/08/29 18:00,NaN
2016/08/29 19:00,NaN
2016/08/29 20:00,NaN
2016/08/29 21:00,NaN
2016/08/29 22:00,NaN
2016/08/29 23:00,NaN
2016/08/30 00:00,NaN
2016/08/30 01:00,NaN
2016/08/30 02:00,NaN
2016/08/30 03:00,NaN
2016/08/30 04:00,NaN
2016/08/30 05:00,NaN
2016/08/30 06:00,NaN
2016/08/30 07:00,NaN
2016/08/30 08:00,NaN
2016/08/30 09:00,NaN
2016/08/30 10:00,NaN
2016/08/30 11:00,NaN
2016/08/30 12:00,NaN
2016/08/30 13:00,NaN
2016/08/30 14:00,NaN
2016/08/30 15:00,NaN
2016/08/30 16:00,NaN
2016/08/30 17:00,NaN
2016/08/30 18:00,NaN
2016/08/30 19:00,NaN
2016/08/30 20:00,NaN
2016/08/30 21:00,NaN
2016/08/30 22:00,NaN
2016/08/30 23:00,NaN
2016/08/31 00:00,NaN
2016/08/31 01:00,NaN
2016/08/31 02:00,NaN
2016/08/31 03:00,NaN
2016/08/31 04:00,NaN
2016/08/31 05:00,NaN
2016/08/31 06:00,NaN
2016/08/31 07:00,NaN
2016/08/31 08:00,NaN
2016/08/31 09:00,NaN
2016/08/31 10:00,NaN
2016/08/31 11:00,NaN
2016/08/31 12:00,NaN
2016/08/31 13:00,NaN
2016/08/31 14:00,NaN
2016/08/31 15:00,NaN
2016/08/31 16:00,NaN
2016/08/31 17:00,NaN
2016/08/31 18:00,NaN
2016/08/31 19:00,NaN
2016/08/31 20:00,NaN
2016/08/31 21:00,NaN
2016/08/31 22:00,NaN
2016/08/31 23:00,NaN
