2017/03/01 00:00,473.29256853996
2017/03/01 01:00,467.56302294988
2017/03/01 02:00,488.65739483028
2017/03/01 03:00,512.12202899338
2017/03/01 04:00,510.11109280898
2017/03/01 05:00,538.41973100396
2017/03/01 06:00,555.28897015722
2017/03/01 07:00,534.12581688232
2017/03/01 08:00,477.8077924672
2017/03/01 09:00,432.75089982826
2017/03/01 10:00,415.62390932764
2017/03/01 11:00,415.38630362242
2017/03/01 12:00,413.0529061516
2017/03/01 13:00,411.84409707818
2017/03/01 14:00,411.67366030986
2017/03/01 15:00,411.26058898418
2017/03/01 16:00,413.0320953707
2017/03/01 17:00,417.69338780078
2017/03/01 18:00,424.45979401696
2017/03/01 19:00,431.81157273124
2017/03/01 20:00,440.3437006423
2017/03/01 21:00,462.96328608868
2017/03/01 22:00,485.67213114108
2017/03/01 23:00,470.41168124678
2017/03/02 00:00,484.9438243546
2017/03/02 01:00,501.63244810094
2017/03/02 02:00,514.11513744344
2017/03/02 03:00,502.50407213448
2017/03/02 04:00,528.9247139592
2017/03/02 05:00,552.23230482992
2017/03/02 06:00,576.69700535226
2017/03/02 07:00,564.85837188664
2017/03/02 08:00,487.25245044554
2017/03/02 09:00,467.49307252362
2017/03/02 10:00,433.4237884626
2017/03/02 11:00,415.69634898532
2017/03/02 12:00,419.09298084186
2017/03/02 13:00,419.31593333864
2017/03/02 14:00,416.5071430559
2017/03/02 15:00,416.55387409272
2017/03/02 16:00,417.11692413092
2017/03/02 17:00,419.58598975306
2017/03/02 18:00,436.0821767627
2017/03/02 19:00,445.44267453218
2017/03/02 20:00,469.71120950962
2017/03/02 21:00,472.04929318534
2017/03/02 22:00,480.59911781856
2017/03/02 23:00,489.28737193674
2017/03/03 00:00,484.95502085706
2017/03/03 01:00,501.9096497181
2017/03/03 02:00,506.41311278272
2017/03/03 03:00,515.81712675168
2017/03/03 04:00,538.21326588614
2017/03/03 05:00,550.37620488656
2017/03/03 06:00,584.13004185172
2017/03/03 07:00,583.97504436492
2017/03/03 08:00,511.01428070004
2017/03/03 09:00,463.74460241876
2017/03/03 10:00,443.91743073262
2017/03/03 11:00,424.5450426347
2017/03/03 12:00,415.69390006534
2017/03/03 13:00,415.80846517782
2017/03/03 14:00,416.22072019684
2017/03/03 15:00,416.66918496684
2017/03/03 16:00,426.70506060208
2017/03/03 17:00,430.3753365912
2017/03/03 18:00,431.98453904242
2017/03/03 19:00,433.06949121644
2017/03/03 20:00,430.76285046392
2017/03/03 21:00,426.31689166846
2017/03/03 22:00,426.09029098636
2017/03/03 23:00,428.2734981096
2017/03/04 00:00,425.09390304602
2017/03/04 01:00,420.61086780362
2017/03/04 02:00,418.3641903181
2017/03/04 03:00,417.3307561644
2017/03/04 04:00,417.7041912667
2017/03/04 05:00,419.6553657413
2017/03/04 06:00,421.24430161606
2017/03/04 07:00,420.65637941938
2017/03/04 08:00,414.0889101596
2017/03/04 09:00,411.276582548
2017/03/04 10:00,412.21072962498
2017/03/04 11:00,413.04588188318
2017/03/04 12:00,411.52672511106
2017/03/04 13:00,410.8568900683
2017/03/04 14:00,410.1835882417
2017/03/04 15:00,410.3927038367
2017/03/04 16:00,411.51227345982
2017/03/04 17:00,412.82013781918
2017/03/04 18:00,415.13823709852
2017/03/04 19:00,415.09318906432
2017/03/04 20:00,414.60400973992
2017/03/04 21:00,414.01547279378
2017/03/04 22:00,414.45192475466
2017/03/04 23:00,412.65928509572
2017/03/05 00:00,413.20001267402
2017/03/05 01:00,413.38963768778
2017/03/05 02:00,413.82041581348
2017/03/05 03:00,413.20510199332
2017/03/05 04:00,413.33539864526
2017/03/05 05:00,413.90325582268
2017/03/05 06:00,413.97884985054
2017/03/05 07:00,414.40231144988
2017/03/05 08:00,414.31577286606
2017/03/05 09:00,415.22374774062
2017/03/05 10:00,413.3361444069
2017/03/05 11:00,412.66800244462
2017/03/05 12:00,412.50565819788
2017/03/05 13:00,411.79127901392
2017/03/05 14:00,411.6134854078
2017/03/05 15:00,411.38366988836
2017/03/05 16:00,411.87822071214
2017/03/05 17:00,413.89367177782
2017/03/05 18:00,416.3285129874
2017/03/05 19:00,418.7955731154
2017/03/05 20:00,422.11835441386
2017/03/05 21:00,422.77439286628
2017/03/05 22:00,423.960073251
2017/03/05 23:00,423.5164458538
2017/03/06 00:00,420.6604811084
2017/03/06 01:00,420.44732429154
2017/03/06 02:00,419.29396360384
2017/03/06 03:00,420.542167032
2017/03/06 04:00,423.15220175982
2017/03/06 05:00,424.97870302836
2017/03/06 06:00,423.793284668
2017/03/06 07:00,435.09926292118
2017/03/06 08:00,416.40442950678
2017/03/06 09:00,413.50015150054
2017/03/06 10:00,412.26614777712
2017/03/06 11:00,412.31944957866
2017/03/06 12:00,411.95922655082
2017/03/06 13:00,413.47438241252
2017/03/06 14:00,414.28450126648
2017/03/06 15:00,413.0559295096
2017/03/06 16:00,416.40266588128
2017/03/06 17:00,418.854125482
2017/03/06 18:00,424.39522516794
2017/03/06 19:00,444.05138564774
2017/03/06 20:00,466.67204942514
2017/03/06 21:00,493.38093820158
2017/03/06 22:00,477.84483868056
2017/03/06 23:00,473.85376425192
2017/03/07 00:00,466.57433449458
2017/03/07 01:00,473.51685131426
2017/03/07 02:00,481.69269664074
2017/03/07 03:00,494.12018954402
2017/03/07 04:00,493.09461612112
2017/03/07 05:00,522.75990559572
2017/03/07 06:00,542.09191170862
2017/03/07 07:00,517.62232342418
2017/03/07 08:00,467.38039197096
2017/03/07 09:00,447.98788846448
2017/03/07 10:00,422.0148447138
2017/03/07 11:00,412.53231413758
2017/03/07 12:00,412.05844308252
2017/03/07 13:00,411.12451771846
2017/03/07 14:00,410.83243110208
2017/03/07 15:00,411.48402521824
2017/03/07 16:00,413.2466530101
2017/03/07 17:00,416.01009292284
2017/03/07 18:00,424.94051801682
2017/03/07 19:00,429.19921001776
2017/03/07 20:00,445.56536239982
2017/03/07 21:00,447.65462371214
2017/03/07 22:00,450.87029751452
2017/03/07 23:00,477.68162773786
2017/03/08 00:00,481.9217764764
2017/03/08 01:00,486.66936562166
2017/03/08 02:00,481.82377936576
2017/03/08 03:00,483.18036010036
2017/03/08 04:00,498.62665581092
2017/03/08 05:00,511.03811483894
2017/03/08 06:00,518.24281726438
2017/03/08 07:00,497.72282293682
2017/03/08 08:00,456.16297795146
2017/03/08 09:00,448.62097962968
2017/03/08 10:00,436.63272017664
2017/03/08 11:00,430.61333533296
2017/03/08 12:00,421.7154818825
2017/03/08 13:00,413.13971683764
2017/03/08 14:00,413.60887145422
2017/03/08 15:00,414.57694060796
2017/03/08 16:00,412.24871307932
2017/03/08 17:00,416.72943041392
2017/03/08 18:00,428.786864298
2017/03/08 19:00,459.36804984512
2017/03/08 20:00,471.63078989312
2017/03/08 21:00,478.35808393464
2017/03/08 22:00,490.18715351112
2017/03/08 23:00,503.30584652036
2017/03/09 00:00,503.00013463726
2017/03/09 01:00,506.1289473643
2017/03/09 02:00,511.9939595485
2017/03/09 03:00,520.79860287182
2017/03/09 04:00,529.5193580885
2017/03/09 05:00,542.57752347058
2017/03/09 06:00,566.10479153358
2017/03/09 07:00,544.19812398146
2017/03/09 08:00,492.8357461313
2017/03/09 09:00,469.71131028822
2017/03/09 10:00,446.8210436001
2017/03/09 11:00,413.80467419616
2017/03/09 12:00,409.58008567346
2017/03/09 13:00,411.14247646498
2017/03/09 14:00,412.15639988172
2017/03/09 15:00,410.82638438608
2017/03/09 16:00,411.74387276048
2017/03/09 17:00,417.32694673332
2017/03/09 18:00,437.76903920308
2017/03/09 19:00,453.11311517966
2017/03/09 20:00,462.27123944248
2017/03/09 21:00,480.90238078168
2017/03/09 22:00,467.31041131112
2017/03/09 23:00,485.55940019912
2017/03/10 00:00,481.5375580639
2017/03/10 01:00,456.26580235704
2017/03/10 02:00,501.45131872316
2017/03/10 03:00,492.60766400378
2017/03/10 04:00,517.47448121798
2017/03/10 05:00,534.47797762216
2017/03/10 06:00,537.70498901704
2017/03/10 07:00,537.1700662861
2017/03/10 08:00,487.73152167636
2017/03/10 09:00,449.89274509452
2017/03/10 10:00,432.5888881509
2017/03/10 11:00,428.62460067414
2017/03/10 12:00,418.589581657
2017/03/10 13:00,415.44195356534
2017/03/10 14:00,411.7908053545
2017/03/10 15:00,411.72682102136
2017/03/10 16:00,412.71407842054
2017/03/10 17:00,416.55205000006
2017/03/10 18:00,425.0021743643
2017/03/10 19:00,468.05223250786
2017/03/10 20:00,459.3383503917
2017/03/10 21:00,474.08401311934
2017/03/10 22:00,485.83302417598
2017/03/10 23:00,522.70341919042
2017/03/11 00:00,539.25892448402
2017/03/11 01:00,539.97283000856
2017/03/11 02:00,534.26880156
2017/03/11 03:00,525.32619233328
2017/03/11 04:00,526.84991437598
2017/03/11 05:00,537.05837336372
2017/03/11 06:00,556.02651834132
2017/03/11 07:00,533.83851724944
2017/03/11 08:00,474.76329111692
2017/03/11 09:00,452.08328889984
2017/03/11 10:00,430.36164077946
2017/03/11 11:00,427.31526494722
2017/03/11 12:00,424.4073286778
2017/03/11 13:00,424.8459675343
2017/03/11 14:00,424.10455952982
2017/03/11 15:00,423.0214213706
2017/03/11 16:00,421.84444825692
2017/03/11 17:00,424.30752763022
2017/03/11 18:00,426.11889195304
2017/03/11 19:00,427.6356703502
2017/03/11 20:00,438.58482181436
2017/03/11 21:00,439.11630799504
2017/03/11 22:00,435.83413039452
2017/03/11 23:00,441.58868923312
2017/03/12 00:00,462.08462770886
2017/03/12 01:00,476.22877320668
2017/03/12 02:00,496.42043085544
2017/03/12 03:00,505.51302887254
2017/03/12 04:00,508.80188809424
2017/03/12 05:00,515.2530890832
2017/03/12 06:00,513.8163893616
2017/03/12 07:00,489.29069763054
2017/03/12 08:00,468.2122588468
2017/03/12 09:00,456.39005229298
2017/03/12 10:00,420.44851347902
2017/03/12 11:00,414.426417691
2017/03/12 12:00,410.32421470014
2017/03/12 13:00,410.05500482596
2017/03/12 14:00,410.5143436069
2017/03/12 15:00,411.49531242144
2017/03/12 16:00,411.42011143012
2017/03/12 17:00,416.36582122512
2017/03/12 18:00,432.94250010258
2017/03/12 19:00,436.68119468324
2017/03/12 20:00,453.71105476918
2017/03/12 21:00,473.21669233202
2017/03/12 22:00,497.94002097554
2017/03/12 23:00,503.81349856214
2017/03/13 00:00,520.24210344262
2017/03/13 01:00,512.46080633514
2017/03/13 02:00,527.38237810908
2017/03/13 03:00,532.86997443628
2017/03/13 04:00,537.97829050238
2017/03/13 05:00,559.80163430802
2017/03/13 06:00,579.48631513162
2017/03/13 07:00,533.01846162552
2017/03/13 08:00,491.6925640822
2017/03/13 09:00,468.6463626663
2017/03/13 10:00,423.1395338898
2017/03/13 11:00,409.88590841302
2017/03/13 12:00,412.61766353392
2017/03/13 13:00,414.54696905232
2017/03/13 14:00,413.10740721848
2017/03/13 15:00,413.5025298755
2017/03/13 16:00,412.33451597936
2017/03/13 17:00,419.52955373706
2017/03/13 18:00,427.39245127696
2017/03/13 19:00,447.90917030002
2017/03/13 20:00,487.87217836838
2017/03/13 21:00,517.73901496512
2017/03/13 22:00,503.9731923317
2017/03/13 23:00,532.4292393849
2017/03/14 00:00,531.0502354118
2017/03/14 01:00,524.89390252858
2017/03/14 02:00,542.50240310214
2017/03/14 03:00,561.23032213092
2017/03/14 04:00,579.92098331128
2017/03/14 05:00,602.34480632716
2017/03/14 06:00,605.40552295418
2017/03/14 07:00,555.60163576372
2017/03/14 08:00,499.74530834878
2017/03/14 09:00,473.56834917886
2017/03/14 10:00,442.58817107648
2017/03/14 11:00,433.05259064522
2017/03/14 12:00,433.54460184828
2017/03/14 13:00,426.48957579956
2017/03/14 14:00,424.55959506454
2017/03/14 15:00,422.28569727916
2017/03/14 16:00,423.99449922076
2017/03/14 17:00,434.22091695502
2017/03/14 18:00,453.02959995384
2017/03/14 19:00,459.39002965778
2017/03/14 20:00,447.72760757426
2017/03/14 21:00,474.2725295685
2017/03/14 22:00,495.4152247876
2017/03/14 23:00,512.55404669586
2017/03/15 00:00,518.55936284698
2017/03/15 01:00,535.33192508926
2017/03/15 02:00,545.19137770734
2017/03/15 03:00,541.20643061758
2017/03/15 04:00,554.64958032952
2017/03/15 05:00,527.58542683236
2017/03/15 06:00,555.99388623064
2017/03/15 07:00,482.86736192448
2017/03/15 08:00,456.43933302838
2017/03/15 09:00,445.7738531675
2017/03/15 10:00,444.36770951742
2017/03/15 11:00,435.89330758844
2017/03/15 12:00,428.46302234476
2017/03/15 13:00,426.76467114398
2017/03/15 14:00,421.47943824558
2017/03/15 15:00,420.39802340042
2017/03/15 16:00,423.354897758
2017/03/15 17:00,420.43373933626
2017/03/15 18:00,419.29683579394
2017/03/15 19:00,419.00683529458
2017/03/15 20:00,420.49694767418
2017/03/15 21:00,422.92073347134
2017/03/15 22:00,425.49932527596
2017/03/15 23:00,428.73918594234
2017/03/16 00:00,424.36211939784
2017/03/16 01:00,427.99128779602
2017/03/16 02:00,424.95976672942
2017/03/16 03:00,433.02397960068
2017/03/16 04:00,430.1699498044
2017/03/16 05:00,424.7271495649
2017/03/16 06:00,429.77102779416
2017/03/16 07:00,426.8385116242
2017/03/16 08:00,419.0878310554
2017/03/16 09:00,418.30077034512
2017/03/16 10:00,416.78532222548
2017/03/16 11:00,417.26569350024
2017/03/16 12:00,415.13567732208
2017/03/16 13:00,414.50148767014
2017/03/16 14:00,413.17602736722
2017/03/16 15:00,412.41499776932
2017/03/16 16:00,420.97951592242
2017/03/16 17:00,421.70871963844
2017/03/16 18:00,421.9167367467
2017/03/16 19:00,427.4843512823
2017/03/16 20:00,429.2024248551
2017/03/16 21:00,434.37923005776
2017/03/16 22:00,450.10826013062
2017/03/16 23:00,484.06554893346
2017/03/17 00:00,497.05391505718
2017/03/17 01:00,506.74869544286
2017/03/17 02:00,517.7434794571
2017/03/17 03:00,522.63625025352
2017/03/17 04:00,531.2919528839
2017/03/17 05:00,561.93673980548
2017/03/17 06:00,593.76829552066
2017/03/17 07:00,563.70332819632
2017/03/17 08:00,499.3183799656
2017/03/17 09:00,469.2293668673
2017/03/17 10:00,422.53457003186
2017/03/17 11:00,416.02677178114
2017/03/17 12:00,412.30088616054
2017/03/17 13:00,411.9532100684
2017/03/17 14:00,411.16132206318
2017/03/17 15:00,412.51386157592
2017/03/17 16:00,413.25933095798
2017/03/17 17:00,414.15059674066
2017/03/17 18:00,426.24483496946
2017/03/17 19:00,455.26204750104
2017/03/17 20:00,462.27315423588
2017/03/17 21:00,487.16167916052
2017/03/17 22:00,508.2631357765
2017/03/17 23:00,494.07846720362
2017/03/18 00:00,524.76812075792
2017/03/18 01:00,516.40234808188
2017/03/18 02:00,530.95572524072
2017/03/18 03:00,526.87582455404
2017/03/18 04:00,548.71840699442
2017/03/18 05:00,557.05148709262
2017/03/18 06:00,522.55710881894
2017/03/18 07:00,507.56829756308
2017/03/18 08:00,477.94438778164
2017/03/18 09:00,466.1418128991
2017/03/18 10:00,456.65591631764
2017/03/18 11:00,452.68858532716
2017/03/18 12:00,437.41226280336
2017/03/18 13:00,437.1626745226
2017/03/18 14:00,434.08835278458
2017/03/18 15:00,429.09385606932
2017/03/18 16:00,419.56251841712
2017/03/18 17:00,419.58283538288
2017/03/18 18:00,422.84036253784
2017/03/18 19:00,430.56640273894
2017/03/18 20:00,440.82291296316
2017/03/18 21:00,453.34006858686
2017/03/18 22:00,480.9831749853
2017/03/18 23:00,481.47941888956
2017/03/19 00:00,486.60161216888
2017/03/19 01:00,478.07345493466
2017/03/19 02:00,489.94992068672
2017/03/19 03:00,506.0635924422
2017/03/19 04:00,512.29346346984
2017/03/19 05:00,505.87516669378
2017/03/19 06:00,511.08039146164
2017/03/19 07:00,500.96080912124
2017/03/19 08:00,493.29810827024
2017/03/19 09:00,465.78353489824
2017/03/19 10:00,445.85430472388
2017/03/19 11:00,433.64104696848
2017/03/19 12:00,424.02116523832
2017/03/19 13:00,422.68054783396
2017/03/19 14:00,419.40330838484
2017/03/19 15:00,418.15985162874
2017/03/19 16:00,420.23299844292
2017/03/19 17:00,428.6883532165
2017/03/19 18:00,429.77675201864
2017/03/19 19:00,429.439405733
2017/03/19 20:00,433.04841841118
2017/03/19 21:00,447.17513928906
2017/03/19 22:00,448.21079057196
2017/03/19 23:00,447.8543769752
2017/03/20 00:00,451.37329358498
2017/03/20 01:00,450.53242718016
2017/03/20 02:00,452.05993849822
2017/03/20 03:00,433.12913199192
2017/03/20 04:00,420.02264327114
2017/03/20 05:00,418.3813730694
2017/03/20 06:00,417.77421223798
2017/03/20 07:00,415.3050559151
2017/03/20 08:00,413.14514880418
2017/03/20 09:00,409.35021976472
2017/03/20 10:00,407.55504048506
2017/03/20 11:00,407.1379077818
2017/03/20 12:00,410.18579529304
2017/03/20 13:00,418.45824698548
2017/03/20 14:00,422.41097515682
2017/03/20 15:00,414.53078400916
2017/03/20 16:00,419.24545886366
2017/03/20 17:00,416.1827871318
2017/03/20 18:00,416.9627631065
2017/03/20 19:00,416.72703188324
2017/03/20 20:00,424.90913556078
2017/03/20 21:00,432.7436336912
2017/03/20 22:00,426.90052069678
2017/03/20 23:00,429.8877193351
2017/03/21 00:00,434.37678113778
2017/03/21 01:00,425.53140310434
2017/03/21 02:00,421.57122739446
2017/03/21 03:00,415.83987786744
2017/03/21 04:00,414.99255155436
2017/03/21 05:00,416.65880477104
2017/03/21 06:00,419.12644941492
2017/03/21 07:00,417.9363851611
2017/03/21 08:00,413.03689243206
2017/03/21 09:00,413.033153546
2017/03/21 10:00,411.28830309918
2017/03/21 11:00,409.43049999748
2017/03/21 12:00,409.65371451862
2017/03/21 13:00,409.53654931826
2017/03/21 14:00,409.89370867666
2017/03/21 15:00,410.35295675686
2017/03/21 16:00,410.77750676508
2017/03/21 17:00,411.7002557824
2017/03/21 18:00,414.58019575674
2017/03/21 19:00,418.32252844486
2017/03/21 20:00,417.44212659526
2017/03/21 21:00,420.57069745366
2017/03/21 22:00,425.37245509642
2017/03/21 23:00,425.1656372535
2017/03/22 00:00,422.22479677118
2017/03/22 01:00,416.66646394464
2017/03/22 02:00,415.18778993614
2017/03/22 03:00,418.70081099782
2017/03/22 04:00,419.9550309084
2017/03/22 05:00,420.02354020068
2017/03/22 06:00,422.68983962088
2017/03/22 07:00,423.97773973958
2017/03/22 08:00,421.560030892
2017/03/22 09:00,416.16899054146
2017/03/22 10:00,412.26966495026
2017/03/22 11:00,411.6969300886
2017/03/22 12:00,411.539614694
2017/03/22 13:00,410.3875137388
2017/03/22 14:00,410.27956978034
2017/03/22 15:00,410.25652171452
2017/03/22 16:00,411.12553558232
2017/03/22 17:00,411.96528334468
2017/03/22 18:00,413.87342535708
2017/03/22 19:00,416.32283915222
2017/03/22 20:00,419.39009631038
2017/03/22 21:00,421.16884867824
2017/03/22 22:00,423.02851618404
2017/03/22 23:00,424.5407595442
2017/03/23 00:00,423.12907307112
2017/03/23 01:00,423.22991213828
2017/03/23 02:00,423.0233865533
2017/03/23 03:00,425.1969290088
2017/03/23 04:00,431.71198331872
2017/03/23 05:00,437.9812487011
2017/03/23 06:00,473.89165700552
2017/03/23 07:00,439.3747647926
2017/03/23 08:00,422.04794040604
2017/03/23 09:00,413.61703452082
2017/03/23 10:00,412.15716579908
2017/03/23 11:00,410.84629823744
2017/03/23 12:00,409.7559342526
2017/03/23 13:00,409.24791940786
2017/03/23 14:00,408.85051915448
2017/03/23 15:00,410.45622458828
2017/03/23 16:00,412.03731988796
2017/03/23 17:00,413.57048488548
2017/03/23 18:00,416.2770655121
2017/03/23 19:00,416.11804695916
2017/03/23 20:00,417.1914297499
2017/03/23 21:00,422.2788846458
2017/03/23 22:00,422.98601784842
2017/03/23 23:00,425.69490630498
2017/03/24 00:00,436.52233737606
2017/03/24 01:00,445.494948392
2017/03/24 02:00,444.15680006334
2017/03/24 03:00,446.89066145698
2017/03/24 04:00,445.98573009614
2017/03/24 05:00,456.9265169365
2017/03/24 06:00,454.71329794618
2017/03/24 07:00,452.0476233533
2017/03/24 08:00,436.91134277206
2017/03/24 09:00,418.24699488416
2017/03/24 10:00,411.31363883922
2017/03/24 11:00,412.3795035464
2017/03/24 12:00,411.6196329024
2017/03/24 13:00,410.61103059574
2017/03/24 14:00,410.58177456816
2017/03/24 15:00,410.75614170188
2017/03/24 16:00,412.74226619496
2017/03/24 17:00,416.15308767838
2017/03/24 18:00,418.53785200162
2017/03/24 19:00,421.67687360084
2017/03/24 20:00,424.34149001842
2017/03/24 21:00,427.03429421042
2017/03/24 22:00,432.84959231124
2017/03/24 23:00,427.37348474444
2017/03/25 00:00,445.67431414428
2017/03/25 01:00,455.25330999642
2017/03/25 02:00,444.2263977645
2017/03/25 03:00,449.21360818698
2017/03/25 04:00,435.71994824072
2017/03/25 05:00,427.30382657612
2017/03/25 06:00,427.24835803468
2017/03/25 07:00,425.46915216312
2017/03/25 08:00,422.88780910272
2017/03/25 09:00,416.9552047115
2017/03/25 10:00,416.35055326722
2017/03/25 11:00,414.1448926719
2017/03/25 12:00,414.23300340188
2017/03/25 13:00,415.9932729745
2017/03/25 14:00,413.8700694297
2017/03/25 15:00,412.88286241982
2017/03/25 16:00,413.0806202666
2017/03/25 17:00,413.97541330028
2017/03/25 18:00,415.99420013762
2017/03/25 19:00,421.02185301228
2017/03/25 20:00,427.23698013074
2017/03/25 21:00,424.4401825014
2017/03/25 22:00,423.57524008904
2017/03/25 23:00,424.12695253474
2017/03/26 00:00,425.50659141302
2017/03/26 01:00,423.6359188841
2017/03/26 02:00,422.57470007038
2017/03/26 03:00,423.46769924498
2017/03/26 04:00,419.9077153557
2017/03/26 05:00,421.1802467379
2017/03/26 06:00,426.2309174448
2017/03/26 07:00,427.43862803148
2017/03/26 08:00,418.14888691706
2017/03/26 09:00,412.64857233054
2017/03/26 10:00,411.49872881598
2017/03/26 11:00,410.31201041168
2017/03/26 12:00,408.06652211364
2017/03/26 13:00,410.1877201643
2017/03/26 14:00,409.70265260678
2017/03/26 15:00,407.88897037616
2017/03/26 16:00,410.00210613882
2017/03/26 17:00,413.03336518106
2017/03/26 18:00,415.79476936608
2017/03/26 19:00,417.6358129866
2017/03/26 20:00,417.68497278768
2017/03/26 21:00,415.34596194884
2017/03/26 22:00,413.8418514217
2017/03/26 23:00,414.94948885858
2017/03/27 00:00,414.64433125778
2017/03/27 01:00,414.40406499752
2017/03/27 02:00,415.82148577294
2017/03/27 03:00,418.286741964
2017/03/27 04:00,419.76240269236
2017/03/27 05:00,429.43344971774
2017/03/27 06:00,427.73552178708
2017/03/27 07:00,424.19345633288
2017/03/27 08:00,417.82752411738
2017/03/27 09:00,414.8066049595
2017/03/27 10:00,413.21696363454
2017/03/27 11:00,412.02208216364
2017/03/27 12:00,411.5842092245
2017/03/27 13:00,411.36515685954
2017/03/27 14:00,410.94045568342
2017/03/27 15:00,409.94112500796
2017/03/27 16:00,410.58694451034
2017/03/27 17:00,410.80918147906
2017/03/27 18:00,413.25031127328
2017/03/27 19:00,423.3016362679
2017/03/27 20:00,420.19959033702
2017/03/27 21:00,423.0620855357
2017/03/27 22:00,426.02125764536
2017/03/27 23:00,434.0735584861
2017/03/28 00:00,455.16694273622
2017/03/28 01:00,469.44862078946
2017/03/28 02:00,484.58821698664
2017/03/28 03:00,489.84081777436
2017/03/28 04:00,500.06379895836
2017/03/28 05:00,501.27722369166
2017/03/28 06:00,523.5719090095
2017/03/28 07:00,485.80879700054
2017/03/28 08:00,443.83203094698
2017/03/28 09:00,427.28770200012
2017/03/28 10:00,414.7381259008
2017/03/28 11:00,412.2224904876
2017/03/28 12:00,411.41529421304
2017/03/28 13:00,410.1300748051
2017/03/28 14:00,409.40616196558
2017/03/28 15:00,410.09699926858
2017/03/28 16:00,410.51411181612
2017/03/28 17:00,412.28694848016
2017/03/28 18:00,425.89843876554
2017/03/28 19:00,448.83184877232
2017/03/28 20:00,447.41721956412
2017/03/28 21:00,467.07760266726
2017/03/28 22:00,503.34184463628
2017/03/28 23:00,509.27330015146
2017/03/29 00:00,507.94060394506
2017/03/29 01:00,500.21484592404
2017/03/29 02:00,504.5996824986
2017/03/29 03:00,516.77539014764
2017/03/29 04:00,526.08727232048
2017/03/29 05:00,521.74971098718
2017/03/29 06:00,540.89291847084
2017/03/29 07:00,513.30696361646
2017/03/29 08:00,456.2829447969
2017/03/29 09:00,436.64912693272
2017/03/29 10:00,423.12513262786
2017/03/29 11:00,420.55620549098
2017/03/29 12:00,423.56047602414
2017/03/29 13:00,416.41666402882
2017/03/29 14:00,412.78978330486
2017/03/29 15:00,413.8139357495
2017/03/29 16:00,412.77306413512
2017/03/29 17:00,416.91183967992
2017/03/29 18:00,418.94006947208
2017/03/29 19:00,422.17128333458
2017/03/29 20:00,421.95769316974
2017/03/29 21:00,422.52512707704
2017/03/29 22:00,421.7229394989
2017/03/29 23:00,419.99583616354
2017/03/30 00:00,417.09572031348
2017/03/30 01:00,416.21341374834
2017/03/30 02:00,415.5270207816
2017/03/30 03:00,415.93832848178
2017/03/30 04:00,413.91655859788
2017/03/30 05:00,414.74344701088
2017/03/30 06:00,417.43015409758
2017/03/30 07:00,416.91405680912
2017/03/30 08:00,415.40475618408
2017/03/30 09:00,414.21542761404
2017/03/30 10:00,413.9758869597
2017/03/30 11:00,412.1165217897
2017/03/30 12:00,410.6587593407
2017/03/30 13:00,410.55602563586
2017/03/30 14:00,410.86445854116
2017/03/30 15:00,411.40015726732
2017/03/30 16:00,413.22257700256
2017/03/30 17:00,413.21399066584
2017/03/30 18:00,418.56724911924
2017/03/30 19:00,421.94373533364
2017/03/30 20:00,421.13020008514
2017/03/30 21:00,421.7185052405
2017/03/30 22:00,418.36115688224
2017/03/30 23:00,413.78438746398
2017/03/31 00:00,413.36996570506
2017/03/31 01:00,413.2757276362
2017/03/31 02:00,413.3788745333
2017/03/31 03:00,413.84720276536
2017/03/31 04:00,414.91331941904
2017/03/31 05:00,415.16065025916
2017/03/31 06:00,414.6529175945
2017/03/31 07:00,413.32539133028
2017/03/31 08:00,411.92880149148
2017/03/31 09:00,410.93468106964
2017/03/31 10:00,410.2309541837
2017/03/31 11:00,410.00996686962
2017/03/31 12:00,409.53775866146
2017/03/31 13:00,409.59647227382
2017/03/31 14:00,409.37086929986
2017/03/31 15:00,408.7943048514
2017/03/31 16:00,409.74854718122
2017/03/31 17:00,410.55806136358
2017/03/31 18:00,414.55602904846
2017/03/31 19:00,419.09819109548
2017/03/31 20:00,420.6903619633
2017/03/31 21:00,424.58199814732
2017/03/31 22:00,436.50667638162
2017/03/31 23:00,438.76454029174
2017/04/01 00:00,441.7436665642
2017/04/01 01:00,443.21932729256
2017/04/01 02:00,448.54318862834
2017/04/01 03:00,426.86731414808
2017/04/01 04:00,423.87812009348
2017/04/01 05:00,428.4373641132
2017/04/01 06:00,435.5196306175
2017/04/01 07:00,421.66114206138
2017/04/01 08:00,415.7041391711
2017/04/01 09:00,413.46642090312
2017/04/01 10:00,413.79959495472
2017/04/01 11:00,414.09020012568
2017/04/01 12:00,413.07357584246
2017/04/01 13:00,412.93530760326
2017/04/01 14:00,413.09648281824
2017/04/01 15:00,412.82050062214
2017/04/01 16:00,413.52435852026
2017/04/01 17:00,413.01172801564
2017/04/01 18:00,420.19797787942
2017/04/01 19:00,432.82437750552
2017/04/01 20:00,445.33090098692
2017/04/01 21:00,479.53389809442
2017/04/01 22:00,497.7525324681
2017/04/01 23:00,NaN
2017/04/02 00:00,505.61076395882
2017/04/02 01:00,471.73194137394
2017/04/02 02:00,506.12163083794
2017/04/02 03:00,507.2665362011
2017/04/02 04:00,497.29403014954
2017/04/02 05:00,512.555548297
2017/04/02 06:00,511.09031815374
2017/04/02 07:00,480.80972493684
2017/04/02 08:00,459.89396296922
2017/04/02 09:00,431.72018669676
2017/04/02 10:00,427.38450992328
2017/04/02 11:00,420.96071063566
2017/04/02 12:00,420.35729876816
2017/04/02 13:00,416.81150450576
2017/04/02 14:00,409.35817119626
2017/04/02 15:00,405.830003111
2017/04/02 16:00,404.56413319426
2017/04/02 17:00,416.49054482048
2017/04/02 18:00,421.13134896118
2017/04/02 19:00,424.69497095792
2017/04/02 20:00,430.0312280615
2017/04/02 21:00,484.55484919218
2017/04/02 22:00,493.8791069771
2017/04/02 23:00,499.54994903268
2017/04/03 00:00,486.58178901826
2017/04/03 01:00,448.5206242998
2017/04/03 02:00,450.29239271068
2017/04/03 03:00,468.97442724288
2017/04/03 04:00,501.89078396418
2017/04/03 05:00,518.80882011556
2017/04/03 06:00,491.14869221158
2017/04/03 07:00,470.2904143574
2017/04/03 08:00,450.47772455608
2017/04/03 09:00,428.98354381376
2017/04/03 10:00,418.64210746332
2017/04/03 11:00,409.99912309226
2017/04/03 12:00,413.57915184508
2017/04/03 13:00,415.49030713762
2017/04/03 14:00,419.76102202554
2017/04/03 15:00,417.66818307292
2017/04/03 16:00,416.48259338894
2017/04/03 17:00,417.23124737476
2017/04/03 18:00,420.15811994312
2017/04/03 19:00,425.197634459
2017/04/03 20:00,435.79288171354
2017/04/03 21:00,469.00355225828
2017/04/03 22:00,456.25075611206
2017/04/03 23:00,474.42982480738
2017/04/04 00:00,491.72236431422
2017/04/04 01:00,472.28180957126
2017/04/04 02:00,487.06364173844
2017/04/04 03:00,467.30185520798
2017/04/04 04:00,467.94884374212
2017/04/04 05:00,461.16943708654
2017/04/04 06:00,491.64072357036
2017/04/04 07:00,462.56798203018
2017/04/04 08:00,438.48629057714
2017/04/04 09:00,436.05060282732
2017/04/04 10:00,429.60788739648
2017/04/04 11:00,413.7025250072
2017/04/04 12:00,414.86623565712
2017/04/04 13:00,415.25271151026
2017/04/04 14:00,408.68905168156
2017/04/04 15:00,410.27566964852
2017/04/04 16:00,410.34608365634
2017/04/04 17:00,423.02255009092
2017/04/04 18:00,434.0727522573
2017/04/04 19:00,431.00843783426
2017/04/04 20:00,440.0845988617
2017/04/04 21:00,443.82296087298
2017/04/04 22:00,446.24949792592
2017/04/04 23:00,447.57120926492
2017/04/05 00:00,447.14234593262
2017/04/05 01:00,466.4851655893
2017/04/05 02:00,463.74109532348
2017/04/05 03:00,483.0294844583
2017/04/05 04:00,496.83038812238
2017/04/05 05:00,500.0792583956
2017/04/05 06:00,501.1401547178
2017/04/05 07:00,482.94421568484
2017/04/05 08:00,460.72472128046
2017/04/05 09:00,442.97778114408
2017/04/05 10:00,427.06107108444
2017/04/05 11:00,418.29597328376
2017/04/05 12:00,414.985738921
2017/04/05 13:00,414.4998852904
2017/04/05 14:00,416.60196564064
2017/04/05 15:00,416.29115436038
2017/04/05 16:00,422.82679773828
2017/04/05 17:00,422.0874556951
2017/04/05 18:00,424.6359953212
2017/04/05 19:00,427.44441272312
2017/04/05 20:00,447.35156230622
2017/04/05 21:00,459.55763454744
2017/04/05 22:00,463.39547511478
2017/04/05 23:00,NaN
2017/04/06 00:00,439.14385078642
2017/04/06 01:00,437.25407063494
2017/04/06 02:00,432.75321773606
2017/04/06 03:00,451.54785219804
2017/04/06 04:00,461.55191202926
2017/04/06 05:00,469.39821133374
2017/04/06 06:00,486.07837975554
2017/04/06 07:00,477.16209389914
2017/04/06 08:00,475.17377243258
2017/04/06 09:00,466.58872567866
2017/04/06 10:00,441.0370574103
2017/04/06 11:00,430.64867838798
2017/04/06 12:00,413.84650739302
2017/04/06 13:00,413.31636156772
2017/04/06 14:00,415.78557835776
2017/04/06 15:00,416.98877406316
2017/04/06 16:00,431.18959744562
2017/04/06 17:00,432.30036909696
2017/04/06 18:00,415.26680035854
2017/04/06 19:00,412.70072525604
2017/04/06 20:00,412.96480549948
2017/04/06 21:00,412.7480004973
2017/04/06 22:00,NaN
2017/04/06 23:00,NaN
2017/04/07 00:00,415.13918441736
2017/04/07 01:00,415.06050656434
2017/04/07 02:00,414.99277326728
2017/04/07 03:00,416.00795641652
2017/04/07 04:00,422.03326704188
2017/04/07 05:00,432.26776721986
2017/04/07 06:00,426.93365670046
2017/04/07 07:00,419.5490443183
2017/04/07 08:00,412.52650929022
2017/04/07 09:00,411.01369149204
2017/04/07 10:00,410.20178885686
2017/04/07 11:00,409.82686223128
2017/04/07 12:00,410.1580912559
2017/04/07 13:00,409.7413213556
2017/04/07 14:00,409.7323520602
2017/04/07 15:00,410.49229324922
2017/04/07 16:00,411.53137100452
2017/04/07 17:00,412.86574013568
2017/04/07 18:00,414.43751341486
2017/04/07 19:00,415.66324321522
2017/04/07 20:00,415.07488767056
2017/04/07 21:00,414.6124549866
2017/04/07 22:00,415.03293353938
2017/04/07 23:00,NaN
2017/04/08 00:00,418.38846788284
2017/04/08 01:00,418.55981165856
2017/04/08 02:00,416.70642265954
2017/04/08 03:00,415.26223508796
2017/04/08 04:00,419.6469507282
2017/04/08 05:00,422.76552434948
2017/04/08 06:00,418.5635807782
2017/04/08 07:00,413.31824612754
2017/04/08 08:00,413.39880854038
2017/04/08 09:00,413.90699470874
2017/04/08 10:00,412.4697507827
2017/04/08 11:00,411.94228566816
2017/04/08 12:00,411.46983559136
2017/04/08 13:00,411.11264599938
2017/04/08 14:00,410.79235145286
2017/04/08 15:00,411.19235179412
2017/04/08 16:00,411.42310455454
2017/04/08 17:00,412.0383175961
2017/04/08 18:00,413.86520182332
2017/04/08 19:00,418.92929623974
2017/04/08 20:00,425.40180182474
2017/04/08 21:00,428.47184047226
2017/04/08 22:00,428.78134163072
2017/04/08 23:00,NaN
2017/04/09 00:00,468.5014430395
2017/04/09 01:00,474.59095971092
2017/04/09 02:00,468.7060739868
2017/04/09 03:00,478.9810065391
2017/04/09 04:00,487.62363818506
2017/04/09 05:00,488.12498148648
2017/04/09 06:00,479.8956227234
2017/04/09 07:00,447.15609213366
2017/04/09 08:00,425.41252466778
2017/04/09 09:00,418.65386832594
2017/04/09 10:00,412.65989984518
2017/04/09 11:00,411.55986111474
2017/04/09 12:00,410.23920795104
2017/04/09 13:00,410.49992218924
2017/04/09 14:00,412.17857117372
2017/04/09 15:00,412.85755691336
2017/04/09 16:00,412.54847902502
2017/04/09 17:00,413.87220593602
2017/04/09 18:00,417.54638205696
2017/04/09 19:00,418.68247937048
2017/04/09 20:00,422.77292149872
2017/04/09 21:00,427.63238496784
2017/04/09 22:00,NaN
2017/04/09 23:00,NaN
2017/04/10 00:00,433.12413337336
2017/04/10 01:00,454.63101221928
2017/04/10 02:00,462.23313505382
2017/04/10 03:00,469.909068135
2017/04/10 04:00,475.51864687964
2017/04/10 05:00,491.48154377166
2017/04/10 06:00,495.18933963356
2017/04/10 07:00,459.933498414
2017/04/10 08:00,446.39315782022
2017/04/10 09:00,426.43375453302
2017/04/10 10:00,414.27715450654
2017/04/10 11:00,413.09890150464
2017/04/10 12:00,414.04035503012
2017/04/10 13:00,413.82236084046
2017/04/10 14:00,414.10188036542
2017/04/10 15:00,414.126601356
2017/04/10 16:00,416.5655442546
2017/04/10 17:00,418.2099486708
2017/04/10 18:00,421.80770437936
2017/04/10 19:00,426.07031666784
2017/04/10 20:00,426.49703341596
2017/04/10 21:00,431.05704335304
2017/04/10 22:00,438.44802494272
2017/04/10 23:00,NaN
2017/04/11 00:00,463.75791527182
2017/04/11 01:00,455.7391434713
2017/04/11 02:00,458.02282685874
2017/04/11 03:00,453.4531320982
2017/04/11 04:00,446.3082820833
2017/04/11 05:00,452.67176537882
2017/04/11 06:00,461.40180230456
2017/04/11 07:00,474.19307572026
2017/04/11 08:00,451.95456439406
2017/04/11 09:00,418.5249321851
2017/04/11 10:00,409.38813267404
2017/04/11 11:00,409.43917703494
2017/04/11 12:00,410.59581302714
2017/04/11 13:00,411.52779336422
2017/04/11 14:00,411.53515020202
2017/04/11 15:00,411.66383439636
2017/04/11 16:00,411.67703639296
2017/04/11 17:00,415.32366972252
2017/04/11 18:00,417.62839568164
2017/04/11 19:00,416.95086115384
2017/04/11 20:00,418.1248915324
2017/04/11 21:00,418.2846256134
2017/04/11 22:00,417.60732287638
2017/04/11 23:00,NaN
2017/04/12 00:00,419.36459932458
2017/04/12 01:00,422.25834596712
2017/04/12 02:00,439.3518376611
2017/04/12 03:00,452.11501400312
2017/04/12 04:00,458.91425388718
2017/04/12 05:00,455.859523509
2017/04/12 06:00,457.24894798934
2017/04/12 07:00,443.28127589798
2017/04/12 08:00,429.91297445226
2017/04/12 09:00,420.31902305588
2017/04/12 10:00,422.14452661628
2017/04/12 11:00,416.68893757244
2017/04/12 12:00,416.34421429328
2017/04/12 13:00,413.3666299334
2017/04/12 14:00,410.92307137492
2017/04/12 15:00,410.47261118864
2017/04/12 16:00,410.69669240574
2017/04/12 17:00,412.8309412851
2017/04/12 18:00,414.63067575748
2017/04/12 19:00,416.15513348396
2017/04/12 20:00,416.69370440022
2017/04/12 21:00,415.2547673937
2017/04/12 22:00,NaN
2017/04/12 23:00,NaN
2017/04/13 00:00,415.32797296874
2017/04/13 01:00,416.40143638236
2017/04/13 02:00,417.2175817966
2017/04/13 03:00,421.6039703616
2017/04/13 04:00,426.64071346598
2017/04/13 05:00,425.70649584398
2017/04/13 06:00,427.63475326494
2017/04/13 07:00,418.9333374616
2017/04/13 08:00,415.11892791876
2017/04/13 09:00,412.68962953218
2017/04/13 10:00,412.02394656774
2017/04/13 11:00,411.67654257782
2017/04/13 12:00,411.66146609926
2017/04/13 13:00,412.43132390252
2017/04/13 14:00,412.53569022068
2017/04/13 15:00,412.88680286308
2017/04/13 16:00,413.32375871696
2017/04/13 17:00,414.05858587886
2017/04/13 18:00,415.03586619664
2017/04/13 19:00,416.55145540632
2017/04/13 20:00,417.54376181336
2017/04/13 21:00,418.21555196096
2017/04/13 22:00,418.5458941339
2017/04/13 23:00,NaN
2017/04/14 00:00,428.65250626848
2017/04/14 01:00,432.26301046994
2017/04/14 02:00,428.77067925484
2017/04/14 03:00,432.9347603061
2017/04/14 04:00,437.33156937834
2017/04/14 05:00,439.47199598588
2017/04/14 06:00,441.44375952846
2017/04/14 07:00,429.01736511192
2017/04/14 08:00,421.00182830446
2017/04/14 09:00,415.93267480232
2017/04/14 10:00,413.5557913656
2017/04/14 11:00,411.6256292291
2017/04/14 12:00,411.51236416056
2017/04/14 13:00,411.46072520592
2017/04/14 14:00,409.43311016322
2017/04/14 15:00,409.41613904698
2017/04/14 16:00,410.19096523522
2017/04/14 17:00,409.78564378388
2017/04/14 18:00,413.67993044508
2017/04/14 19:00,420.86599890738
2017/04/14 20:00,427.48865452852
2017/04/14 21:00,431.00854869072
2017/04/14 22:00,447.74038630074
2017/04/14 23:00,475.93968979258
2017/04/15 00:00,465.00881956646
2017/04/15 01:00,479.3948034707
2017/04/15 02:00,494.82238459524
2017/04/15 03:00,505.68317338292
2017/04/15 04:00,511.3020640702
2017/04/15 05:00,505.91424863486
2017/04/15 06:00,513.41693322478
2017/04/15 07:00,485.57022382076
2017/04/15 08:00,431.13817012604
2017/04/15 09:00,412.69334826252
2017/04/15 10:00,412.6857697118
2017/04/15 11:00,410.05160858714
2017/04/15 12:00,408.95540952136
2017/04/15 13:00,408.10142174282
2017/04/15 14:00,407.27308211798
2017/04/15 15:00,405.35893370102
2017/04/15 16:00,404.61106578828
2017/04/15 17:00,406.4849632324
2017/04/15 18:00,412.18793350566
2017/04/15 19:00,423.79979496556
2017/04/15 20:00,437.95008795798
2017/04/15 21:00,445.63766096746
2017/04/15 22:00,NaN
2017/04/15 23:00,NaN
2017/04/16 00:00,479.14681756968
2017/04/16 01:00,487.18263103146
2017/04/16 02:00,503.07841945374
2017/04/16 03:00,504.4511348422
2017/04/16 04:00,494.50107218486
2017/04/16 05:00,499.7842290441
2017/04/16 06:00,508.7067127844
2017/04/16 07:00,482.17124382284
2017/04/16 08:00,464.25500571632
2017/04/16 09:00,444.98664128932
2017/04/16 10:00,437.10268102202
2017/04/16 11:00,426.98266533364
2017/04/16 12:00,411.15231245634
2017/04/16 13:00,412.01646879562
2017/04/16 14:00,414.1873204625
2017/04/16 15:00,413.77284831428
2017/04/16 16:00,417.7671275024
2017/04/16 17:00,424.35402687626
2017/04/16 18:00,433.94604332352
2017/04/16 19:00,437.9784772896
2017/04/16 20:00,441.38991352248
2017/04/16 21:00,436.64171970562
2017/04/16 22:00,439.37346474866
2017/04/16 23:00,NaN
2017/04/17 00:00,454.8738584117
2017/04/17 01:00,453.64077177354
2017/04/17 02:00,453.26891889526
2017/04/17 03:00,452.56378110892
2017/04/17 04:00,456.69212606862
2017/04/17 05:00,460.79260574542
2017/04/17 06:00,445.63476862164
2017/04/17 07:00,438.65197059554
2017/04/17 08:00,431.21538668936
2017/04/17 09:00,431.2980654528
2017/04/17 10:00,426.05966436982
2017/04/17 11:00,421.27308398422
2017/04/17 12:00,421.40774434954
2017/04/17 13:00,420.215140475
2017/04/17 14:00,416.89809347888
2017/04/17 15:00,417.41978397964
2017/04/17 16:00,421.99333856056
2017/04/17 17:00,426.09740595552
2017/04/17 18:00,428.70176684816
2017/04/17 19:00,429.5757591788
2017/04/17 20:00,433.82410121752
2017/04/17 21:00,NaN
2017/04/17 22:00,NaN
2017/04/17 23:00,NaN
2017/04/18 00:00,423.70007454086
2017/04/18 01:00,424.72225172494
2017/04/18 02:00,427.79022441116
2017/04/18 03:00,431.8027142923
2017/04/18 04:00,436.03412552622
2017/04/18 05:00,435.51535760486
2017/04/18 06:00,437.00943058344
2017/04/18 07:00,422.07273194164
2017/04/18 08:00,422.10027473302
2017/04/18 09:00,421.06398854494
2017/04/18 10:00,418.39581464278
2017/04/18 11:00,415.46273411266
2017/04/18 12:00,414.69084058168
2017/04/18 13:00,413.78413551748
2017/04/18 14:00,412.293438622
2017/04/18 15:00,411.93821421272
2017/04/18 16:00,412.7363101797
2017/04/18 17:00,414.05009024288
2017/04/18 18:00,417.73022237908
2017/04/18 19:00,423.29918734792
2017/04/18 20:00,427.99540964076
2017/04/18 21:00,426.9957262402
2017/04/18 22:00,425.61846573688
2017/04/18 23:00,434.16750429702
2017/04/19 00:00,446.91349788774
2017/04/19 01:00,440.06947199384
2017/04/19 02:00,438.86886629846
2017/04/19 03:00,445.28911817936
2017/04/19 04:00,459.79398052016
2017/04/19 05:00,485.68256172618
2017/04/19 06:00,458.48660997594
2017/04/19 07:00,441.11983695234
2017/04/19 08:00,432.4620582828
2017/04/19 09:00,415.37345435092
2017/04/19 10:00,412.20100449008
2017/04/19 11:00,412.0150881288
2017/04/19 12:00,413.34701841784
2017/04/19 13:00,412.39183884704
2017/04/19 14:00,412.431001411
2017/04/19 15:00,413.09010353286
2017/04/19 16:00,413.98706330644
2017/04/19 17:00,415.89401613136
2017/04/19 18:00,418.02706574538
2017/04/19 19:00,423.94472467022
2017/04/19 20:00,426.1119986968
2017/04/19 21:00,427.96298916514
2017/04/19 22:00,429.18983760796
2017/04/19 23:00,431.0008693614
2017/04/20 00:00,435.9091902958
2017/04/20 01:00,438.56538162242
2017/04/20 02:00,433.44450854276
2017/04/20 03:00,435.4166852776
2017/04/20 04:00,446.37478588144
2017/04/20 05:00,466.73666866346
2017/04/20 06:00,453.53586125094
2017/04/20 07:00,441.72701793948
2017/04/20 08:00,421.33822727126
2017/04/20 09:00,418.22124595186
2017/04/20 10:00,414.43319001292
2017/04/20 11:00,413.81821884
2017/04/20 12:00,414.71594453094
2017/04/20 13:00,413.82314691354
2017/04/20 14:00,413.1386183509
2017/04/20 15:00,411.76790845658
2017/04/20 16:00,412.05919892202
2017/04/20 17:00,412.38648750338
2017/04/20 18:00,416.62492300572
2017/04/20 19:00,431.36249321178
2017/04/20 20:00,429.85018938446
2017/04/20 21:00,427.28416467126
2017/04/20 22:00,430.37970030458
2017/04/20 23:00,468.1252365257
2017/04/21 00:00,480.36818365666
2017/04/21 01:00,483.79727630026
2017/04/21 02:00,482.44161265092
2017/04/21 03:00,495.73405804442
2017/04/21 04:00,510.54539818568
2017/04/21 05:00,514.9776611694
2017/04/21 06:00,511.28984970388
2017/04/21 07:00,484.59164345904
2017/04/21 08:00,424.3633388189
2017/04/21 09:00,413.57900067718
2017/04/21 10:00,412.53536772916
2017/04/21 11:00,408.81337216252
2017/04/21 12:00,408.4589136706
2017/04/21 13:00,407.82888617484
2017/04/21 14:00,406.22240474582
2017/04/21 15:00,406.48882305278
2017/04/21 16:00,407.99752908408
2017/04/21 17:00,406.25308175166
2017/04/21 18:00,421.7668285792
2017/04/21 19:00,426.59187615642
2017/04/21 20:00,434.4199345343
2017/04/21 21:00,436.37752860572
2017/04/21 22:00,458.4582004886
2017/04/21 23:00,471.04170874254
2017/04/22 00:00,528.17450798294
2017/04/22 01:00,477.5867849974
2017/04/22 02:00,467.19428413034
2017/04/22 03:00,475.03118079144
2017/04/22 04:00,495.84050040174
2017/04/22 05:00,517.83551047462
2017/04/22 06:00,493.18063065622
2017/04/22 07:00,458.66321439458
2017/04/22 08:00,435.68113840186
2017/04/22 09:00,425.62086426756
2017/04/22 10:00,415.2287665149
2017/04/22 11:00,418.610745163
2017/04/22 12:00,420.59591225938
2017/04/22 13:00,415.06770215638
2017/04/22 14:00,412.9383208834
2017/04/22 15:00,411.50608565378
2017/04/22 16:00,412.92191412732
2017/04/22 17:00,415.88868494342
2017/04/22 18:00,415.91440364214
2017/04/22 19:00,418.85482085434
2017/04/22 20:00,421.44602006182
2017/04/22 21:00,420.97957638958
2017/04/22 22:00,420.65936246594
2017/04/22 23:00,421.07989140802
2017/04/23 00:00,425.12531573564
2017/04/23 01:00,422.41859401898
2017/04/23 02:00,420.70771603822
2017/04/23 03:00,419.0308911464
2017/04/23 04:00,419.1509688483
2017/04/23 05:00,420.22510747854
2017/04/23 06:00,417.59013004722
2017/04/23 07:00,414.48853762004
2017/04/23 08:00,414.23895941714
2017/04/23 09:00,413.71762164148
2017/04/23 10:00,413.10413191398
2017/04/23 11:00,411.81218049556
2017/04/23 12:00,410.82874260532
2017/04/23 13:00,410.79095063032
2017/04/23 14:00,410.96656741868
2017/04/23 15:00,411.03826131472
2017/04/23 16:00,411.79702339412
2017/04/23 17:00,412.73366978038
2017/04/23 18:00,414.55577710196
2017/04/23 19:00,416.26161615272
2017/04/23 20:00,417.52283009814
2017/04/23 21:00,418.15152731638
2017/04/23 22:00,418.5762284925
2017/04/23 23:00,417.73025261266
2017/04/24 00:00,415.18939231588
2017/04/24 01:00,414.9749052215
2017/04/24 02:00,415.71383407242
2017/04/24 03:00,415.71438835472
2017/04/24 04:00,416.4511605436
2017/04/24 05:00,418.03547068062
2017/04/24 06:00,416.76275789694
2017/04/24 07:00,414.04390243684
2017/04/24 08:00,413.5179490013
2017/04/24 09:00,413.16733017404
2017/04/24 10:00,413.15619413874
2017/04/24 11:00,411.3263167871
2017/04/24 12:00,411.10860477752
2017/04/24 13:00,411.42270144014
2017/04/24 14:00,412.47003296278
2017/04/24 15:00,412.6694435786
2017/04/24 16:00,412.57371398646
2017/04/24 17:00,413.87523937188
2017/04/24 18:00,415.52144772502
2017/04/24 19:00,415.9432363996
2017/04/24 20:00,416.1088660287
2017/04/24 21:00,418.13432440936
2017/04/24 22:00,418.31605845874
2017/04/24 23:00,418.46745814952
2017/04/25 00:00,419.97651690592
2017/04/25 01:00,420.44026978954
2017/04/25 02:00,423.09022292082
2017/04/25 03:00,422.8320079919
2017/04/25 04:00,421.59302580564
2017/04/25 05:00,425.52146633438
2017/04/25 06:00,420.67361255998
2017/04/25 07:00,419.35488426754
2017/04/25 08:00,419.75835139264
2017/04/25 09:00,419.64865388654
2017/04/25 10:00,418.2954089236
2017/04/25 11:00,416.43341343214
2017/04/25 12:00,415.95947183206
2017/04/25 13:00,412.93855267418
2017/04/25 14:00,412.4274237707
2017/04/25 15:00,411.19835819868
2017/04/25 16:00,411.6432150948
2017/04/25 17:00,412.91127190716
2017/04/25 18:00,415.3463247518
2017/04/25 19:00,416.36522663138
2017/04/25 20:00,419.24798840652
2017/04/25 21:00,419.06876374428
2017/04/25 22:00,418.80654790494
2017/04/25 23:00,418.4900627895
2017/04/26 00:00,418.00550920284
2017/04/26 01:00,419.44683466218
2017/04/26 02:00,418.16608982408
2017/04/26 03:00,419.00455769822
2017/04/26 04:00,421.12730773932
2017/04/26 05:00,423.43406942616
2017/04/26 06:00,425.41076104228
2017/04/26 07:00,423.197683142
2017/04/26 08:00,421.8582851587
2017/04/26 09:00,420.8274712486
2017/04/26 10:00,419.31321231644
2017/04/26 11:00,412.69721816076
2017/04/26 12:00,409.94926791884
2017/04/26 13:00,410.57794498136
2017/04/26 14:00,410.78222320356
2017/04/26 15:00,411.27417393946
2017/04/26 16:00,412.73438530844
2017/04/26 17:00,413.0168274128
2017/04/26 18:00,414.56582472838
2017/04/26 19:00,414.09054277292
2017/04/26 20:00,414.36834906168
2017/04/26 21:00,415.90911276564
2017/04/26 22:00,415.33943149556
2017/04/26 23:00,415.2671631615
2017/04/27 00:00,415.42707864398
2017/04/27 01:00,416.32640671466
2017/04/27 02:00,417.75018661974
2017/04/27 03:00,418.78508206314
2017/04/27 04:00,420.4346866551
2017/04/27 05:00,423.45757099568
2017/04/27 06:00,422.55409084668
2017/04/27 07:00,417.67835163366
2017/04/27 08:00,419.4899880587
2017/04/27 09:00,420.38751219244
2017/04/27 10:00,416.98542821364
2017/04/27 11:00,415.4143503068
2017/04/27 12:00,418.80758592452
2017/04/27 13:00,417.57780482444
2017/04/27 14:00,416.93976542998
2017/04/27 15:00,415.90533356814
2017/04/27 16:00,413.01230245366
2017/04/27 17:00,413.53509144116
2017/04/27 18:00,416.15470013598
2017/04/27 19:00,418.69864425792
2017/04/27 20:00,420.49881207828
2017/04/27 21:00,420.9338430609
2017/04/27 22:00,421.60038264344
2017/04/27 23:00,422.36564494254
2017/04/28 00:00,423.33719095798
2017/04/28 01:00,424.75434970904
2017/04/28 02:00,454.14483609716
2017/04/28 03:00,478.3360738884
2017/04/28 04:00,491.06005743288
2017/04/28 05:00,511.77389939754
2017/04/28 06:00,489.15389068104
2017/04/28 07:00,448.64440057632
2017/04/28 08:00,434.1575070599
2017/04/28 09:00,421.61164969092
2017/04/28 10:00,412.8920131167
2017/04/28 11:00,411.33183945438
2017/04/28 12:00,410.99598469202
2017/04/28 13:00,410.621017755
2017/04/28 14:00,410.5434686223
2017/04/28 15:00,411.19186805684
2017/04/28 16:00,410.98882941142
2017/04/28 17:00,411.3621939687
2017/04/28 18:00,413.40887632252
2017/04/28 19:00,416.36364440736
2017/04/28 20:00,418.44505506674
2017/04/28 21:00,419.73045587616
2017/04/28 22:00,424.14190807898
2017/04/28 23:00,433.9129173977
2017/04/29 00:00,437.47048260058
2017/04/29 01:00,439.16517553818
2017/04/29 02:00,440.04773404982
2017/04/29 03:00,448.00316650024
2017/04/29 04:00,443.64956121382
2017/04/29 05:00,441.95059526358
2017/04/29 06:00,442.82332786172
2017/04/29 07:00,417.9792160661
2017/04/29 08:00,413.72573431878
2017/04/29 09:00,412.7000298837
2017/04/29 10:00,411.74859927682
2017/04/29 11:00,411.3754967439
2017/04/29 12:00,411.26337047354
2017/04/29 13:00,410.19017916214
2017/04/29 14:00,409.7272123516
2017/04/29 15:00,410.12164971414
2017/04/29 16:00,413.20662375018
2017/04/29 17:00,415.39941491828
2017/04/29 18:00,414.98524510586
2017/04/29 19:00,422.28416544444
2017/04/29 20:00,428.209906813
2017/04/29 21:00,459.81915501444
2017/04/29 22:00,479.8677070512
2017/04/29 23:00,477.9491344537
2017/04/30 00:00,486.07535639754
2017/04/30 01:00,510.80671709548
2017/04/30 02:00,518.45550042182
2017/04/30 03:00,496.89095606098
2017/04/30 04:00,508.25797591218
2017/04/30 05:00,504.8799981745
2017/04/30 06:00,487.84587515378
2017/04/30 07:00,461.75059703916
2017/04/30 08:00,439.54264178448
2017/04/30 09:00,429.4991674428
2017/04/30 10:00,422.38255559162
2017/04/30 11:00,416.62094225102
2017/04/30 12:00,411.78824557806
2017/04/30 13:00,412.81433297182
2017/04/30 14:00,420.31115224722
2017/04/30 15:00,420.10002108022
2017/04/30 16:00,416.8755392282
2017/04/30 17:00,416.8045407045
2017/04/30 18:00,418.03391869018
2017/04/30 19:00,421.96865788142
2017/04/30 20:00,441.35072072494
2017/04/30 21:00,463.14358908194
2017/04/30 22:00,476.75353745474
2017/04/30 23:00,508.4722009822
2017/05/01 00:00,514.10833488794
2017/05/01 01:00,522.94762589394
2017/05/01 02:00,514.48229403896
2017/05/01 03:00,500.84470209618
2017/05/01 04:00,537.67692217694
2017/05/01 05:00,557.28208868514
2017/05/01 06:00,538.49922516364
2017/05/01 07:00,498.23568523222
2017/05/01 08:00,464.57105748378
2017/05/01 09:00,423.97501871738
2017/05/01 10:00,419.8179216231
2017/05/01 11:00,411.50485615486
2017/05/01 12:00,410.18402158968
2017/05/01 13:00,410.27760459764
2017/05/01 14:00,410.92032011914
2017/05/01 15:00,412.76869034388
2017/05/01 16:00,411.24123949298
2017/05/01 17:00,416.24054334746
2017/05/01 18:00,425.30807772674
2017/05/01 19:00,437.95184150562
2017/05/01 20:00,440.53166280916
2017/05/01 21:00,455.00253252818
2017/05/01 22:00,481.86425205152
2017/05/01 23:00,497.9939476044
2017/05/02 00:00,496.60639760602
2017/05/02 01:00,500.20436494964
2017/05/02 02:00,512.62865309344
2017/05/02 03:00,515.56486783802
2017/05/02 04:00,527.58695866708
2017/05/02 05:00,521.5407163265
2017/05/02 06:00,504.94522208442
2017/05/02 07:00,482.75231307472
2017/05/02 08:00,446.5343284831
2017/05/02 09:00,429.08853495924
2017/05/02 10:00,420.95499648904
2017/05/02 11:00,412.19645937522
2017/05/02 12:00,411.13501884858
2017/05/02 13:00,410.2975688383
2017/05/02 14:00,410.43000199656
2017/05/02 15:00,409.88837748872
2017/05/02 16:00,410.28766230192
2017/05/02 17:00,415.35943604766
2017/05/02 18:00,425.07203408982
2017/05/02 19:00,435.01239176798
2017/05/02 20:00,449.77790787982
2017/05/02 21:00,494.29580633238
2017/05/02 22:00,490.72785085584
2017/05/02 23:00,497.8689821404
2017/05/03 00:00,516.81109600562
2017/05/03 01:00,530.7904785703
2017/05/03 02:00,521.9624243782
2017/05/03 03:00,543.7022831916
2017/05/03 04:00,549.81005086748
2017/05/03 05:00,550.881145984
2017/05/03 06:00,517.7813722107
2017/05/03 07:00,481.49173403448
2017/05/03 08:00,419.47157580848
2017/05/03 09:00,416.0158473809
2017/05/03 10:00,414.42437188542
2017/05/03 11:00,413.71403392332
2017/05/03 12:00,413.29960208654
2017/05/03 13:00,412.50546671854
2017/05/03 14:00,413.37450074206
2017/05/03 15:00,414.74295319574
2017/05/03 16:00,420.85302870156
2017/05/03 17:00,424.37861685466
2017/05/03 18:00,421.79651795476
2017/05/03 19:00,424.72317888806
2017/05/03 20:00,436.59484757876
2017/05/03 21:00,461.57750979366
2017/05/03 22:00,486.7417145786
2017/05/03 23:00,524.84301941344
2017/05/04 00:00,535.7619372976
2017/05/04 01:00,525.74089627228
2017/05/04 02:00,532.77950548706
2017/05/04 03:00,535.20520607762
2017/05/04 04:00,544.09997570292
2017/05/04 05:00,555.73898691766
2017/05/04 06:00,519.83417182554
2017/05/04 07:00,496.33383180446
2017/05/04 08:00,466.24217830684
2017/05/04 09:00,443.31907795084
2017/05/04 10:00,437.22095478698
2017/05/04 11:00,419.26249044706
2017/05/04 12:00,416.97301229012
2017/05/04 13:00,423.36894629484
2017/05/04 14:00,421.19248125994
2017/05/04 15:00,419.01482703756
2017/05/04 16:00,418.94826277226
2017/05/04 17:00,419.64170016314
2017/05/04 18:00,421.51500301352
2017/05/04 19:00,427.47722623528
2017/05/04 20:00,423.4285669146
2017/05/04 21:00,418.21965364998
2017/05/04 22:00,416.54680951286
2017/05/04 23:00,417.06861087008
2017/05/05 00:00,418.1601136531
2017/05/05 01:00,419.79062070036
2017/05/05 02:00,419.42971237804
2017/05/05 03:00,416.39274926704
2017/05/05 04:00,414.96007061158
2017/05/05 05:00,415.44012947268
2017/05/05 06:00,415.1199760162
2017/05/05 07:00,412.8775513876
2017/05/05 08:00,410.83871968672
2017/05/05 09:00,410.635630652
2017/05/05 10:00,409.86642790964
2017/05/05 11:00,409.17579216384
2017/05/05 12:00,409.75343494332
2017/05/05 13:00,409.83186084984
2017/05/05 14:00,411.3564999778
2017/05/05 15:00,412.82586204366
2017/05/05 16:00,413.30623331842
2017/05/05 17:00,414.61852185832
2017/05/05 18:00,415.87428368148
2017/05/05 19:00,415.97148464118
2017/05/05 20:00,416.9576233979
2017/05/05 21:00,417.12578256986
2017/05/05 22:00,416.9829692158
2017/05/05 23:00,417.54931471422
2017/05/06 00:00,418.16900232562
2017/05/06 01:00,418.63973916622
2017/05/06 02:00,419.33672396382
2017/05/06 03:00,419.2690813675
2017/05/06 04:00,419.70164327442
2017/05/06 05:00,419.07521357468
2017/05/06 06:00,416.84326992048
2017/05/06 07:00,416.51824885762
2017/05/06 08:00,415.53383341496
2017/05/06 09:00,414.74794173644
2017/05/06 10:00,413.51456284034
2017/05/06 11:00,413.30251458808
2017/05/06 12:00,412.99995707516
2017/05/06 13:00,413.2260941757
2017/05/06 14:00,413.27501210814
2017/05/06 15:00,412.93288891686
2017/05/06 16:00,412.66799236676
2017/05/06 17:00,413.32139041986
2017/05/06 18:00,415.3011255497
2017/05/06 19:00,419.9454569414
2017/05/06 20:00,423.35039295458
2017/05/06 21:00,424.59513967676
2017/05/06 22:00,428.3473688234
2017/05/06 23:00,424.56972331384
2017/05/07 00:00,425.93684549
2017/05/07 01:00,425.4963926187
2017/05/07 02:00,423.53205645894
2017/05/07 03:00,424.8502002355
2017/05/07 04:00,434.16024823782
2017/05/07 05:00,450.1272871303
2017/05/07 06:00,443.59377018086
2017/05/07 07:00,429.67819054784
2017/05/07 08:00,423.3892128713
2017/05/07 09:00,413.62499603022
2017/05/07 10:00,412.6830990789
2017/05/07 11:00,414.43845065584
2017/05/07 12:00,414.43721107906
2017/05/07 13:00,414.59161397212
2017/05/07 14:00,413.80464396258
2017/05/07 15:00,414.30716637362
2017/05/07 16:00,417.1882048347
2017/05/07 17:00,416.33568842372
2017/05/07 18:00,415.89006561024
2017/05/07 19:00,420.01975092532
2017/05/07 20:00,422.02190929366
2017/05/07 21:00,422.38760459948
2017/05/07 22:00,430.43093614482
2017/05/07 23:00,454.08189986146
2017/05/08 00:00,460.6920589362
2017/05/08 01:00,444.46578725094
2017/05/08 02:00,446.04164206342
2017/05/08 03:00,439.10208813458
2017/05/08 04:00,439.3921491011
2017/05/08 05:00,448.77195605034
2017/05/08 06:00,466.48598189596
2017/05/08 07:00,440.56161420908
2017/05/08 08:00,431.80453838496
2017/05/08 09:00,424.4790326517
2017/05/08 10:00,417.958707621
2017/05/08 11:00,417.53716081506
2017/05/08 12:00,417.14321726766
2017/05/08 13:00,419.51519278656
2017/05/08 14:00,489.90992166038
2017/05/08 15:00,NaN
2017/05/08 16:00,NaN
2017/05/08 17:00,415.7396636276
2017/05/08 18:00,418.19109299474
2017/05/08 19:00,425.48197120104
2017/05/08 20:00,423.20279261702
2017/05/08 21:00,440.37490169686
2017/05/08 22:00,460.72901444882
2017/05/08 23:00,459.19313850696
2017/05/09 00:00,461.02539423356
2017/05/09 01:00,484.56403012264
2017/05/09 02:00,498.74800332318
2017/05/09 03:00,502.8522319639
2017/05/09 04:00,501.32269499598
2017/05/09 05:00,501.30365791844
2017/05/09 06:00,470.40750901274
2017/05/09 07:00,434.35371291624
2017/05/09 08:00,434.11802200442
2017/05/09 09:00,428.59279494798
2017/05/09 10:00,422.09932741418
2017/05/09 11:00,416.19927451076
2017/05/09 12:00,415.57364096196
2017/05/09 13:00,414.26620995058
2017/05/09 14:00,417.02346205728
2017/05/09 15:00,420.2626071956
2017/05/09 16:00,417.63211441198
2017/05/09 17:00,417.99617710448
2017/05/09 18:00,421.03196110586
2017/05/09 19:00,425.5346884867
2017/05/09 20:00,424.80512196772
2017/05/09 21:00,423.7147277493
2017/05/09 22:00,421.45114969256
2017/05/09 23:00,421.44134393478
2017/05/10 00:00,422.70564170536
2017/05/10 01:00,420.95592365216
2017/05/10 02:00,417.86360285618
2017/05/10 03:00,418.21104715754
2017/05/10 04:00,418.5632280531
2017/05/10 05:00,419.02142803586
2017/05/10 06:00,417.95073603374
2017/05/10 07:00,416.94919830694
2017/05/10 08:00,417.51436469574
2017/05/10 09:00,415.93412601416
2017/05/10 10:00,414.92074680186
2017/05/10 11:00,413.78877133308
2017/05/10 12:00,412.90086147778
2017/05/10 13:00,411.56801410348
2017/05/10 14:00,412.78959182552
2017/05/10 15:00,414.0855340765
2017/05/10 16:00,415.56100332552
2017/05/10 17:00,416.49669231508
2017/05/10 18:00,417.59265959008
2017/05/10 19:00,418.96274465708
2017/05/10 20:00,420.1166797828
2017/05/10 21:00,418.8117480807
2017/05/10 22:00,419.92799201002
2017/05/10 23:00,421.27117926868
2017/05/11 00:00,420.35143345364
2017/05/11 01:00,421.5149828578
2017/05/11 02:00,421.23802310928
2017/05/11 03:00,422.89462173608
2017/05/11 04:00,424.10465023056
2017/05/11 05:00,426.21089273698
2017/05/11 06:00,425.75253150846
2017/05/11 07:00,421.84863056882
2017/05/11 08:00,418.85448828496
2017/05/11 09:00,416.70128295094
2017/05/11 10:00,415.34117496534
2017/05/11 11:00,415.67714058416
2017/05/11 12:00,411.7448503129
2017/05/11 13:00,410.97650418864
2017/05/11 14:00,412.38743482222
2017/05/11 15:00,413.9179392647
2017/05/11 16:00,414.3943700962
2017/05/11 17:00,415.4633790957
2017/05/11 18:00,416.15241246176
2017/05/11 19:00,416.96635082466
2017/05/11 20:00,418.52990057008
2017/05/11 21:00,421.29210090604
2017/05/11 22:00,417.00487848344
2017/05/11 23:00,417.32663431966
2017/05/12 00:00,417.99346616014
2017/05/12 01:00,419.23664073616
2017/05/12 02:00,419.2373864978
2017/05/12 03:00,419.9280726329
2017/05/12 04:00,422.51746790344
2017/05/12 05:00,423.7174487715
2017/05/12 06:00,422.84928144394
2017/05/12 07:00,417.68032689422
2017/05/12 08:00,414.38901875254
2017/05/12 09:00,413.46461696618
2017/05/12 10:00,413.4017008862
2017/05/12 11:00,413.03353650468
2017/05/12 12:00,412.73400234976
2017/05/12 13:00,412.91566585412
2017/05/12 14:00,412.5207951436
2017/05/12 15:00,412.55654131302
2017/05/12 16:00,412.9190217815
2017/05/12 17:00,413.99045954526
2017/05/12 18:00,415.19766623894
2017/05/12 19:00,417.2926618536
2017/05/12 20:00,418.1581988597
2017/05/12 21:00,419.74804174186
2017/05/12 22:00,419.01329520284
2017/05/12 23:00,419.88568515374
2017/05/13 00:00,418.08798640908
2017/05/13 01:00,418.99029752632
2017/05/13 02:00,419.66541336772
2017/05/13 03:00,420.60312800714
2017/05/13 04:00,421.55276475494
2017/05/13 05:00,423.15310876722
2017/05/13 06:00,419.50037833236
2017/05/13 07:00,418.78924421932
2017/05/13 08:00,418.14143937852
2017/05/13 09:00,416.18163825576
2017/05/13 10:00,414.68764590006
2017/05/13 11:00,413.94030203604
2017/05/13 12:00,413.3544357228
2017/05/13 13:00,413.61683296362
2017/05/13 14:00,413.3056588804
2017/05/13 15:00,412.60574142554
2017/05/13 16:00,412.23462423104
2017/05/13 17:00,412.94558702046
2017/05/13 18:00,414.09775852068
2017/05/13 19:00,416.4648664332
2017/05/13 20:00,417.17541603036
2017/05/13 21:00,417.17511369456
2017/05/13 22:00,417.48030152894
2017/05/13 23:00,417.36383170092
2017/05/14 00:00,417.12895709576
2017/05/14 01:00,416.65976216774
2017/05/14 02:00,416.85451681224
2017/05/14 03:00,415.62297208666
2017/05/14 04:00,415.98604714888
2017/05/14 05:00,415.68565637586
2017/05/14 06:00,416.14453157524
2017/05/14 07:00,415.48458291314
2017/05/14 08:00,414.39861287526
2017/05/14 09:00,412.71470324786
2017/05/14 10:00,412.52813182568
2017/05/14 11:00,411.99687743578
2017/05/14 12:00,411.84257532132
2017/05/14 13:00,412.33693466576
2017/05/14 14:00,412.15686346328
2017/05/14 15:00,412.30574368906
2017/05/14 16:00,412.27935985158
2017/05/14 17:00,412.11089834382
2017/05/14 18:00,413.79442501254
2017/05/14 19:00,417.148447677
2017/05/14 20:00,416.83615495132
2017/05/14 21:00,417.18204726224
2017/05/14 22:00,417.08043219986
2017/05/14 23:00,419.82323265532
2017/05/15 00:00,427.79314699056
2017/05/15 01:00,432.5875780291
2017/05/15 02:00,433.87228346618
2017/05/15 03:00,425.6790034419
2017/05/15 04:00,427.42854009362
2017/05/15 05:00,434.05833083964
2017/05/15 06:00,433.04522372956
2017/05/15 07:00,416.54698083648
2017/05/15 08:00,418.45748106812
2017/05/15 09:00,419.02016830336
2017/05/15 10:00,415.88565150756
2017/05/15 11:00,414.68563032806
2017/05/15 12:00,414.19345787924
2017/05/15 13:00,412.0246620958
2017/05/15 14:00,410.85444114832
2017/05/15 15:00,411.04597087762
2017/05/15 16:00,411.17150070178
2017/05/15 17:00,413.70060013594
2017/05/15 18:00,415.05544747862
2017/05/15 19:00,415.19410875436
2017/05/15 20:00,416.01214880628
2017/05/15 21:00,415.723942166
2017/05/15 22:00,415.33415069692
2017/05/15 23:00,415.25734732586
2017/05/16 00:00,414.88524250108
2017/05/16 01:00,414.74223766768
2017/05/16 02:00,415.57198819292
2017/05/16 03:00,415.38681759328
2017/05/16 04:00,415.6019496707
2017/05/16 05:00,415.73797054712
2017/05/16 06:00,415.17960671382
2017/05/16 07:00,414.53850364992
2017/05/16 08:00,413.27424619078
2017/05/16 09:00,412.84838606076
2017/05/16 10:00,411.89509104978
2017/05/16 11:00,411.22497382694
2017/05/16 12:00,411.53828441648
2017/05/16 13:00,410.99820182122
2017/05/16 14:00,411.26698842528
2017/05/16 15:00,412.17282679352
2017/05/16 16:00,412.39334044818
2017/05/16 17:00,412.88029256552
2017/05/16 18:00,413.40674989406
2017/05/16 19:00,414.68784745726
2017/05/16 20:00,414.69971917634
2017/05/16 21:00,414.53157008224
2017/05/16 22:00,414.99308568094
2017/05/16 23:00,415.02354097386
2017/05/17 00:00,415.21406291716
2017/05/17 01:00,414.96862671472
2017/05/17 02:00,415.54313527974
2017/05/17 03:00,417.15193461656
2017/05/17 04:00,419.5900612085
2017/05/17 05:00,420.67997168964
2017/05/17 06:00,418.67341937434
2017/05/17 07:00,417.81813155186
2017/05/17 08:00,418.14496662952
2017/05/17 09:00,417.6109710617
2017/05/17 10:00,416.02510893424
2017/05/17 11:00,414.4116536261
2017/05/17 12:00,413.1455720743
2017/05/17 13:00,418.41356175424
2017/05/17 14:00,418.9067823005
2017/05/17 15:00,417.65880058526
2017/05/17 16:00,416.95178831696
2017/05/17 17:00,415.45830993212
2017/05/17 18:00,415.43377034302
2017/05/17 19:00,422.3948304251
2017/05/17 20:00,424.25473979954
2017/05/17 21:00,426.95860948182
2017/05/17 22:00,426.32930759198
2017/05/17 23:00,434.63713257302
2017/05/18 00:00,445.86009949338
2017/05/18 01:00,445.9256761284
2017/05/18 02:00,459.79937217526
2017/05/18 03:00,452.8370725164
2017/05/18 04:00,490.91599442418
2017/05/18 05:00,478.60524345114
2017/05/18 06:00,457.09926153476
2017/05/18 07:00,446.94327796404
2017/05/18 08:00,433.28625590718
2017/05/18 09:00,424.08916055974
2017/05/18 10:00,417.36228978834
2017/05/18 11:00,414.5735040577
2017/05/18 12:00,410.11723561146
2017/05/18 13:00,410.03185598154
2017/05/18 14:00,409.61442094248
2017/05/18 15:00,412.58028475118
2017/05/18 16:00,416.3244818434
2017/05/18 17:00,414.22461862236
2017/05/18 18:00,415.89225250586
2017/05/18 19:00,419.2895394233
2017/05/18 20:00,424.42460212984
2017/05/18 21:00,449.56651468846
2017/05/18 22:00,451.04216533896
2017/05/18 23:00,465.0045263981
2017/05/19 00:00,465.69422490292
2017/05/19 01:00,492.40807198648
2017/05/19 02:00,491.53643787508
2017/05/19 03:00,492.92490495872
2017/05/19 04:00,505.57908924484
2017/05/19 05:00,510.6331461127
2017/05/19 06:00,482.83580814482
2017/05/19 07:00,458.92622638486
2017/05/19 08:00,441.16225466508
2017/05/19 09:00,430.62547915426
2017/05/19 10:00,418.53948461494
2017/05/19 11:00,418.68141111732
2017/05/19 12:00,415.22450358012
2017/05/19 13:00,412.82692021896
2017/05/19 14:00,412.82214331332
2017/05/19 15:00,418.2653265115
2017/05/19 16:00,419.92063517222
2017/05/19 17:00,421.68966240518
2017/05/19 18:00,424.67885645978
2017/05/19 19:00,424.1982634721
2017/05/19 20:00,428.67279300066
2017/05/19 21:00,431.56392947746
2017/05/19 22:00,453.4045064237
2017/05/19 23:00,474.0048616069
2017/05/20 00:00,482.48691263162
2017/05/20 01:00,470.35477157136
2017/05/20 02:00,481.20324521412
2017/05/20 03:00,484.67864562442
2017/05/20 04:00,485.45674711716
2017/05/20 05:00,502.71615062032
2017/05/20 06:00,476.61872592152
2017/05/20 07:00,453.20986263566
2017/05/20 08:00,443.94926669236
2017/05/20 09:00,433.92402319942
2017/05/20 10:00,421.15911346548
2017/05/20 11:00,416.43501581188
2017/05/20 12:00,414.12969525902
2017/05/20 13:00,414.42066323294
2017/05/20 14:00,417.2625794415
2017/05/20 15:00,419.26139196032
2017/05/20 16:00,417.42840054994
2017/05/20 17:00,417.41195348242
2017/05/20 18:00,415.67669715832
2017/05/20 19:00,417.4051811605
2017/05/20 20:00,425.90864763772
2017/05/20 21:00,429.40546350052
2017/05/20 22:00,459.11163885314
2017/05/20 23:00,480.51553204772
2017/05/21 00:00,495.75759992538
2017/05/21 01:00,488.96077872772
2017/05/21 02:00,481.11468098044
2017/05/21 03:00,493.62436890988
2017/05/21 04:00,503.02997518072
2017/05/21 05:00,486.09855563126
2017/05/21 06:00,467.5627911591
2017/05/21 07:00,451.60018652502
2017/05/21 08:00,443.2950019433
2017/05/21 09:00,429.7597305131
2017/05/21 10:00,420.9596927718
2017/05/21 11:00,414.38054327228
2017/05/21 12:00,411.71947426142
2017/05/21 13:00,412.56674010734
2017/05/21 14:00,413.18572226854
2017/05/21 15:00,414.06979245918
2017/05/21 16:00,416.12794341768
2017/05/21 17:00,416.32097474812
2017/05/21 18:00,416.5822231129
2017/05/21 19:00,425.08927730828
2017/05/21 20:00,433.52249102344
2017/05/21 21:00,439.71718024182
2017/05/21 22:00,433.7365548477
2017/05/21 23:00,439.60542685228
2017/05/22 00:00,447.83616628218
2017/05/22 01:00,444.96440953016
2017/05/22 02:00,462.3352036199
2017/05/22 03:00,480.43697512902
2017/05/22 04:00,490.33412902136
2017/05/22 05:00,484.3116401968
2017/05/22 06:00,459.5362291728
2017/05/22 07:00,448.12932115172
2017/05/22 08:00,437.1168706489
2017/05/22 09:00,430.87366661248
2017/05/22 10:00,425.31748037012
2017/05/22 11:00,426.5156169898
2017/05/22 12:00,422.16129617532
2017/05/22 13:00,415.56315998756
2017/05/22 14:00,417.02567918648
2017/05/22 15:00,422.12558023948
2017/05/22 16:00,424.4502603614
2017/05/22 17:00,419.57558940154
2017/05/22 18:00,420.52364392532
2017/05/22 19:00,425.45516409344
2017/05/22 20:00,424.2885107084
2017/05/22 21:00,428.07681859384
2017/05/22 22:00,439.57256295082
2017/05/22 23:00,437.54993644882
2017/05/23 00:00,447.55055972978
2017/05/23 01:00,453.19615674606
2017/05/23 02:00,453.75283757674
2017/05/23 03:00,449.45330000922
2017/05/23 04:00,460.7065710546
2017/05/23 05:00,459.35834486594
2017/05/23 06:00,445.77906342112
2017/05/23 07:00,439.49485257236
2017/05/23 08:00,436.73192663048
2017/05/23 09:00,432.58482677332
2017/05/23 10:00,426.31841342532
2017/05/23 11:00,420.3549203932
2017/05/23 12:00,421.37897205924
2017/05/23 13:00,421.74801321458
2017/05/23 14:00,421.30373075648
2017/05/23 15:00,418.32424168106
2017/05/23 16:00,419.92513997564
2017/05/23 17:00,421.48710749704
2017/05/23 18:00,423.2604682098
2017/05/23 19:00,427.15958216594
2017/05/23 20:00,428.03148837956
2017/05/23 21:00,427.88646797416
2017/05/23 22:00,425.8670059202
2017/05/23 23:00,432.45849072036
2017/05/24 00:00,434.55163200878
2017/05/24 01:00,432.53992990702
2017/05/24 02:00,427.57440703926
2017/05/24 03:00,421.75039158954
2017/05/24 04:00,417.82151771282
2017/05/24 05:00,420.90460718904
2017/05/24 06:00,420.3701379618
2017/05/24 07:00,420.80672093486
2017/05/24 08:00,421.65750395392
2017/05/24 09:00,421.38550251252
2017/05/24 10:00,420.36813246766
2017/05/24 11:00,418.8695949971
2017/05/24 12:00,417.38116562012
2017/05/24 13:00,415.66789918654
2017/05/24 14:00,417.21493131942
2017/05/24 15:00,416.83238583168
2017/05/24 16:00,416.11243359114
2017/05/24 17:00,414.1172793355
2017/05/24 18:00,415.0302326729
2017/05/24 19:00,417.49555940898
2017/05/24 20:00,416.89218785292
2017/05/24 21:00,415.46764203048
2017/05/24 22:00,416.02919046754
2017/05/24 23:00,417.41471481606
2017/05/25 00:00,416.71914091886
2017/05/25 01:00,415.1666868973
2017/05/25 02:00,414.67253918792
2017/05/25 03:00,414.76540666782
2017/05/25 04:00,415.29844483894
2017/05/25 05:00,415.40892841812
2017/05/25 06:00,413.8500648776
2017/05/25 07:00,412.27239605032
2017/05/25 08:00,410.96166957872
2017/05/25 09:00,411.53208653258
2017/05/25 10:00,411.09460662998
2017/05/25 11:00,410.9249156233
2017/05/25 12:00,410.83652271324
2017/05/25 13:00,410.7344944586
2017/05/25 14:00,410.32167507942
2017/05/25 15:00,410.37397917282
2017/05/25 16:00,410.65700579306
2017/05/25 17:00,411.15119381388
2017/05/25 18:00,412.26696408378
2017/05/25 19:00,414.91511327812
2017/05/25 20:00,415.40796094356
2017/05/25 21:00,414.84163560086
2017/05/25 22:00,415.23020764888
2017/05/25 23:00,414.97056166384
2017/05/26 00:00,414.25829883048
2017/05/26 01:00,414.04530325938
2017/05/26 02:00,414.9765176791
2017/05/26 03:00,415.55168130502
2017/05/26 04:00,416.29809800592
2017/05/26 05:00,417.08441295456
2017/05/26 06:00,415.63808887666
2017/05/26 07:00,413.70036834516
2017/05/26 08:00,413.26315046692
2017/05/26 09:00,412.9638682585
2017/05/26 10:00,412.15104853806
2017/05/26 11:00,412.48520014208
2017/05/26 12:00,411.55954870108
2017/05/26 13:00,410.01198244162
2017/05/26 14:00,410.12964145712
2017/05/26 15:00,410.5744580418
2017/05/26 16:00,412.00108998126
2017/05/26 17:00,413.26503502674
2017/05/26 18:00,414.21806801336
2017/05/26 19:00,416.65031921292
2017/05/26 20:00,416.52071793332
2017/05/26 21:00,417.44516003112
2017/05/26 22:00,416.37536495854
2017/05/26 23:00,417.66083631298
2017/05/27 00:00,424.97638512056
2017/05/27 01:00,423.24713520102
2017/05/27 02:00,425.19251490612
2017/05/27 03:00,424.4113598218
2017/05/27 04:00,421.77808554882
2017/05/27 05:00,416.56143248772
2017/05/27 06:00,414.89793052682
2017/05/27 07:00,414.13051156568
2017/05/27 08:00,413.5039911652
2017/05/27 09:00,412.6592145507
2017/05/27 10:00,411.90973418036
2017/05/27 11:00,414.04212873348
2017/05/27 12:00,412.23729486394
2017/05/27 13:00,411.23408421238
2017/05/27 14:00,412.08018102654
2017/05/27 15:00,411.93685370162
2017/05/27 16:00,411.6202879633
2017/05/27 17:00,411.52058769432
2017/05/27 18:00,413.46369988092
2017/05/27 19:00,415.08095454228
2017/05/27 20:00,414.11683590966
2017/05/27 21:00,416.3886778116
2017/05/27 22:00,413.64721771152
2017/05/27 23:00,414.78451429038
2017/05/28 00:00,413.96850996618
2017/05/28 01:00,413.9344165658
2017/05/28 02:00,414.0015351134
2017/05/28 03:00,413.19844052786
2017/05/28 04:00,412.5940107965
2017/05/28 05:00,412.1241809633
2017/05/28 06:00,411.29848173778
2017/05/28 07:00,410.65408321366
2017/05/28 08:00,409.70026415396
2017/05/28 09:00,409.04380243142
2017/05/28 10:00,409.4182755533
2017/05/28 11:00,409.42082525188
2017/05/28 12:00,410.4174953723
2017/05/28 13:00,409.89273112424
2017/05/28 14:00,409.17221452354
2017/05/28 15:00,411.60343778138
2017/05/28 16:00,412.06194009994
2017/05/28 17:00,413.4644355647
2017/05/28 18:00,415.4514368316
2017/05/28 19:00,417.70012988912
2017/05/28 20:00,419.08028273826
2017/05/28 21:00,415.33782911582
2017/05/28 22:00,415.77403920806
2017/05/28 23:00,414.16740661114
2017/05/29 00:00,413.07529915652
2017/05/29 01:00,413.79996783554
2017/05/29 02:00,412.66789158816
2017/05/29 03:00,412.95282292394
2017/05/29 04:00,412.26561365054
2017/05/29 05:00,411.92921468374
2017/05/29 06:00,411.51044936716
2017/05/29 07:00,411.37269509882
2017/05/29 08:00,409.41398238494
2017/05/29 09:00,407.8558041389
2017/05/29 10:00,408.91808112792
2017/05/29 11:00,408.77292971034
2017/05/29 12:00,407.88611834178
2017/05/29 13:00,408.56591031022
2017/05/29 14:00,410.36747895312
2017/05/29 15:00,407.94229233342
2017/05/29 16:00,411.12701702774
2017/05/29 17:00,410.96489449392
2017/05/29 18:00,411.33288755182
2017/05/29 19:00,413.27599973842
2017/05/29 20:00,412.6759437983
2017/05/29 21:00,412.52906906666
2017/05/29 22:00,411.86893900308
2017/05/29 23:00,411.62044920906
2017/05/30 00:00,412.3510335919
2017/05/30 01:00,412.12909895898
2017/05/30 02:00,411.10953194064
2017/05/30 03:00,411.4193858242
2017/05/30 04:00,411.11023739084
2017/05/30 05:00,411.72168131276
2017/05/30 06:00,411.72764740588
2017/05/30 07:00,411.4214013962
2017/05/30 08:00,410.3396439038
2017/05/30 09:00,409.18021634438
2017/05/30 10:00,408.96236324476
2017/05/30 11:00,408.36187395666
2017/05/30 12:00,407.25087051454
2017/05/30 13:00,409.6073362069
2017/05/30 14:00,410.147862228
2017/05/30 15:00,409.13556134672
2017/05/30 16:00,409.71432276866
2017/05/30 17:00,410.51858638596
2017/05/30 18:00,412.45566193442
2017/05/30 19:00,413.36876643972
2017/05/30 20:00,413.62461307154
2017/05/30 21:00,412.80938474256
2017/05/30 22:00,412.11250072356
2017/05/30 23:00,412.4222840621
2017/05/31 00:00,412.8475193648
2017/05/31 01:00,413.51957153676
2017/05/31 02:00,414.72770539356
2017/05/31 03:00,415.4633790957
2017/05/31 04:00,416.77399471084
2017/05/31 05:00,420.31821682708
2017/05/31 06:00,425.69883667038
2017/05/31 07:00,417.8020472873
2017/05/31 08:00,414.12783085492
2017/05/31 09:00,414.25884303492
2017/05/31 10:00,413.34601063184
2017/05/31 11:00,411.71238952584
2017/05/31 12:00,412.690002413
2017/05/31 13:00,412.59062463554
2017/05/31 14:00,411.31419312152
2017/05/31 15:00,411.5667241374
2017/05/31 16:00,412.01602536978
2017/05/31 17:00,412.79633391386
2017/05/31 18:00,414.11424589964
2017/05/31 19:00,417.03385233094
2017/05/31 20:00,415.98040354728
2017/05/31 21:00,416.60438432704
2017/05/31 22:00,415.86420582148
2017/05/31 23:00,415.10750970338
