06/01/2016 00:00,421.109896402
06/01/2016 01:00,422.357160322
06/01/2016 02:00,424.32461857
06/01/2016 03:00,430.732939888
06/01/2016 04:00,429.040080874
06/01/2016 05:00,423.77139667
06/01/2016 06:00,422.77559725
06/01/2016 07:00,418.277400274
06/01/2016 08:00,418.936237264
06/01/2016 09:00,412.001852212
06/01/2016 10:00,411.445612738
06/01/2016 11:00,410.908484566
06/01/2016 12:00,408.749913298
06/01/2016 13:00,406.657728658
06/01/2016 14:00,405.249527458
06/01/2016 15:00,404.293962358
06/01/2016 16:00,404.27786863
06/01/2016 17:00,404.361354844
06/01/2016 18:00,405.22840444
06/01/2016 19:00,408.313370926
06/01/2016 20:00,412.386089968
06/01/2016 21:00,414.44709301
06/01/2016 22:00,416.995937182
06/01/2016 23:00,418.972448152
06/02/2016 00:00,421.153148296
06/02/2016 01:00,420.881566636
06/02/2016 02:00,419.580992242
06/02/2016 03:00,420.746781664
06/02/2016 04:00,424.306513126
06/02/2016 05:00,425.866598884
06/02/2016 06:00,427.254682924
06/02/2016 07:00,427.766664646
06/02/2016 08:00,422.857071748
06/02/2016 09:00,423.004932874
06/02/2016 10:00,416.523183922
06/02/2016 11:00,413.45632288
06/02/2016 12:00,411.200183386
06/02/2016 13:00,420.93487711
06/02/2016 14:00,427.58862778
06/02/2016 15:00,421.782815404
06/02/2016 16:00,417.391239376
06/02/2016 17:00,415.01540278
06/02/2016 18:00,414.92487556
06/02/2016 19:00,418.496677318
06/02/2016 20:00,418.268347552
06/02/2016 21:00,422.67501145
06/02/2016 22:00,427.68921358
06/02/2016 23:00,431.110136638
06/03/2016 00:00,445.843944622
06/03/2016 01:00,456.772591792
06/03/2016 02:00,471.643196464
06/03/2016 03:00,485.137787392
06/03/2016 04:00,500.44795201
06/03/2016 05:00,497.29458718
06/03/2016 06:00,484.624799812
06/03/2016 07:00,460.22369059
06/03/2016 08:00,439.770574018
06/03/2016 09:00,427.46792482
06/03/2016 10:00,420.248881954
06/03/2016 11:00,416.55939481
06/03/2016 12:00,411.833873926
06/03/2016 13:00,411.632702326
06/03/2016 14:00,412.401177838
06/03/2016 15:00,415.590753556
06/03/2016 16:00,415.595782846
06/03/2016 17:00,415.57868326
06/03/2016 18:00,415.8603235
06/03/2016 19:00,421.039486342
06/03/2016 20:00,427.393491328
06/03/2016 21:00,437.333380084
06/03/2016 22:00,454.025593594
06/03/2016 23:00,483.407711632
06/04/2016 00:00,458.142570388
06/04/2016 01:00,463.949388622
06/04/2016 02:00,478.725442642
06/04/2016 03:00,490.361207986
06/04/2016 04:00,477.789994702
06/04/2016 05:00,502.663857184
06/04/2016 06:00,501.00117391
06/04/2016 07:00,471.049740244
06/04/2016 08:00,433.96073821
06/04/2016 09:00,424.184804308
06/04/2016 10:00,424.084218508
06/04/2016 11:00,418.119480568
06/04/2016 12:00,415.707433084
06/04/2016 13:00,414.551702242
06/04/2016 14:00,411.141843622
06/04/2016 15:00,404.6952997
06/04/2016 16:00,408.37673998
06/04/2016 17:00,410.084686864
06/04/2016 18:00,410.299940476
06/04/2016 19:00,413.485492762
06/04/2016 20:00,416.315977174
06/04/2016 21:00,417.461649436
06/04/2016 22:00,421.28692741
06/04/2016 23:00,423.568213354
06/05/2016 00:00,419.723824078
06/05/2016 01:00,420.920795098
06/05/2016 02:00,421.951799548
06/05/2016 03:00,430.846601842
06/05/2016 04:00,424.427216086
06/05/2016 05:00,421.195394332
06/05/2016 06:00,422.050373632
06/05/2016 07:00,422.375265766
06/05/2016 08:00,420.946947406
06/05/2016 09:00,422.018186176
06/05/2016 10:00,419.70773035
06/05/2016 11:00,417.31378831
06/05/2016 12:00,414.882629524
06/05/2016 13:00,420.016528756
06/05/2016 14:00,421.997063158
06/05/2016 15:00,420.509399176
06/05/2016 16:00,408.545724124
06/05/2016 17:00,406.615482622
06/05/2016 18:00,407.400051862
06/05/2016 19:00,410.160126214
06/05/2016 20:00,411.658854634
06/05/2016 21:00,412.705952812
06/05/2016 22:00,415.21154509
06/05/2016 23:00,416.299883446
06/06/2016 00:00,422.281720972
06/06/2016 01:00,425.32544728
06/06/2016 02:00,419.278228984
06/06/2016 03:00,415.579689118
06/06/2016 04:00,413.548861816
06/06/2016 05:00,415.571642254
06/06/2016 06:00,416.127881728
06/06/2016 07:00,415.727550244
06/06/2016 08:00,417.221249374
06/06/2016 09:00,415.081789408
06/06/2016 10:00,412.303609612
06/06/2016 11:00,409.713525262
06/06/2016 12:00,408.840440518
06/06/2016 13:00,405.834936814
06/06/2016 14:00,407.2602376
06/06/2016 15:00,406.092436462
06/06/2016 16:00,405.400406158
06/06/2016 17:00,405.31390237
06/06/2016 18:00,406.268461612
06/06/2016 19:00,408.800206198
06/06/2016 20:00,410.336151364
06/06/2016 21:00,410.15710864
06/06/2016 22:00,408.79920034
06/06/2016 23:00,409.059717562
06/07/2016 00:00,410.047470118
06/07/2016 01:00,410.258700298
06/07/2016 02:00,410.591639296
06/07/2016 03:00,410.898425986
06/07/2016 04:00,410.942683738
06/07/2016 05:00,411.299763328
06/07/2016 06:00,411.1830838
06/07/2016 07:00,410.334139648
06/07/2016 08:00,410.173202368
06/07/2016 09:00,408.28621276
06/07/2016 10:00,406.92830446
06/07/2016 11:00,406.282543624
06/07/2016 12:00,407.568030148
06/07/2016 13:00,406.863929548
06/07/2016 14:00,402.927001336
06/07/2016 15:00,401.21503102
06/07/2016 16:00,403.59891448
06/07/2016 17:00,404.913570886
06/07/2016 18:00,406.412299306
06/07/2016 19:00,408.85955182
06/07/2016 20:00,410.5292761
06/07/2016 21:00,411.199177528
06/07/2016 22:00,411.960612034
06/07/2016 23:00,410.91653143
06/08/2016 00:00,414.41188798
06/08/2016 01:00,417.688973344
06/08/2016 02:00,414.370647802
06/08/2016 03:00,413.39094211
06/08/2016 04:00,413.614242586
06/08/2016 05:00,414.943986862
06/08/2016 06:00,415.636017166
06/08/2016 07:00,415.726544386
06/08/2016 08:00,415.692345214
06/08/2016 09:00,415.116994438
06/08/2016 10:00,414.420940702
06/08/2016 11:00,414.143323894
06/08/2016 12:00,414.847424494
06/08/2016 13:00,413.045932816
06/08/2016 14:00,411.311833624
06/08/2016 15:00,409.799023192
06/08/2016 16:00,409.745712718
06/08/2016 17:00,409.496259934
06/08/2016 18:00,411.098591728
06/08/2016 19:00,413.026821514
06/08/2016 20:00,414.100072
06/08/2016 21:00,413.413070986
06/08/2016 22:00,416.004161194
06/08/2016 23:00,415.26183799
06/09/2016 00:00,414.193616794
06/09/2016 01:00,413.001675064
06/09/2016 02:00,412.723052398
06/09/2016 03:00,413.393959684
06/09/2016 04:00,415.858311784
06/09/2016 05:00,416.07155368
06/09/2016 06:00,415.077765976
06/09/2016 07:00,413.875765666
06/09/2016 08:00,413.614242586
06/09/2016 09:00,414.329407624
06/09/2016 10:00,413.1445069
06/09/2016 11:00,412.403189554
06/09/2016 12:00,413.57702584
06/09/2016 13:00,411.974694046
06/09/2016 14:00,409.25686573
06/09/2016 15:00,408.112199326
06/09/2016 16:00,408.302306488
06/09/2016 17:00,409.551582124
06/09/2016 18:00,411.207224392
06/09/2016 19:00,412.678794646
06/09/2016 20:00,414.828313192
06/09/2016 21:00,413.995462768
06/09/2016 22:00,412.987593052
06/09/2016 23:00,415.551525094
06/10/2016 00:00,418.167761752
06/10/2016 01:00,430.463369944
06/10/2016 02:00,427.972865536
06/10/2016 03:00,433.063512874
06/10/2016 04:00,456.915423628
06/10/2016 05:00,450.474914854
06/10/2016 06:00,454.831285852
06/10/2016 07:00,434.59442875
06/10/2016 08:00,419.307398866
06/10/2016 09:00,419.191725196
06/10/2016 10:00,412.056168544
06/10/2016 11:00,410.68518409
06/10/2016 12:00,409.24177786
06/10/2016 13:00,408.881680696
06/10/2016 14:00,408.19568554
06/10/2016 15:00,407.569036006
06/10/2016 16:00,407.413128016
06/10/2016 17:00,407.946232756
06/10/2016 18:00,409.077823006
06/10/2016 19:00,411.247458712
06/10/2016 20:00,412.443423874
06/10/2016 21:00,413.816420044
06/10/2016 22:00,420.030610768
06/10/2016 23:00,425.465261542
06/11/2016 00:00,434.265513184
06/11/2016 01:00,443.897609392
06/11/2016 02:00,448.020621334
06/11/2016 03:00,449.299066852
06/11/2016 04:00,455.282916094
06/11/2016 05:00,447.024821914
06/11/2016 06:00,432.86938228
06/11/2016 07:00,420.991205158
06/11/2016 08:00,417.21320251
06/11/2016 09:00,414.513479638
06/11/2016 10:00,413.570990692
06/11/2016 11:00,411.458688892
06/11/2016 12:00,408.629210338
06/11/2016 13:00,404.37845443
06/11/2016 14:00,404.05155058
06/11/2016 15:00,405.376265566
06/11/2016 16:00,405.715239712
06/11/2016 17:00,405.537202846
06/11/2016 18:00,406.516908538
06/11/2016 19:00,409.399697566
06/11/2016 20:00,412.187935942
06/11/2016 21:00,413.56696726
06/11/2016 22:00,413.900912116
06/11/2016 23:00,413.649447616
06/12/2016 00:00,412.640572042
06/12/2016 01:00,412.729087546
06/12/2016 02:00,414.290179162
06/12/2016 03:00,413.267221576
06/12/2016 04:00,413.636371462
06/12/2016 05:00,412.688853226
06/12/2016 06:00,411.396325696
06/12/2016 07:00,411.739323274
06/12/2016 08:00,410.49407107
06/12/2016 09:00,407.754113878
06/12/2016 10:00,406.387152856
06/12/2016 11:00,405.06746716
06/12/2016 12:00,403.874519572
06/12/2016 13:00,403.886589868
06/12/2016 14:00,404.223552298
06/12/2016 15:00,404.198405848
06/12/2016 16:00,404.372419282
06/12/2016 17:00,404.669147392
06/12/2016 18:00,405.392359294
06/12/2016 19:00,407.384963992
06/12/2016 20:00,408.88469827
06/12/2016 21:00,409.26189502
06/12/2016 22:00,409.017471526
06/12/2016 23:00,409.942860886
06/13/2016 00:00,411.754411144
06/13/2016 01:00,411.472770904
06/13/2016 02:00,409.758788872
06/13/2016 03:00,408.9199033
06/13/2016 04:00,408.771036316
06/13/2016 05:00,407.660569084
06/13/2016 06:00,407.821506364
06/13/2016 07:00,406.403246584
06/13/2016 08:00,405.566372728
06/13/2016 09:00,405.221363434
06/13/2016 10:00,403.911736318
06/13/2016 11:00,402.176631268
06/13/2016 12:00,401.604298066
06/13/2016 13:00,400.843869418
06/13/2016 14:00,400.434485212
06/13/2016 15:00,402.474365236
06/13/2016 16:00,402.672519262
06/13/2016 17:00,404.699323132
06/13/2016 18:00,406.29461392
06/13/2016 19:00,408.384786844
06/13/2016 20:00,410.823992494
06/13/2016 21:00,413.749027558
06/13/2016 22:00,416.853105346
06/13/2016 23:00,416.884286944
06/14/2016 00:00,414.705598516
06/14/2016 01:00,415.385558524
06/14/2016 02:00,416.522178064
06/14/2016 03:00,421.792873984
06/14/2016 04:00,443.514377494
06/14/2016 05:00,457.617512512
06/14/2016 06:00,427.165161562
06/14/2016 07:00,414.876594376
06/14/2016 08:00,408.599034598
06/14/2016 09:00,NaN
06/14/2016 10:00,NaN
06/14/2016 11:00,NaN
06/14/2016 12:00,NaN
06/14/2016 13:00,NaN
06/14/2016 14:00,406.099477468
06/14/2016 15:00,406.308695932
06/14/2016 16:00,406.61648848
06/14/2016 17:00,407.062083574
06/14/2016 18:00,408.13533406
06/14/2016 19:00,409.281006322
06/14/2016 20:00,408.471290632
06/14/2016 21:00,409.09089916
06/14/2016 22:00,410.647967344
06/14/2016 23:00,416.99694304
06/15/2016 00:00,423.584307082
06/15/2016 01:00,427.189302154
06/15/2016 02:00,440.983638766
06/15/2016 03:00,449.553548926
06/15/2016 04:00,451.845899308
06/15/2016 05:00,458.370900154
06/15/2016 06:00,430.069073608
06/15/2016 07:00,415.854288352
06/15/2016 08:00,409.499277508
06/15/2016 09:00,408.771036316
06/15/2016 10:00,406.642640788
06/15/2016 11:00,405.581460598
06/15/2016 12:00,405.42957604
06/15/2016 13:00,405.051373432
06/15/2016 14:00,405.634771072
06/15/2016 15:00,406.164858238
06/15/2016 16:00,406.31976037
06/15/2016 17:00,406.436439898
06/15/2016 18:00,407.03894884
06/15/2016 19:00,408.25100773
06/15/2016 20:00,410.210419114
06/15/2016 21:00,414.246927268
06/15/2016 22:00,415.381535092
06/15/2016 23:00,415.883458234
06/16/2016 00:00,420.335385742
06/16/2016 01:00,430.989433678
06/16/2016 02:00,439.453728748
06/16/2016 03:00,450.960744268
06/16/2016 04:00,450.548342488
06/16/2016 05:00,458.391017314
06/16/2016 06:00,434.285630344
06/16/2016 07:00,425.161492426
06/16/2016 08:00,414.194622652
06/16/2016 09:00,408.63826306
06/16/2016 10:00,406.054213858
06/16/2016 11:00,405.529155982
06/16/2016 12:00,405.100660474
06/16/2016 13:00,405.04232071
06/16/2016 14:00,405.01214497
06/16/2016 15:00,404.587672894
06/16/2016 16:00,404.728493014
06/16/2016 17:00,404.895465442
06/16/2016 18:00,405.652876516
06/16/2016 19:00,407.373899554
06/16/2016 20:00,409.273965316
06/16/2016 21:00,409.70950183
06/16/2016 22:00,411.669919072
06/16/2016 23:00,412.527915946
06/17/2016 00:00,414.206692948
06/17/2016 01:00,421.94073511
06/17/2016 02:00,435.773294326
06/17/2016 03:00,440.397223552
06/17/2016 04:00,444.518223778
06/17/2016 05:00,452.65963843
06/17/2016 06:00,437.3856847
06/17/2016 07:00,423.26343838
06/17/2016 08:00,409.66423822
06/17/2016 09:00,408.74387815
06/17/2016 10:00,407.053030852
06/17/2016 11:00,405.400406158
06/17/2016 12:00,403.879548862
06/17/2016 13:00,403.816179808
06/17/2016 14:00,402.90487246
06/17/2016 15:00,403.02557542
06/17/2016 16:00,403.994216674
06/17/2016 17:00,404.461940644
06/17/2016 18:00,405.833930956
06/17/2016 19:00,411.978717478
06/17/2016 20:00,412.233199552
06/17/2016 21:00,413.467387318
06/17/2016 22:00,416.093682556
06/17/2016 23:00,418.855768624
06/18/2016 00:00,417.391239376
06/18/2016 01:00,417.574305532
06/18/2016 02:00,421.118949124
06/18/2016 03:00,413.339643352
06/18/2016 04:00,415.237697398
06/18/2016 05:00,418.39005637
06/18/2016 06:00,414.956057158
06/18/2016 07:00,412.313668192
06/18/2016 08:00,409.912685146
06/18/2016 09:00,410.249647576
06/18/2016 10:00,408.611104894
06/18/2016 11:00,407.865764116
06/18/2016 12:00,406.811624932
06/18/2016 13:00,406.64666422
06/18/2016 14:00,408.363663826
06/18/2016 15:00,409.901620708
06/18/2016 16:00,412.433365294
06/18/2016 17:00,411.624655462
06/18/2016 18:00,412.101432154
06/18/2016 19:00,415.264855564
06/18/2016 20:00,417.55519423
06/18/2016 21:00,417.95250814
06/18/2016 22:00,424.23912064
06/18/2016 23:00,424.162675432
06/19/2016 00:00,427.547387602
06/19/2016 01:00,425.68252687
06/19/2016 02:00,429.568156324
06/19/2016 03:00,442.130316886
06/19/2016 04:00,464.157601228
06/19/2016 05:00,464.98139893
06/19/2016 06:00,434.401304014
06/19/2016 07:00,423.738203356
06/19/2016 08:00,417.710096362
06/19/2016 09:00,414.388753246
06/19/2016 10:00,413.830502056
06/19/2016 11:00,413.314496902
06/19/2016 12:00,411.920377714
06/19/2016 13:00,410.923572436
06/19/2016 14:00,411.50495836
06/19/2016 15:00,410.743523854
06/19/2016 16:00,411.261540724
06/19/2016 17:00,410.678143084
06/19/2016 18:00,408.325441222
06/19/2016 19:00,407.676662812
06/19/2016 20:00,408.74387815
06/19/2016 21:00,409.757783014
06/19/2016 22:00,414.370647802
06/19/2016 23:00,416.844052624
06/20/2016 00:00,418.871862352
06/20/2016 01:00,420.60797326
06/20/2016 02:00,424.82754757
06/20/2016 03:00,433.391422582
06/20/2016 04:00,441.693774514
06/20/2016 05:00,456.237475336
06/20/2016 06:00,438.553485838
06/20/2016 07:00,426.103981372
06/20/2016 08:00,422.168059018
06/20/2016 09:00,425.021678164
06/20/2016 10:00,420.429936394
06/20/2016 11:00,415.450939294
06/20/2016 12:00,409.115039752
06/20/2016 13:00,408.062912284
06/20/2016 14:00,408.397862998
06/20/2016 15:00,407.289407482
06/20/2016 16:00,407.855705536
06/20/2016 17:00,409.328281648
06/20/2016 18:00,411.685006942
06/20/2016 19:00,414.28615573
06/20/2016 20:00,416.613711142
06/20/2016 21:00,419.140426438
06/20/2016 22:00,422.26260967
06/20/2016 23:00,430.095225916
06/21/2016 00:00,434.616557626
06/21/2016 01:00,441.168716638
06/21/2016 02:00,454.321315846
06/21/2016 03:00,451.305753562
06/21/2016 04:00,453.532723174
06/21/2016 05:00,460.271971774
06/21/2016 06:00,446.792468716
06/21/2016 07:00,442.441127008
06/21/2016 08:00,425.915885926
06/21/2016 09:00,422.224387066
06/21/2016 10:00,414.450110584
06/21/2016 11:00,420.479223436
06/21/2016 12:00,414.258997564
06/21/2016 13:00,411.149890486
06/21/2016 14:00,409.066758568
06/21/2016 15:00,408.800206198
06/21/2016 16:00,408.915879868
06/21/2016 17:00,409.968007336
06/21/2016 18:00,411.31887463
06/21/2016 19:00,410.96682433
06/21/2016 20:00,411.35910895
06/21/2016 21:00,417.274559848
06/21/2016 22:00,423.465615838
06/21/2016 23:00,428.419466488
06/22/2016 00:00,425.185633018
06/22/2016 01:00,426.815122978
06/22/2016 02:00,446.142684448
06/22/2016 03:00,456.891283036
06/22/2016 04:00,468.196121098
06/22/2016 05:00,489.35836756
06/22/2016 06:00,457.09044292
06/22/2016 07:00,439.141912768
06/22/2016 08:00,432.700398136
06/22/2016 09:00,421.644007
06/22/2016 10:00,415.595782846
06/22/2016 11:00,409.496259934
06/22/2016 12:00,406.64163493
06/22/2016 13:00,405.096637042
06/22/2016 14:00,406.28455534
06/22/2016 15:00,405.73636273
06/22/2016 16:00,405.928481608
06/22/2016 17:00,406.654711084
06/22/2016 18:00,406.585306882
06/22/2016 19:00,409.346387092
06/22/2016 20:00,411.48987049
06/22/2016 21:00,411.712165108
06/22/2016 22:00,415.197463078
06/22/2016 23:00,419.389879222
06/23/2016 00:00,413.690687794
06/23/2016 01:00,414.867541654
06/23/2016 02:00,423.341895304
06/23/2016 03:00,429.885001594
06/23/2016 04:00,458.757149626
06/23/2016 05:00,446.724070372
06/23/2016 06:00,431.478280666
06/23/2016 07:00,425.93902066
06/23/2016 08:00,417.79157086
06/23/2016 09:00,412.63654861
06/23/2016 10:00,410.570516278
06/23/2016 11:00,408.40691572
06/23/2016 12:00,408.979248922
06/23/2016 13:00,408.397862998
06/23/2016 14:00,408.641280634
06/23/2016 15:00,408.848487382
06/23/2016 16:00,409.844286802
06/23/2016 17:00,410.905466992
06/23/2016 18:00,411.206218534
06/23/2016 19:00,408.13533406
06/23/2016 20:00,408.314376784
06/23/2016 21:00,408.680509096
06/23/2016 22:00,409.334316796
06/23/2016 23:00,410.417625862
06/24/2016 00:00,411.229353268
06/24/2016 01:00,421.129007704
06/24/2016 02:00,425.827370422
06/24/2016 03:00,431.965115938
06/24/2016 04:00,448.147359442
06/24/2016 05:00,456.898324042
06/24/2016 06:00,439.2968149
06/24/2016 07:00,429.196994722
06/24/2016 08:00,417.28361257
06/24/2016 09:00,412.206041386
06/24/2016 10:00,412.511822218
06/24/2016 11:00,409.559628988
06/24/2016 12:00,410.308993198
06/24/2016 13:00,409.760800588
06/24/2016 14:00,408.986289928
06/24/2016 15:00,408.36165211
06/24/2016 16:00,408.022677964
06/24/2016 17:00,409.154268214
06/24/2016 18:00,409.580752006
06/24/2016 19:00,410.689207522
06/24/2016 20:00,412.790444884
06/24/2016 21:00,419.668501888
06/24/2016 22:00,430.814414386
06/24/2016 23:00,428.545198738
06/25/2016 00:00,424.484549992
06/25/2016 01:00,427.176226
06/25/2016 02:00,447.185759194
06/25/2016 03:00,456.187182436
06/25/2016 04:00,472.745616832
06/25/2016 05:00,476.212809358
06/25/2016 06:00,446.040086932
06/25/2016 07:00,437.567744998
06/25/2016 08:00,428.245453054
06/25/2016 09:00,419.565904372
06/25/2016 10:00,413.554896964
06/25/2016 11:00,412.414253992
06/25/2016 12:00,412.65666577
06/25/2016 13:00,407.904992578
06/25/2016 14:00,406.139711788
06/25/2016 15:00,404.640983368
06/25/2016 16:00,405.654888232
06/25/2016 17:00,406.192016404
06/25/2016 18:00,407.539866124
06/25/2016 19:00,409.081846438
06/25/2016 20:00,415.082795266
06/25/2016 21:00,424.745067214
06/25/2016 22:00,427.018306294
06/25/2016 23:00,425.145398698
06/26/2016 00:00,433.39745773
06/26/2016 01:00,449.83317745
06/26/2016 02:00,452.77028281
06/26/2016 03:00,468.907262704
06/26/2016 04:00,464.777209756
06/26/2016 05:00,466.850283094
06/26/2016 06:00,447.332614462
06/26/2016 07:00,434.828793664
06/26/2016 08:00,428.77051093
06/26/2016 09:00,426.719566468
06/26/2016 10:00,417.421415116
06/26/2016 11:00,414.725715676
06/26/2016 12:00,410.77068202
06/26/2016 13:00,409.267930168
06/26/2016 14:00,407.661574942
06/26/2016 15:00,405.30887308
06/26/2016 16:00,404.32816153
06/26/2016 17:00,405.968715928
06/26/2016 18:00,406.156811374
06/26/2016 19:00,411.249470428
06/26/2016 20:00,410.01125923
06/26/2016 21:00,413.946175726
06/26/2016 22:00,420.460112134
06/26/2016 23:00,421.663118302
06/27/2016 00:00,421.425735814
06/27/2016 01:00,421.68424132
06/27/2016 02:00,419.907896092
06/27/2016 03:00,425.474314264
06/27/2016 04:00,432.626970502
06/27/2016 05:00,424.14356413
06/27/2016 06:00,427.240600912
06/27/2016 07:00,428.863049866
06/27/2016 08:00,425.760983794
06/27/2016 09:00,418.768258978
06/27/2016 10:00,415.40265811
06/27/2016 11:00,415.849259062
06/27/2016 12:00,413.318520334
06/27/2016 13:00,411.727252978
06/27/2016 14:00,411.128767468
06/27/2016 15:00,409.731630706
06/27/2016 16:00,409.767841594
06/27/2016 17:00,409.687372954
06/27/2016 18:00,410.781746458
06/27/2016 19:00,416.32804747
06/27/2016 20:00,420.294145564
06/27/2016 21:00,423.357989032
06/27/2016 22:00,425.458220536
06/27/2016 23:00,431.10410149
06/28/2016 00:00,434.55922372
06/28/2016 01:00,433.579518028
06/28/2016 02:00,441.081206992
06/28/2016 03:00,462.298775644
06/28/2016 04:00,454.997252422
06/28/2016 05:00,451.189074034
06/28/2016 06:00,438.980975488
06/28/2016 07:00,438.57762643
06/28/2016 08:00,438.750634006
06/28/2016 09:00,426.476148832
06/28/2016 10:00,423.060255064
06/28/2016 11:00,416.80583002
06/28/2016 12:00,416.517148774
06/28/2016 13:00,415.444904146
06/28/2016 14:00,413.860677796
06/28/2016 15:00,412.378043104
06/28/2016 16:00,410.492059354
06/28/2016 17:00,412.079303278
06/28/2016 18:00,414.2509507
06/28/2016 19:00,417.03717736
06/28/2016 20:00,420.876537346
06/28/2016 21:00,427.112856946
06/28/2016 22:00,423.39922921
06/28/2016 23:00,430.785244504
06/29/2016 00:00,433.507096252
06/29/2016 01:00,429.285510226
06/29/2016 02:00,429.617443366
06/29/2016 03:00,434.999789524
06/29/2016 04:00,464.833537804
06/29/2016 05:00,463.902113296
06/29/2016 06:00,445.720224088
06/29/2016 07:00,426.097946224
06/29/2016 08:00,427.641938254
06/29/2016 09:00,425.545730182
06/29/2016 10:00,423.105518674
06/29/2016 11:00,420.752816812
06/29/2016 12:00,419.450230702
06/29/2016 13:00,417.48478417
06/29/2016 14:00,416.067530248
06/29/2016 15:00,412.985581336
06/29/2016 16:00,411.708141676
06/29/2016 17:00,411.510993508
06/29/2016 18:00,412.90813027
06/29/2016 19:00,413.000669206
06/29/2016 20:00,415.763761132
06/29/2016 21:00,412.374019672
06/29/2016 22:00,413.24006341
06/29/2016 23:00,414.66838177
06/30/2016 00:00,413.752045132
06/30/2016 01:00,414.47223946
06/30/2016 02:00,412.218111682
06/30/2016 03:00,412.73210512
06/30/2016 04:00,410.602703734
06/30/2016 05:00,411.47478262
06/30/2016 06:00,412.311656476
06/30/2016 07:00,413.322543766
06/30/2016 08:00,413.279291872
06/30/2016 09:00,410.506141366
06/30/2016 10:00,407.423186596
06/30/2016 11:00,404.964869644
06/30/2016 12:00,403.653230812
06/30/2016 13:00,403.086932758
06/30/2016 14:00,404.82606124
06/30/2016 15:00,404.66512396
06/30/2016 16:00,403.618025782
06/30/2016 17:00,403.4379772
06/30/2016 18:00,404.783815204
06/30/2016 19:00,408.171544948
06/30/2016 20:00,411.423483862
06/30/2016 21:00,413.55187939
06/30/2016 22:00,414.897717394
06/30/2016 23:00,416.545312798
07/01/2016 00:00,419.140426438
07/01/2016 01:00,421.224564214
07/01/2016 02:00,415.282961008
07/01/2016 03:00,411.606550018
07/01/2016 04:00,409.039600402
07/01/2016 05:00,410.35325095
07/01/2016 06:00,409.677314374
07/01/2016 07:00,408.531642112
07/01/2016 08:00,405.9526222
07/01/2016 09:00,406.106518474
07/01/2016 10:00,404.7958855
07/01/2016 11:00,403.144266664
07/01/2016 12:00,403.06580974
07/01/2016 13:00,402.87972601
07/01/2016 14:00,401.545958302
07/01/2016 15:00,402.25106476
07/01/2016 16:00,402.546787012
07/01/2016 17:00,403.308221518
07/01/2016 18:00,404.547438574
07/01/2016 19:00,406.114565338
07/01/2016 20:00,409.3222465
07/01/2016 21:00,410.959783324
07/01/2016 22:00,414.001497916
07/01/2016 23:00,416.915468542
07/02/2016 00:00,415.942803856
07/02/2016 01:00,413.483481046
07/02/2016 02:00,411.284675458
07/02/2016 03:00,410.449813318
07/02/2016 04:00,409.253848156
07/02/2016 05:00,408.278165896
07/02/2016 06:00,408.026701396
07/02/2016 07:00,407.157640084
07/02/2016 08:00,405.034273846
07/02/2016 09:00,404.434782478
07/02/2016 10:00,404.107878628
07/02/2016 11:00,403.290116074
07/02/2016 12:00,402.989364532
07/02/2016 13:00,402.591044764
07/02/2016 14:00,402.020723278
07/02/2016 15:00,402.074033752
07/02/2016 16:00,402.292304938
07/02/2016 17:00,404.19739999
07/02/2016 18:00,405.381294856
07/02/2016 19:00,407.197874404
07/02/2016 20:00,410.01628852
07/02/2016 21:00,412.992622342
07/02/2016 22:00,413.32556134
07/02/2016 23:00,413.746009984
07/03/2016 00:00,412.53093352
07/03/2016 01:00,410.535311248
07/03/2016 02:00,408.863575252
07/03/2016 03:00,409.343369518
07/03/2016 04:00,409.113028036
07/03/2016 05:00,408.999366082
07/03/2016 06:00,408.640274776
07/03/2016 07:00,407.816477074
07/03/2016 08:00,406.288578772
07/03/2016 09:00,404.908541596
07/03/2016 10:00,403.752810754
07/03/2016 11:00,403.04569258
07/03/2016 12:00,402.08509819
07/03/2016 13:00,401.427267058
07/03/2016 14:00,400.51595971
07/03/2016 15:00,400.667844268
07/03/2016 16:00,402.949130212
07/03/2016 17:00,403.858425844
07/03/2016 18:00,404.904518164
07/03/2016 19:00,405.911382022
07/03/2016 20:00,406.900140436
07/03/2016 21:00,408.761983594
07/03/2016 22:00,411.075456994
07/03/2016 23:00,412.263375292
07/04/2016 00:00,408.513536668
07/04/2016 01:00,408.042795124
07/04/2016 02:00,407.747072872
07/04/2016 03:00,407.276331328
07/04/2016 04:00,407.494602514
07/04/2016 05:00,406.589330314
07/04/2016 06:00,405.939546046
07/04/2016 07:00,405.702163558
07/04/2016 08:00,405.52010326
07/04/2016 09:00,404.279880346
07/04/2016 10:00,402.549804586
07/04/2016 11:00,401.83363369
07/04/2016 12:00,401.085275338
07/04/2016 13:00,399.150004546
07/04/2016 14:00,398.798960104
07/04/2016 15:00,399.284789518
07/04/2016 16:00,400.628615806
07/04/2016 17:00,400.690979002
07/04/2016 18:00,402.067998604
07/04/2016 19:00,404.827067098
07/04/2016 20:00,406.94339233
07/04/2016 21:00,406.793519488
07/04/2016 22:00,406.796537062
07/04/2016 23:00,406.434428182
07/05/2016 00:00,407.440286182
07/05/2016 01:00,407.403069436
07/05/2016 02:00,408.430050454
07/05/2016 03:00,407.923098022
07/05/2016 04:00,408.405909862
07/05/2016 05:00,407.847658672
07/05/2016 06:00,407.387981566
07/05/2016 07:00,405.191187694
07/05/2016 08:00,403.19154199
07/05/2016 09:00,401.855762566
07/05/2016 10:00,400.692990718
07/05/2016 11:00,400.145803966
07/05/2016 12:00,399.162074842
07/05/2016 13:00,397.730738908
07/05/2016 14:00,395.801503264
07/05/2016 15:00,396.815408128
07/05/2016 16:00,398.092847788
07/05/2016 17:00,399.55536532
07/05/2016 18:00,400.67689699
07/05/2016 19:00,402.751982044
07/05/2016 20:00,403.28206921
07/05/2016 21:00,402.932030626
07/05/2016 22:00,402.523652278
07/05/2016 23:00,402.71375944
07/06/2016 00:00,403.525486846
07/06/2016 01:00,403.368572998
07/06/2016 02:00,401.89398517
07/06/2016 03:00,402.347627128
07/06/2016 04:00,403.464129508
07/06/2016 05:00,404.718434434
07/06/2016 06:00,404.43377662
07/06/2016 07:00,403.667312824
07/06/2016 08:00,402.227930026
07/06/2016 09:00,400.910256046
07/06/2016 10:00,399.708255736
07/06/2016 11:00,398.683286434
07/06/2016 12:00,398.530396018
07/06/2016 13:00,397.510456006
07/06/2016 14:00,396.503592148
07/06/2016 15:00,396.734939488
07/06/2016 16:00,397.751861926
07/06/2016 17:00,398.726538328
07/06/2016 18:00,399.860140294
07/06/2016 19:00,404.305026796
07/06/2016 20:00,407.721926422
07/06/2016 21:00,405.331001956
07/06/2016 22:00,405.028238698
07/06/2016 23:00,405.864106696
07/07/2016 00:00,405.622700776
07/07/2016 01:00,405.13787722
07/07/2016 02:00,406.053208
07/07/2016 03:00,406.554125284
07/07/2016 04:00,408.576905722
07/07/2016 05:00,408.689561818
07/07/2016 06:00,407.39099914
07/07/2016 07:00,409.64915035
07/07/2016 08:00,406.840794814
07/07/2016 09:00,406.34490682
07/07/2016 10:00,406.12864735
07/07/2016 11:00,407.096282746
07/07/2016 12:00,408.858545962
07/07/2016 13:00,410.340174796
07/07/2016 14:00,409.469101768
07/07/2016 15:00,407.135511208
07/07/2016 16:00,406.104506758
07/07/2016 17:00,406.146752794
07/07/2016 18:00,406.874993986
07/07/2016 19:00,407.927121454
07/07/2016 20:00,410.33313379
07/07/2016 21:00,411.778551736
07/07/2016 22:00,413.578031698
07/07/2016 23:00,412.517857366
07/08/2016 00:00,411.373190962
07/08/2016 01:00,410.853162376
07/08/2016 02:00,408.98025478
07/08/2016 03:00,408.637257202
07/08/2016 04:00,411.61560274
07/08/2016 05:00,411.468747472
07/08/2016 06:00,410.757605866
07/08/2016 07:00,408.717725842
07/08/2016 08:00,408.717725842
07/08/2016 09:00,409.068770284
07/08/2016 10:00,405.631753498
07/08/2016 11:00,406.248344452
07/08/2016 12:00,406.863929548
07/08/2016 13:00,405.889253146
07/08/2016 14:00,405.447681484
07/08/2016 15:00,405.692104978
07/08/2016 16:00,405.498980242
07/08/2016 17:00,407.165686948
07/08/2016 18:00,408.584952586
07/08/2016 19:00,410.364315388
07/08/2016 20:00,410.616785746
07/08/2016 21:00,410.290887754
07/08/2016 22:00,411.609567592
07/08/2016 23:00,411.358103092
07/09/2016 00:00,412.024986946
07/09/2016 01:00,412.210064818
07/09/2016 02:00,414.32136076
07/09/2016 03:00,415.750684978
07/09/2016 04:00,413.554896964
07/09/2016 05:00,411.583415284
07/09/2016 06:00,410.994988354
07/09/2016 07:00,410.586610006
07/09/2016 08:00,410.645955628
07/09/2016 09:00,409.084864012
07/09/2016 10:00,407.518743106
07/09/2016 11:00,406.975579786
07/09/2016 12:00,406.021020544
07/09/2016 13:00,405.742397878
07/09/2016 14:00,405.631753498
07/09/2016 15:00,405.455728348
07/09/2016 16:00,404.095808332
07/09/2016 17:00,403.477205662
07/09/2016 18:00,402.736894174
07/09/2016 19:00,402.298340086
07/09/2016 20:00,402.242012038
07/09/2016 21:00,402.199766002
07/09/2016 22:00,403.079891752
07/09/2016 23:00,403.83026182
07/10/2016 00:00,403.672342114
07/10/2016 01:00,405.003092248
07/10/2016 02:00,411.92741872
07/10/2016 03:00,415.819083322
07/10/2016 04:00,423.814648564
07/10/2016 05:00,422.51407417
07/10/2016 06:00,420.460112134
07/10/2016 07:00,410.439754738
07/10/2016 08:00,403.851384838
07/10/2016 09:00,402.408984466
07/10/2016 10:00,403.117108498
07/10/2016 11:00,402.042852154
07/10/2016 12:00,401.43129049
07/10/2016 13:00,401.28041179
07/10/2016 14:00,401.827598542
07/10/2016 15:00,402.515605414
07/10/2016 16:00,401.784346648
07/10/2016 17:00,401.686778422
07/10/2016 18:00,401.392062028
07/10/2016 19:00,401.45140765
07/10/2016 20:00,403.254911044
07/10/2016 21:00,404.306032654
07/10/2016 22:00,405.931499182
07/10/2016 23:00,409.760800588
07/11/2016 00:00,422.456740264
07/11/2016 01:00,415.112971006
07/11/2016 02:00,423.335860156
07/11/2016 03:00,440.028073666
07/11/2016 04:00,437.31024535
07/11/2016 05:00,457.659758548
07/11/2016 06:00,424.241132356
07/11/2016 07:00,417.44454985
07/11/2016 08:00,407.988478792
07/11/2016 09:00,406.402240726
07/11/2016 10:00,403.425906904
07/11/2016 11:00,405.181129114
07/11/2016 12:00,406.811624932
07/11/2016 13:00,401.906055466
07/11/2016 14:00,402.16053754
07/11/2016 15:00,401.274376642
07/11/2016 16:00,401.465489662
07/11/2016 17:00,400.783517938
07/11/2016 18:00,403.997234248
07/11/2016 19:00,405.705181132
07/11/2016 20:00,404.932682188
07/11/2016 21:00,407.50667281
07/11/2016 22:00,411.938483158
07/11/2016 23:00,415.990079182
07/12/2016 00:00,414.511467922
07/12/2016 01:00,414.872570944
07/12/2016 02:00,413.197817374
07/12/2016 03:00,414.413899696
07/12/2016 04:00,420.11007355
07/12/2016 05:00,423.00694459
07/12/2016 06:00,413.147524474
07/12/2016 07:00,408.500460514
07/12/2016 08:00,406.53099055
07/12/2016 09:00,405.297808642
07/12/2016 10:00,404.797897216
07/12/2016 11:00,405.11776006
07/12/2016 12:00,406.074331018
07/12/2016 13:00,407.510696242
07/12/2016 14:00,406.692933688
07/12/2016 15:00,405.375259708
07/12/2016 16:00,404.932682188
07/12/2016 17:00,405.495962668
07/12/2016 18:00,406.376088418
07/12/2016 19:00,408.414962584
07/12/2016 20:00,407.766184174
07/12/2016 21:00,413.286332878
07/12/2016 22:00,417.295682866
07/12/2016 23:00,420.876537346
07/13/2016 00:00,427.555434466
07/13/2016 01:00,435.045053134
07/13/2016 02:00,449.463021706
07/13/2016 03:00,446.658689602
07/13/2016 04:00,460.995183676
07/13/2016 05:00,467.670057364
07/13/2016 06:00,448.11818956
07/13/2016 07:00,424.836600292
07/13/2016 08:00,418.610339272
07/13/2016 09:00,414.333431056
07/13/2016 10:00,408.736837144
07/13/2016 11:00,405.529155982
07/13/2016 12:00,405.236451304
07/13/2016 13:00,409.645126918
07/13/2016 14:00,409.710507688
07/13/2016 15:00,403.990193242
07/13/2016 16:00,400.285618228
07/13/2016 17:00,400.421409058
07/13/2016 18:00,403.643172232
07/13/2016 19:00,408.459220336
07/13/2016 20:00,412.492710916
07/13/2016 21:00,416.452773862
07/13/2016 22:00,416.689150492
07/13/2016 23:00,421.423724098
07/14/2016 00:00,426.123092674
07/14/2016 01:00,427.97085382
07/14/2016 02:00,447.423141682
07/14/2016 03:00,454.955006386
07/14/2016 04:00,466.728574276
07/14/2016 05:00,466.714492264
07/14/2016 06:00,447.934117546
07/14/2016 07:00,424.031913892
07/14/2016 08:00,417.227284522
07/14/2016 09:00,410.100780592
07/14/2016 10:00,406.016997112
07/14/2016 11:00,403.235799742
07/14/2016 12:00,402.47235352
07/14/2016 13:00,401.561046172
07/14/2016 14:00,400.693996576
07/14/2016 15:00,398.983032118
07/14/2016 16:00,398.485132408
07/14/2016 17:00,398.84120614
07/14/2016 18:00,399.923509348
07/14/2016 19:00,402.036817006
07/14/2016 20:00,404.097820048
07/14/2016 21:00,405.551284858
07/14/2016 22:00,408.162492226
07/14/2016 23:00,411.279646168
07/15/2016 00:00,413.36579566
07/15/2016 01:00,416.19225664
07/15/2016 02:00,413.373842524
07/15/2016 03:00,409.033565254
07/15/2016 04:00,407.15462251
07/15/2016 05:00,406.880023276
07/15/2016 06:00,407.715891274
07/15/2016 07:00,406.677845818
07/15/2016 08:00,404.768727334
07/15/2016 09:00,403.076874178
07/15/2016 10:00,402.798251512
07/15/2016 11:00,401.732042032
07/15/2016 12:00,400.628615806
07/15/2016 13:00,396.977351266
07/15/2016 14:00,396.630330256
07/15/2016 15:00,397.023620734
07/15/2016 16:00,397.768961512
07/15/2016 17:00,398.601811936
07/15/2016 18:00,399.309935968
07/15/2016 19:00,401.068175752
07/15/2016 20:00,403.001434828
07/15/2016 21:00,403.798074364
07/15/2016 22:00,405.31390237
07/15/2016 23:00,406.841800672
07/16/2016 00:00,402.77411092
07/16/2016 01:00,401.68778428
07/16/2016 02:00,401.526847
07/16/2016 03:00,401.561046172
07/16/2016 04:00,401.704883866
07/16/2016 05:00,402.193730854
07/16/2016 06:00,402.428095768
07/16/2016 07:00,401.973447952
07/16/2016 08:00,400.278577222
07/16/2016 09:00,399.450756088
07/16/2016 10:00,399.139945966
07/16/2016 11:00,396.92001736
07/16/2016 12:00,396.672576292
07/16/2016 13:00,396.62831854
07/16/2016 14:00,396.545838184
07/16/2016 15:00,396.568972918
07/16/2016 16:00,398.090836072
07/16/2016 17:00,398.988061408
07/16/2016 18:00,399.93759136
07/16/2016 19:00,401.147638534
07/16/2016 20:00,401.700860434
07/16/2016 21:00,402.232959316
07/16/2016 22:00,402.521640562
07/16/2016 23:00,402.05995174
07/17/2016 00:00,402.069004462
07/17/2016 01:00,401.957354224
07/17/2016 02:00,402.22088902
07/17/2016 03:00,402.063975172
07/17/2016 04:00,402.14042038
07/17/2016 05:00,402.493476538
07/17/2016 06:00,402.42708991
07/17/2016 07:00,402.32147482
07/17/2016 08:00,401.316622678
07/17/2016 09:00,400.009007278
07/17/2016 10:00,398.414722348
07/17/2016 11:00,397.280114524
07/17/2016 12:00,396.538797178
07/17/2016 13:00,396.310467412
07/17/2016 14:00,394.497911296
07/17/2016 15:00,393.874279336
07/17/2016 16:00,394.22431792
07/17/2016 17:00,395.19497089
07/17/2016 18:00,398.322183412
07/17/2016 19:00,401.205978298
07/17/2016 20:00,403.872507856
07/17/2016 21:00,407.319583222
07/17/2016 22:00,407.424192454
07/17/2016 23:00,407.066107006
07/18/2016 00:00,406.236274156
07/18/2016 01:00,406.228227292
07/18/2016 02:00,406.119594628
07/18/2016 03:00,405.245504026
07/18/2016 04:00,407.830559086
07/18/2016 05:00,407.588147308
07/18/2016 06:00,407.382952276
07/18/2016 07:00,407.137522924
07/18/2016 08:00,405.795708352
07/18/2016 09:00,405.237457162
07/18/2016 10:00,404.925641182
07/18/2016 11:00,405.629741782
07/18/2016 12:00,402.27621121
07/18/2016 13:00,401.266329778
07/18/2016 14:00,400.669855984
07/18/2016 15:00,400.46063752
07/18/2016 16:00,400.753342198
07/18/2016 17:00,401.25023605
07/18/2016 18:00,402.16053754
07/18/2016 19:00,404.135036794
07/18/2016 20:00,405.155982664
07/18/2016 21:00,404.527321414
07/18/2016 22:00,403.727664304
07/18/2016 23:00,403.504363828
07/19/2016 00:00,404.70032899
07/19/2016 01:00,406.999720378
07/19/2016 02:00,407.995519798
07/19/2016 03:00,411.279646168
07/19/2016 04:00,410.060546272
07/19/2016 05:00,406.307690074
07/19/2016 06:00,405.59051332
07/19/2016 07:00,404.671159108
07/19/2016 08:00,405.00711568
07/19/2016 09:00,403.30218637
07/19/2016 10:00,402.24100618
07/19/2016 11:00,402.636308374
07/19/2016 12:00,401.286446938
07/19/2016 13:00,402.04989316
07/19/2016 14:00,401.714942446
07/19/2016 15:00,400.949484508
07/19/2016 16:00,400.275559648
07/19/2016 17:00,399.904398046
07/19/2016 18:00,400.744289476
07/19/2016 19:00,402.50252926
07/19/2016 20:00,404.586667036
07/19/2016 21:00,404.823043666
07/19/2016 22:00,403.39774288
07/19/2016 23:00,403.618025782
07/20/2016 00:00,406.28958463
07/20/2016 01:00,411.843932506
07/20/2016 02:00,416.823935464
07/20/2016 03:00,428.185101574
07/20/2016 04:00,436.961212624
07/20/2016 05:00,451.490831434
07/20/2016 06:00,431.107119064
07/20/2016 07:00,418.803464008
07/20/2016 08:00,413.669564776
07/20/2016 09:00,411.336980074
07/20/2016 10:00,406.930316176
07/20/2016 11:00,404.285915494
07/20/2016 12:00,403.663289392
07/20/2016 13:00,402.201777718
07/20/2016 14:00,402.0800689
07/20/2016 15:00,400.99877155
07/20/2016 16:00,401.308575814
07/20/2016 17:00,401.357862856
07/20/2016 18:00,403.656248386
07/20/2016 19:00,407.716897132
07/20/2016 20:00,405.921440602
07/20/2016 21:00,405.202252132
07/20/2016 22:00,405.099654616
07/20/2016 23:00,405.093619468
07/21/2016 00:00,408.358634536
07/21/2016 01:00,408.644298208
07/21/2016 02:00,410.667078646
07/21/2016 03:00,407.645481214
07/21/2016 04:00,404.577614314
07/21/2016 05:00,404.76068047
07/21/2016 06:00,406.091430604
07/21/2016 07:00,406.33987753
07/21/2016 08:00,404.811979228
07/21/2016 09:00,403.275028204
07/21/2016 10:00,401.903037892
07/21/2016 11:00,403.559686018
07/21/2016 12:00,401.65257925
07/21/2016 13:00,403.238817316
07/21/2016 14:00,402.429101626
07/21/2016 15:00,401.249230192
07/21/2016 16:00,400.357034146
07/21/2016 17:00,400.710090304
07/21/2016 18:00,400.71210202
07/21/2016 19:00,401.926172626
07/21/2016 20:00,404.131013362
07/21/2016 21:00,406.096459894
07/21/2016 22:00,405.252545032
07/21/2016 23:00,404.419694608
07/22/2016 00:00,409.472119342
07/22/2016 01:00,413.8486075
07/22/2016 02:00,423.16285258
07/22/2016 03:00,429.91718905
07/22/2016 04:00,448.750874242
07/22/2016 05:00,446.144696164
07/22/2016 06:00,421.615842976
07/22/2016 07:00,416.65998061
07/22/2016 08:00,413.681635072
07/22/2016 09:00,409.547558692
07/22/2016 10:00,408.75896602
07/22/2016 11:00,406.620511912
07/22/2016 12:00,407.69778583
07/22/2016 13:00,405.427564324
07/22/2016 14:00,405.246509884
07/22/2016 15:00,404.015339692
07/22/2016 16:00,404.397565732
07/22/2016 17:00,403.929841762
07/22/2016 18:00,406.803578068
07/22/2016 19:00,407.856711394
07/22/2016 20:00,410.739500422
07/22/2016 21:00,415.491173614
07/22/2016 22:00,419.151490876
07/22/2016 23:00,422.01617446
07/23/2016 00:00,431.03369143
07/23/2016 01:00,434.08144117
07/23/2016 02:00,440.990679772
07/23/2016 03:00,452.266347952
07/23/2016 04:00,460.748748466
07/23/2016 05:00,468.112634884
07/23/2016 06:00,457.876018018
07/23/2016 07:00,431.423964334
07/23/2016 08:00,423.626553118
07/23/2016 09:00,417.825770032
07/23/2016 10:00,412.230181978
07/23/2016 11:00,407.379934702
07/23/2016 12:00,410.637908764
07/23/2016 13:00,409.46809591
07/23/2016 14:00,406.013979538
07/23/2016 15:00,404.221540582
07/23/2016 16:00,401.812510672
07/23/2016 17:00,402.717782872
07/23/2016 18:00,405.910376164
07/23/2016 19:00,406.93333375
07/23/2016 20:00,414.333431056
07/23/2016 21:00,417.073388248
07/23/2016 22:00,419.21485993
07/23/2016 23:00,428.035228732
07/24/2016 00:00,431.724715876
07/24/2016 01:00,435.626439058
07/24/2016 02:00,451.51296031
07/24/2016 03:00,460.41480361
07/24/2016 04:00,456.968734102
07/24/2016 05:00,468.520007374
07/24/2016 06:00,443.06375311
07/24/2016 07:00,428.486858974
07/24/2016 08:00,426.213619894
07/24/2016 09:00,420.865472908
07/24/2016 10:00,412.387095826
07/24/2016 11:00,405.999897526
07/24/2016 12:00,404.553473722
07/24/2016 13:00,403.846355548
07/24/2016 14:00,401.561046172
07/24/2016 15:00,402.73890589
07/24/2016 16:00,403.073856604
07/24/2016 17:00,405.06243787
07/24/2016 18:00,407.664592516
07/24/2016 19:00,409.645126918
07/24/2016 20:00,410.752576576
07/24/2016 21:00,412.712993818
07/24/2016 22:00,413.578031698
07/24/2016 23:00,412.348873222
07/25/2016 00:00,412.579214704
07/25/2016 01:00,411.799674754
07/25/2016 02:00,409.323252358
07/25/2016 03:00,407.875822696
07/25/2016 04:00,407.445315472
07/25/2016 05:00,407.314553932
07/25/2016 06:00,409.847304376
07/25/2016 07:00,410.102792308
07/25/2016 08:00,406.335854098
07/25/2016 09:00,405.662935096
07/25/2016 10:00,405.428570182
07/25/2016 11:00,402.399931744
07/25/2016 12:00,400.41034462
07/25/2016 13:00,404.253728038
07/25/2016 14:00,404.164206676
07/25/2016 15:00,401.068175752
07/25/2016 16:00,398.434839508
07/25/2016 17:00,399.119828806
07/25/2016 18:00,400.075393906
07/25/2016 19:00,404.83611982
07/25/2016 20:00,409.461054904
07/25/2016 21:00,413.958246022
07/25/2016 22:00,419.534722774
07/25/2016 23:00,427.180249432
07/26/2016 00:00,441.931157002
07/26/2016 01:00,445.043281654
07/26/2016 02:00,434.52904798
07/26/2016 03:00,428.650813828
07/26/2016 04:00,436.558869424
07/26/2016 05:00,453.55485205
07/26/2016 06:00,434.953520056
07/26/2016 07:00,428.984758684
07/26/2016 08:00,425.024695738
07/26/2016 09:00,426.095934508
07/26/2016 10:00,416.796777298
07/26/2016 11:00,415.88044066
07/26/2016 12:00,417.852928198
07/26/2016 13:00,415.913633974
07/26/2016 14:00,415.114982722
07/26/2016 15:00,410.174208226
07/26/2016 16:00,404.178288688
07/26/2016 17:00,403.832273536
07/26/2016 18:00,404.822037808
07/26/2016 19:00,407.877834412
07/26/2016 20:00,411.477800194
07/26/2016 21:00,413.198823232
07/26/2016 22:00,419.620220704
07/26/2016 23:00,424.258231942
07/27/2016 00:00,432.861335416
07/27/2016 01:00,427.9809124
07/27/2016 02:00,441.290425456
07/27/2016 03:00,446.36799664
07/27/2016 04:00,449.213568922
07/27/2016 05:00,452.75016565
07/27/2016 06:00,448.020621334
07/27/2016 07:00,443.319241042
07/27/2016 08:00,436.95316576
07/27/2016 09:00,426.650162266
07/27/2016 10:00,419.47135372
07/27/2016 11:00,411.835885642
07/27/2016 12:00,404.862272128
07/27/2016 13:00,404.71038757
07/27/2016 14:00,408.078000154
07/27/2016 15:00,406.376088418
07/27/2016 16:00,403.93587691
07/27/2016 17:00,402.788192932
07/27/2016 18:00,402.731864884
07/27/2016 19:00,404.75062189
07/27/2016 20:00,407.886887134
07/27/2016 21:00,411.571344988
07/27/2016 22:00,413.326567198
07/27/2016 23:00,416.806835878
07/28/2016 00:00,421.023392614
07/28/2016 01:00,424.599217804
07/28/2016 02:00,426.430885222
07/28/2016 03:00,435.30858793
07/28/2016 04:00,435.235160296
07/28/2016 05:00,438.213505834
07/28/2016 06:00,432.850270978
07/28/2016 07:00,431.69252842
07/28/2016 08:00,428.359115008
07/28/2016 09:00,424.297460404
07/28/2016 10:00,419.519634904
07/28/2016 11:00,411.175036936
07/28/2016 12:00,409.51335952
07/28/2016 13:00,409.696425676
07/28/2016 14:00,407.477502928
07/28/2016 15:00,404.3432494
07/28/2016 16:00,403.6391488
07/28/2016 17:00,403.199588854
07/28/2016 18:00,403.979128804
07/28/2016 19:00,406.753285168
07/28/2016 20:00,409.472119342
07/28/2016 21:00,413.517680218
07/28/2016 22:00,417.85192234
07/28/2016 23:00,421.179300604
07/29/2016 00:00,419.84855047
07/29/2016 01:00,421.240657942
07/29/2016 02:00,419.445201412
07/29/2016 03:00,423.121612402
07/29/2016 04:00,432.045584578
07/29/2016 05:00,435.425267458
07/29/2016 06:00,434.662827094
07/29/2016 07:00,428.789622232
07/29/2016 08:00,427.874291452
07/29/2016 09:00,429.113508508
07/29/2016 10:00,424.81748899
07/29/2016 11:00,418.075222816
07/29/2016 12:00,410.86120924
07/29/2016 13:00,408.369698974
07/29/2016 14:00,409.685361238
07/29/2016 15:00,407.08421245
07/29/2016 16:00,404.255739754
07/29/2016 17:00,402.8344624
07/29/2016 18:00,403.924812472
07/29/2016 19:00,406.82771866
07/29/2016 20:00,408.808253062
07/29/2016 21:00,411.014099656
07/29/2016 22:00,412.483658194
07/29/2016 23:00,416.094688414
07/30/2016 00:00,415.95085072
07/30/2016 01:00,416.556377236
07/30/2016 02:00,419.797251712
07/30/2016 03:00,418.474548442
07/30/2016 04:00,420.389702074
07/30/2016 05:00,422.36822476
07/30/2016 06:00,418.858786198
07/30/2016 07:00,420.85440847
07/30/2016 08:00,420.875531488
07/30/2016 09:00,413.257162996
07/30/2016 10:00,408.08001187
07/30/2016 11:00,406.808607358
07/30/2016 12:00,405.915405454
07/30/2016 13:00,400.557199888
07/30/2016 14:00,401.117462794
07/30/2016 15:00,401.762217772
07/30/2016 16:00,402.610156066
07/30/2016 17:00,403.123143646
07/30/2016 18:00,404.45892307
07/30/2016 19:00,406.74222073
07/30/2016 20:00,410.444784028
07/30/2016 21:00,411.577380136
07/30/2016 22:00,411.60051487
07/30/2016 23:00,413.248110274
07/31/2016 00:00,412.421294998
07/31/2016 01:00,411.392302264
07/31/2016 02:00,410.451825034
07/31/2016 03:00,412.467564466
07/31/2016 04:00,412.292545174
07/31/2016 05:00,413.936117146
07/31/2016 06:00,413.152553764
07/31/2016 07:00,415.86535279
07/31/2016 08:00,416.040372082
07/31/2016 09:00,411.969664756
07/31/2016 10:00,408.74387815
07/31/2016 11:00,407.676662812
07/31/2016 12:00,405.724292434
07/31/2016 13:00,402.352656418
07/31/2016 14:00,401.180831848
07/31/2016 15:00,401.493653686
07/31/2016 16:00,401.79842866
07/31/2016 17:00,402.46229494
07/31/2016 18:00,404.270827624
07/31/2016 19:00,407.213968132
07/31/2016 20:00,409.058711704
07/31/2016 21:00,410.025341242
07/31/2016 22:00,411.514011082
07/31/2016 23:00,411.946530022
08/01/2016 00:00,409.643115202
08/01/2016 01:00,408.785118328
08/01/2016 02:00,408.736837144
08/01/2016 03:00,410.03640568
08/01/2016 04:00,410.898425986
08/01/2016 05:00,411.925407004
08/01/2016 06:00,412.009899076
08/01/2016 07:00,415.048596094
08/01/2016 08:00,412.75222228
08/01/2016 09:00,412.30461547
08/01/2016 10:00,409.242783718
08/01/2016 11:00,407.086224166
08/01/2016 12:00,405.88724143
08/01/2016 13:00,403.385672584
08/01/2016 14:00,402.121309078
08/01/2016 15:00,403.554656728
08/01/2016 16:00,402.29129908
08/01/2016 17:00,401.512764988
08/01/2016 18:00,401.79339937
08/01/2016 19:00,403.408807318
08/01/2016 20:00,404.372419282
08/01/2016 21:00,404.66009467
08/01/2016 22:00,405.050367574
08/01/2016 23:00,406.316742796
08/02/2016 00:00,407.342717956
08/02/2016 01:00,408.590987734
08/02/2016 02:00,412.15876606
08/02/2016 03:00,415.966944448
08/02/2016 04:00,409.995165502
08/02/2016 05:00,412.01794594
08/02/2016 06:00,411.569333272
08/02/2016 07:00,410.622820894
08/02/2016 08:00,407.935168318
08/02/2016 09:00,406.945404046
08/02/2016 10:00,406.27449676
08/02/2016 11:00,404.857242838
08/02/2016 12:00,403.084921042
08/02/2016 13:00,402.282246358
08/02/2016 14:00,400.80262924
08/02/2016 15:00,399.971790532
08/02/2016 16:00,399.39442804
08/02/2016 17:00,399.035336734
08/02/2016 18:00,399.662992126
08/02/2016 19:00,401.200949008
08/02/2016 20:00,403.271004772
08/02/2016 21:00,404.38851301
08/02/2016 22:00,405.20828728
08/02/2016 23:00,405.785649772
08/03/2016 00:00,405.894282436
08/03/2016 01:00,405.473833792
08/03/2016 02:00,406.870970554
08/03/2016 03:00,407.62234648
08/03/2016 04:00,408.661397794
08/03/2016 05:00,408.783106612
08/03/2016 06:00,411.230359126
08/03/2016 07:00,413.358754654
08/03/2016 08:00,417.843875476
08/03/2016 09:00,410.728435984
08/03/2016 10:00,403.931853478
08/03/2016 11:00,399.846058282
08/03/2016 12:00,398.90155762
08/03/2016 13:00,397.62411796
08/03/2016 14:00,397.174499434
08/03/2016 15:00,396.083143504
08/03/2016 16:00,395.346855448
08/03/2016 17:00,395.613407818
08/03/2016 18:00,397.018591444
08/03/2016 19:00,399.281771944
08/03/2016 20:00,401.123497942
08/03/2016 21:00,402.000606118
08/03/2016 22:00,402.725829736
08/03/2016 23:00,404.213493718
08/04/2016 00:00,406.569213154
08/04/2016 01:00,407.553948136
08/04/2016 02:00,406.66678138
08/04/2016 03:00,406.10853019
08/04/2016 04:00,408.154445362
08/04/2016 05:00,406.357982974
08/04/2016 06:00,407.563000858
08/04/2016 07:00,407.851682104
08/04/2016 08:00,409.208584546
08/04/2016 09:00,407.147581504
08/04/2016 10:00,404.711393428
08/04/2016 11:00,402.228935884
08/04/2016 12:00,399.702220588
08/04/2016 13:00,395.787421252
08/04/2016 14:00,394.562286208
08/04/2016 15:00,392.485189438
08/04/2016 16:00,392.543529202
08/04/2016 17:00,393.823986436
08/04/2016 18:00,394.509981592
08/04/2016 19:00,395.991610426
08/04/2016 20:00,397.602994942
08/04/2016 21:00,398.647075546
08/04/2016 22:00,400.094505208
08/04/2016 23:00,398.407681342
08/05/2016 00:00,402.620214646
08/05/2016 01:00,401.590216054
08/05/2016 02:00,397.62914725
08/05/2016 03:00,397.356559732
08/05/2016 04:00,399.078588628
08/05/2016 05:00,398.769790222
08/05/2016 06:00,400.13373367
08/05/2016 07:00,399.422592064
08/05/2016 08:00,398.351353294
08/05/2016 09:00,397.924869502
08/05/2016 10:00,396.178700014
08/05/2016 11:00,396.18574102
08/05/2016 12:00,396.793279252
08/05/2016 13:00,397.06586677
08/05/2016 14:00,395.933270662
08/05/2016 15:00,396.214910902
08/05/2016 16:00,394.515010882
08/05/2016 17:00,395.88398362
08/05/2016 18:00,397.542643462
08/05/2016 19:00,400.603469356
08/05/2016 20:00,401.822569252
08/05/2016 21:00,403.02054613
08/05/2016 22:00,403.597908622
08/05/2016 23:00,404.749616032
08/06/2016 00:00,406.10853019
08/06/2016 01:00,405.387330004
08/06/2016 02:00,404.240651884
08/06/2016 03:00,405.519097402
08/06/2016 04:00,404.260769044
08/06/2016 05:00,404.910553312
08/06/2016 06:00,402.24603547
08/06/2016 07:00,402.70873015
08/06/2016 08:00,403.064803882
08/06/2016 09:00,403.069833172
08/06/2016 10:00,401.165743978
08/06/2016 11:00,397.28715553
08/06/2016 12:00,396.411053212
08/06/2016 13:00,396.993444994
08/06/2016 14:00,396.320525992
08/06/2016 15:00,394.945518106
08/06/2016 16:00,393.049475776
08/06/2016 17:00,393.377385484
08/06/2016 18:00,394.758428518
08/06/2016 19:00,397.240886062
08/06/2016 20:00,398.269878796
08/06/2016 21:00,399.118822948
08/06/2016 22:00,400.532053438
08/06/2016 23:00,403.167401398
08/07/2016 00:00,405.94256362
08/07/2016 01:00,401.213019304
08/07/2016 02:00,400.649738824
08/07/2016 03:00,400.719143026
08/07/2016 04:00,402.977294236
08/07/2016 05:00,402.505546834
08/07/2016 06:00,401.558028598
08/07/2016 07:00,400.649738824
08/07/2016 08:00,399.955696804
08/07/2016 09:00,400.51093042
08/07/2016 10:00,399.939603076
08/07/2016 11:00,398.153199268
08/07/2016 12:00,399.212367742
08/07/2016 13:00,404.123972356
08/07/2016 14:00,401.630450374
08/07/2016 15:00,400.102552072
08/07/2016 16:00,398.404663768
08/07/2016 17:00,398.842211998
08/07/2016 18:00,401.710919014
08/07/2016 19:00,403.630096078
08/07/2016 20:00,406.919251738
08/07/2016 21:00,405.705181132
08/07/2016 22:00,405.543237994
08/07/2016 23:00,407.735002576
08/08/2016 00:00,413.906947264
08/08/2016 01:00,421.057591786
08/08/2016 02:00,436.473371494
08/08/2016 03:00,418.159714888
08/08/2016 04:00,411.91736014
08/08/2016 05:00,406.805589784
08/08/2016 06:00,407.891916424
08/08/2016 07:00,407.201897836
08/08/2016 08:00,405.289761778
08/08/2016 09:00,403.35247927
08/08/2016 10:00,401.435313922
08/08/2016 11:00,400.322834974
08/08/2016 12:00,399.624769522
08/08/2016 13:00,398.888481466
08/08/2016 14:00,398.855288152
08/08/2016 15:00,397.575836776
08/08/2016 16:00,404.164206676
08/08/2016 17:00,402.525663994
08/08/2016 18:00,405.10770148
08/08/2016 19:00,405.153970948
08/08/2016 20:00,407.200891978
08/08/2016 21:00,407.383958134
08/08/2016 22:00,405.551284858
08/08/2016 23:00,404.587672894
08/09/2016 00:00,403.936882768
08/09/2016 01:00,403.944929632
08/09/2016 02:00,405.312896512
08/09/2016 03:00,405.277691482
08/09/2016 04:00,404.271833482
08/09/2016 05:00,403.83529111
08/09/2016 06:00,403.338397258
08/09/2016 07:00,403.421883472
08/09/2016 08:00,402.451230502
08/09/2016 09:00,401.745118186
08/09/2016 10:00,400.572287758
08/09/2016 11:00,400.18402657
08/09/2016 12:00,399.864163726
08/09/2016 13:00,398.97196768
08/09/2016 14:00,397.878600034
08/09/2016 15:00,397.401823342
08/09/2016 16:00,397.476256834
08/09/2016 17:00,399.846058282
08/09/2016 18:00,401.157697114
08/09/2016 19:00,403.500340396
08/09/2016 20:00,404.5947139
08/09/2016 21:00,403.953982354
08/09/2016 22:00,403.462117792
08/09/2016 23:00,404.4438352
08/10/2016 00:00,404.171247682
08/10/2016 01:00,403.857419986
08/10/2016 02:00,403.405789744
08/10/2016 03:00,403.07586832
08/10/2016 04:00,402.805292518
08/10/2016 05:00,403.04066329
08/10/2016 06:00,403.167401398
08/10/2016 07:00,404.090779042
08/10/2016 08:00,404.7958855
08/10/2016 09:00,404.27786863
08/10/2016 10:00,403.685418268
08/10/2016 11:00,402.45726565
08/10/2016 12:00,399.551341888
08/10/2016 13:00,398.254790926
08/10/2016 14:00,397.843395004
08/10/2016 15:00,397.868541454
08/10/2016 16:00,397.958062816
08/10/2016 17:00,398.47406797
08/10/2016 18:00,399.90238633
08/10/2016 19:00,401.840674696
08/10/2016 20:00,402.757011334
08/10/2016 21:00,403.348455838
08/10/2016 22:00,404.374430998
08/10/2016 23:00,404.396559874
08/11/2016 00:00,402.992382106
08/11/2016 01:00,403.153319386
08/11/2016 02:00,405.738374446
08/11/2016 03:00,404.928658756
08/11/2016 04:00,405.073502308
08/11/2016 05:00,405.752456458
08/11/2016 06:00,406.554125284
08/11/2016 07:00,407.229056002
08/11/2016 08:00,405.680034682
08/11/2016 09:00,405.26360947
08/11/2016 10:00,403.609978918
08/11/2016 11:00,401.968418662
08/11/2016 12:00,400.90321504
08/11/2016 13:00,399.128881528
08/11/2016 14:00,398.072730628
08/11/2016 15:00,396.891853336
08/11/2016 16:00,399.091664782
08/11/2016 17:00,399.677074138
08/11/2016 18:00,400.467678526
08/11/2016 19:00,402.987352816
08/11/2016 20:00,404.857242838
08/11/2016 21:00,407.799377488
08/11/2016 22:00,413.316508618
08/11/2016 23:00,415.630987876
08/12/2016 00:00,417.236337244
08/12/2016 01:00,420.888607642
08/12/2016 02:00,438.50218708
08/12/2016 03:00,438.680223946
08/12/2016 04:00,440.6547232
08/12/2016 05:00,431.389765162
08/12/2016 06:00,427.844115712
08/12/2016 07:00,418.035994354
08/12/2016 08:00,416.56945339
08/12/2016 09:00,412.4906992
08/12/2016 10:00,410.315028346
08/12/2016 11:00,410.347215802
08/12/2016 12:00,421.639983568
08/12/2016 13:00,415.8100306
08/12/2016 14:00,406.811624932
08/12/2016 15:00,401.990547538
08/12/2016 16:00,400.21420231
08/12/2016 17:00,399.915462484
08/12/2016 18:00,400.939425928
08/12/2016 19:00,403.482234952
08/12/2016 20:00,406.568207296
08/12/2016 21:00,412.484664052
08/12/2016 22:00,415.17131077
08/12/2016 23:00,417.896180092
08/13/2016 00:00,423.62554726
08/13/2016 01:00,423.066290212
08/13/2016 02:00,434.608510762
08/13/2016 03:00,439.896306268
08/13/2016 04:00,440.14173562
08/13/2016 05:00,438.423730156
08/13/2016 06:00,434.563247152
08/13/2016 07:00,431.504432974
08/13/2016 08:00,434.861986978
08/13/2016 09:00,431.68246984
08/13/2016 10:00,425.980260838
08/13/2016 11:00,417.106581562
08/13/2016 12:00,411.300769186
08/13/2016 13:00,406.351947826
08/13/2016 14:00,404.61483106
08/13/2016 15:00,403.919783182
08/13/2016 16:00,404.884401004
08/13/2016 17:00,404.269821766
08/13/2016 18:00,404.944752484
08/13/2016 19:00,411.79162789
08/13/2016 20:00,421.626907414
08/13/2016 21:00,424.151610994
08/13/2016 22:00,420.781986694
08/13/2016 23:00,425.864587168
08/14/2016 00:00,424.53584875
08/14/2016 01:00,438.997069216
08/14/2016 02:00,458.852706136
08/14/2016 03:00,455.419712782
08/14/2016 04:00,445.969676872
08/14/2016 05:00,463.144702222
08/14/2016 06:00,464.089202884
08/14/2016 07:00,443.34036406
08/14/2016 08:00,427.765658788
08/14/2016 09:00,426.576734632
08/14/2016 10:00,420.696488764
08/14/2016 11:00,420.06983923
08/14/2016 12:00,411.77151073
08/14/2016 13:00,404.550456148
08/14/2016 14:00,405.597554326
08/14/2016 15:00,402.030781858
08/14/2016 16:00,403.956999928
08/14/2016 17:00,403.751804896
08/14/2016 18:00,408.161486368
08/14/2016 19:00,413.358754654
08/14/2016 20:00,411.999840496
08/14/2016 21:00,410.786775748
08/14/2016 22:00,411.008064508
08/14/2016 23:00,411.43957759
08/15/2016 00:00,411.22331812
08/15/2016 01:00,410.141014912
08/15/2016 02:00,407.78831305
08/15/2016 03:00,407.518743106
08/15/2016 04:00,409.596845734
08/15/2016 05:00,412.261363576
08/15/2016 06:00,411.388278832
08/15/2016 07:00,410.3281045
08/15/2016 08:00,408.309347494
08/15/2016 09:00,406.623529486
08/15/2016 10:00,404.045515432
08/15/2016 11:00,403.389696016
08/15/2016 12:00,403.881560578
08/15/2016 13:00,404.151130522
08/15/2016 14:00,404.188347268
08/15/2016 15:00,403.844343832
08/15/2016 16:00,402.812333524
08/15/2016 17:00,402.248047186
08/15/2016 18:00,403.089950332
08/15/2016 19:00,405.312896512
08/15/2016 20:00,406.866947122
08/15/2016 21:00,408.342540808
08/15/2016 22:00,409.406738572
08/15/2016 23:00,410.873279536
08/16/2016 00:00,414.07492555
08/16/2016 01:00,414.357571648
08/16/2016 02:00,414.81423118
08/16/2016 03:00,416.824941322
08/16/2016 04:00,418.54596436
08/16/2016 05:00,419.249059102
08/16/2016 06:00,419.986353016
08/16/2016 07:00,419.688619048
08/16/2016 08:00,420.617025982
08/16/2016 09:00,421.411653802
08/16/2016 10:00,420.093979822
08/16/2016 11:00,415.550519236
08/16/2016 12:00,411.461706466
08/16/2016 13:00,407.242132156
08/16/2016 14:00,404.668141534
08/16/2016 15:00,402.409990324
08/16/2016 16:00,401.112433504
08/16/2016 17:00,400.272542074
08/16/2016 18:00,401.78837008
08/16/2016 19:00,404.682223546
08/16/2016 20:00,404.631930646
08/16/2016 21:00,405.06746716
08/16/2016 22:00,406.071313444
08/16/2016 23:00,406.486732798
08/17/2016 00:00,405.86712427
08/17/2016 01:00,407.498625946
08/17/2016 02:00,412.157760202
08/17/2016 03:00,416.224444096
08/17/2016 04:00,413.504604064
08/17/2016 05:00,415.313136748
08/17/2016 06:00,417.773465416
08/17/2016 07:00,417.940437844
08/17/2016 08:00,416.657968894
08/17/2016 09:00,415.725538528
08/17/2016 10:00,414.118177444
08/17/2016 11:00,410.18728438
08/17/2016 12:00,405.136871362
08/17/2016 13:00,404.437800052
08/17/2016 14:00,403.16639554
08/17/2016 15:00,400.687961428
08/17/2016 16:00,399.86215201
08/17/2016 17:00,399.174145138
08/17/2016 18:00,400.169944558
08/17/2016 19:00,402.66849583
08/17/2016 20:00,404.072673598
08/17/2016 21:00,404.863277986
08/17/2016 22:00,405.755474032
08/17/2016 23:00,405.59051332
08/18/2016 00:00,405.901323442
08/18/2016 01:00,405.184146688
08/18/2016 02:00,405.257574322
08/18/2016 03:00,405.973745218
08/18/2016 04:00,406.650687652
08/18/2016 05:00,406.63157635
08/18/2016 06:00,409.093916734
08/18/2016 07:00,409.00037194
08/18/2016 08:00,407.553948136
08/18/2016 09:00,408.319406074
08/18/2016 10:00,404.436794194
08/18/2016 11:00,401.795411086
08/18/2016 12:00,399.539271592
08/18/2016 13:00,399.207338452
08/18/2016 14:00,398.77079608
08/18/2016 15:00,397.69452802
08/18/2016 16:00,397.300231684
08/18/2016 17:00,398.186392582
08/18/2016 18:00,400.2192316
08/18/2016 19:00,403.713582292
08/18/2016 20:00,405.559331722
08/18/2016 21:00,405.428570182
08/18/2016 22:00,406.351947826
08/18/2016 23:00,405.493950952
08/19/2016 00:00,404.913570886
08/19/2016 01:00,406.262426464
08/19/2016 02:00,405.381294856
08/19/2016 03:00,404.201423422
08/19/2016 04:00,403.75482247
08/19/2016 05:00,404.331179104
08/19/2016 06:00,407.01380239
08/19/2016 07:00,405.772573618
08/19/2016 08:00,404.278874488
08/19/2016 09:00,403.653230812
08/19/2016 10:00,402.685595416
08/19/2016 11:00,403.273016488
08/19/2016 12:00,401.635479664
08/19/2016 13:00,400.260471778
08/19/2016 14:00,398.845229572
08/19/2016 15:00,398.230650334
08/19/2016 16:00,398.747661346
08/19/2016 17:00,399.90238633
08/19/2016 18:00,401.29549966
08/19/2016 19:00,405.482886514
08/19/2016 20:00,406.916234164
08/19/2016 21:00,408.650333356
08/19/2016 22:00,409.05066484
08/19/2016 23:00,412.478628904
08/20/2016 00:00,421.658089012
08/20/2016 01:00,419.316451588
08/20/2016 02:00,420.76891054
08/20/2016 03:00,439.47284005
08/20/2016 04:00,445.57839811
08/20/2016 05:00,442.744896124
08/20/2016 06:00,425.43609166
08/20/2016 07:00,416.678086054
08/20/2016 08:00,411.757428718
08/20/2016 09:00,409.162315078
08/20/2016 10:00,407.52176068
08/20/2016 11:00,406.22923315
08/20/2016 12:00,406.690921972
08/20/2016 13:00,405.40442959
08/20/2016 14:00,401.514776704
08/20/2016 15:00,398.532407734
08/20/2016 16:00,397.755885358
08/20/2016 17:00,397.385729614
08/20/2016 18:00,398.68529815
08/20/2016 19:00,400.743283618
08/20/2016 20:00,402.127344226
08/20/2016 21:00,403.10101477
08/20/2016 22:00,404.347272832
08/20/2016 23:00,405.67601125
08/21/2016 00:00,408.037765834
08/21/2016 01:00,410.80085776
08/21/2016 02:00,416.22243238
08/21/2016 03:00,409.43289088
08/21/2016 04:00,408.35662282
08/21/2016 05:00,407.907004294
08/21/2016 06:00,410.693230954
08/21/2016 07:00,412.739146126
08/21/2016 08:00,415.695362788
08/21/2016 09:00,416.84103505
08/21/2016 10:00,416.829970612
08/21/2016 11:00,414.189593362
08/21/2016 12:00,412.42531843
08/21/2016 13:00,410.97688291
08/21/2016 14:00,401.701866292
08/21/2016 15:00,397.768961512
08/21/2016 16:00,396.627312682
08/21/2016 17:00,397.13627683
08/21/2016 18:00,398.361411874
08/21/2016 19:00,400.794582376
08/21/2016 20:00,401.623409368
08/21/2016 21:00,402.330527542
08/21/2016 22:00,402.781151926
08/21/2016 23:00,403.24183489
08/22/2016 00:00,404.789850352
08/22/2016 01:00,408.916885726
08/22/2016 02:00,412.062203692
08/22/2016 03:00,418.79742886
08/22/2016 04:00,428.853997144
08/22/2016 05:00,428.878137736
08/22/2016 06:00,427.93564879
08/22/2016 07:00,424.353788452
08/22/2016 08:00,416.100723562
08/22/2016 09:00,413.110307728
08/22/2016 10:00,411.237400132
08/22/2016 11:00,410.040429112
08/22/2016 12:00,410.754588292
08/22/2016 13:00,408.460226194
08/22/2016 14:00,400.352004856
08/22/2016 15:00,398.339282998
08/22/2016 16:00,397.638199972
08/22/2016 17:00,397.932916366
08/22/2016 18:00,399.537259876
08/22/2016 19:00,401.346798418
08/22/2016 20:00,403.418865898
08/22/2016 21:00,404.563532302
08/22/2016 22:00,405.019185976
08/22/2016 23:00,404.592702184
08/23/2016 00:00,403.686424126
08/23/2016 01:00,405.453716632
08/23/2016 02:00,406.060249006
08/23/2016 03:00,405.680034682
08/23/2016 04:00,405.527144266
08/23/2016 05:00,405.991850662
08/23/2016 06:00,403.841326258
08/23/2016 07:00,404.384489578
08/23/2016 08:00,404.568561592
08/23/2016 09:00,404.989010236
08/23/2016 10:00,403.599920338
08/23/2016 11:00,402.69867157
08/23/2016 12:00,402.405966892
08/23/2016 13:00,401.157697114
08/23/2016 14:00,400.077405622
08/23/2016 15:00,399.652933546
08/23/2016 16:00,398.608852942
08/23/2016 17:00,398.371470454
08/23/2016 18:00,399.485961118
08/23/2016 19:00,400.885109596
08/23/2016 20:00,402.48744139
08/23/2016 21:00,403.904695312
08/23/2016 22:00,404.2426636
08/23/2016 23:00,405.648853084
08/24/2016 00:00,406.614476764
08/24/2016 01:00,407.899963288
08/24/2016 02:00,406.286567056
08/24/2016 03:00,406.355971258
08/24/2016 04:00,408.918897442
08/24/2016 05:00,406.162846522
08/24/2016 06:00,412.43537701
08/24/2016 07:00,411.522057946
08/24/2016 08:00,406.016997112
08/24/2016 09:00,403.913748034
08/24/2016 10:00,403.454070928
08/24/2016 11:00,402.274199494
08/24/2016 12:00,402.372773578
08/24/2016 13:00,405.708198706
08/24/2016 14:00,411.629684752
08/24/2016 15:00,400.990724686
08/24/2016 16:00,398.552524894
08/24/2016 17:00,398.2578085
08/24/2016 18:00,399.438685792
08/24/2016 19:00,401.926172626
08/24/2016 20:00,403.1362198
08/24/2016 21:00,404.341237684
08/24/2016 22:00,405.182134972
08/24/2016 23:00,403.828250104
08/25/2016 00:00,402.008652982
08/25/2016 01:00,403.565721166
08/25/2016 02:00,406.48069765
08/25/2016 03:00,407.414133874
08/25/2016 04:00,408.192667966
08/25/2016 05:00,409.91067343
08/25/2016 06:00,412.069244698
08/25/2016 07:00,414.229827682
08/25/2016 08:00,407.082200734
08/25/2016 09:00,406.132670782
08/25/2016 10:00,411.31384534
08/25/2016 11:00,405.653882374
08/25/2016 12:00,400.493830834
08/25/2016 13:00,398.100894652
08/25/2016 14:00,397.62914725
08/25/2016 15:00,397.792096246
08/25/2016 16:00,397.172487718
08/25/2016 17:00,397.247927068
08/25/2016 18:00,398.459985958
08/25/2016 19:00,400.091487634
08/25/2016 20:00,400.709084446
08/25/2016 21:00,401.043029302
08/25/2016 22:00,400.205149588
08/25/2016 23:00,400.2695245
08/26/2016 00:00,401.490636112
08/26/2016 01:00,400.849904566
08/26/2016 02:00,400.337922844
08/26/2016 03:00,399.375316738
08/26/2016 04:00,399.509095852
08/26/2016 05:00,401.735059606
08/26/2016 06:00,403.094979622
08/26/2016 07:00,403.329344536
08/26/2016 08:00,401.68778428
08/26/2016 09:00,399.373305022
08/26/2016 10:00,398.040543172
08/26/2016 11:00,397.71967447
08/26/2016 12:00,397.728727192
08/26/2016 13:00,397.471227544
08/26/2016 14:00,397.338454288
08/26/2016 15:00,397.700563168
08/26/2016 16:00,398.067701338
08/26/2016 17:00,398.878422886
08/26/2016 18:00,400.23934876
08/26/2016 19:00,401.17982599
08/26/2016 20:00,403.596902764
08/26/2016 21:00,404.917594318
08/26/2016 22:00,405.003092248
08/26/2016 23:00,405.446675626
08/27/2016 00:00,403.71458815
08/27/2016 01:00,402.404961034
08/27/2016 02:00,402.45726565
08/27/2016 03:00,401.907061324
08/27/2016 04:00,401.208995872
08/27/2016 05:00,403.515428266
08/27/2016 06:00,403.778963062
08/27/2016 07:00,403.628084362
08/27/2016 08:00,402.988358674
08/27/2016 09:00,402.132373516
08/27/2016 10:00,400.78754137
08/27/2016 11:00,398.86635259
08/27/2016 12:00,397.783043524
08/27/2016 13:00,396.18071173
08/27/2016 14:00,395.921200366
08/27/2016 15:00,395.624472256
08/27/2016 16:00,396.17065315
08/27/2016 17:00,397.441051804
08/27/2016 18:00,399.388392892
08/27/2016 19:00,401.658614398
08/27/2016 20:00,402.670507546
08/27/2016 21:00,403.495311106
08/27/2016 22:00,405.938540188
08/27/2016 23:00,405.046344142
08/28/2016 00:00,409.385615554
08/28/2016 01:00,415.93576285
08/28/2016 02:00,429.77636893
08/28/2016 03:00,420.490287874
08/28/2016 04:00,413.378871814
08/28/2016 05:00,404.838131536
08/28/2016 06:00,403.98114052
08/28/2016 07:00,405.417505744
08/28/2016 08:00,408.893750992
08/28/2016 09:00,409.992147928
08/28/2016 10:00,408.754942588
08/28/2016 11:00,406.88304085
08/28/2016 12:00,405.500991958
08/28/2016 13:00,403.6391488
08/28/2016 14:00,401.367921436
08/28/2016 15:00,399.405492478
08/28/2016 16:00,399.7665955
08/28/2016 17:00,400.3198174
08/28/2016 18:00,402.25609405
08/28/2016 19:00,404.032439278
08/28/2016 20:00,405.240474736
08/28/2016 21:00,408.057882994
08/28/2016 22:00,413.252133706
08/28/2016 23:00,422.17208245
08/29/2016 00:00,430.42011805
08/29/2016 01:00,436.407990724
08/29/2016 02:00,423.879023476
08/29/2016 03:00,410.420643436
08/29/2016 04:00,407.41614559
08/29/2016 05:00,406.994691088
08/29/2016 06:00,411.373190962
08/29/2016 07:00,410.241600712
08/29/2016 08:00,410.476971484
08/29/2016 09:00,408.671456374
08/29/2016 10:00,407.267278606
08/29/2016 11:00,406.570219012
08/29/2016 12:00,407.728967428
08/29/2016 13:00,406.528978834
08/29/2016 14:00,406.83777724
08/29/2016 15:00,405.089596036
08/29/2016 16:00,403.93587691
08/29/2016 17:00,403.995222532
08/29/2016 18:00,404.909547454
08/29/2016 19:00,404.69027041
08/29/2016 20:00,405.68606983
08/29/2016 21:00,406.321772086
08/29/2016 22:00,406.724115286
08/29/2016 23:00,408.662403652
08/30/2016 00:00,410.625838468
08/30/2016 01:00,411.343015222
08/30/2016 02:00,411.809733334
08/30/2016 03:00,410.816951488
08/30/2016 04:00,425.173562722
08/30/2016 05:00,445.220312662
08/30/2016 06:00,449.73762094
08/30/2016 07:00,428.925413062
08/30/2016 08:00,414.011556496
08/30/2016 09:00,412.388101684
08/30/2016 10:00,410.545369828
08/30/2016 11:00,412.382066536
08/30/2016 12:00,406.941380614
08/30/2016 13:00,404.409636028
08/30/2016 14:00,404.255739754
08/30/2016 15:00,403.057762876
08/30/2016 16:00,403.368572998
08/30/2016 17:00,404.607790054
08/30/2016 18:00,405.974751076
08/30/2016 19:00,406.58631274
08/30/2016 20:00,406.30970179
08/30/2016 21:00,405.61063048
08/30/2016 22:00,405.393365152
08/30/2016 23:00,405.666958528
08/31/2016 00:00,411.350056228
08/31/2016 01:00,417.093505408
08/31/2016 02:00,428.717200456
08/31/2016 03:00,445.31687503
08/31/2016 04:00,464.280315904
08/31/2016 05:00,445.3319629
08/31/2016 06:00,441.5599954
08/31/2016 07:00,424.158652
08/31/2016 08:00,414.318343186
08/31/2016 09:00,407.163675232
08/31/2016 10:00,404.23260502
08/31/2016 11:00,404.253728038
08/31/2016 12:00,405.316919944
08/31/2016 13:00,403.076874178
08/31/2016 14:00,402.91493104
08/31/2016 15:00,402.646366954
08/31/2016 16:00,403.379637436
08/31/2016 17:00,406.008950248
08/31/2016 18:00,406.97356807
08/31/2016 19:00,406.085395456
08/31/2016 20:00,405.79671421
08/31/2016 21:00,407.351770678
08/31/2016 22:00,416.726367238
08/31/2016 23:00,421.140072142
