12/01/2016 00:00,491.198043492
12/01/2016 01:00,481.320732906
12/01/2016 02:00,485.706617578
12/01/2016 03:00,498.954972334
12/01/2016 04:00,518.760990592
12/01/2016 05:00,521.104093042
12/01/2016 06:00,523.906745908
12/01/2016 07:00,539.707822602
12/01/2016 08:00,546.61921899
12/01/2016 09:00,512.931956368
12/01/2016 10:00,453.815229608
12/01/2016 11:00,428.089476386
12/01/2016 12:00,419.151422352
12/01/2016 13:00,418.37845049
12/01/2016 14:00,410.50764183
12/01/2016 15:00,411.054869628
12/01/2016 16:00,417.137865924
12/01/2016 17:00,452.55247375
12/01/2016 18:00,470.060739928
12/01/2016 19:00,471.96747104
12/01/2016 20:00,481.64725557
12/01/2016 21:00,411.16774166
12/01/2016 22:00,411.645432224
12/01/2016 23:00,411.809701342
12/02/2016 00:00,416.394119856
12/02/2016 01:00,414.21629431
12/02/2016 02:00,413.503789608
12/02/2016 03:00,418.591093336
12/02/2016 04:00,417.460357444
12/02/2016 05:00,416.55939676
12/02/2016 06:00,416.23690524
12/02/2016 07:00,418.03580325
12/02/2016 08:00,413.835351202
12/02/2016 09:00,411.262473544
12/02/2016 10:00,409.66614052
12/02/2016 11:00,409.624821294
12/02/2016 12:00,409.669163878
12/02/2016 13:00,409.403108374
12/02/2016 14:00,409.673195022
12/02/2016 15:00,409.997702114
12/02/2016 16:00,412.959585168
12/02/2016 17:00,427.46868021
12/02/2016 18:00,449.26709139
12/02/2016 19:00,441.294496344
12/02/2016 20:00,436.403710886
12/02/2016 21:00,435.075448938
12/02/2016 22:00,433.415625396
12/02/2016 23:00,454.843171328
12/03/2016 00:00,486.178261426
12/03/2016 01:00,480.278682182
12/03/2016 02:00,469.616306302
12/03/2016 03:00,469.484286336
12/03/2016 04:00,470.102059154
12/03/2016 05:00,491.579994386
12/03/2016 06:00,508.704294098
12/03/2016 07:00,509.026785618
12/03/2016 08:00,476.856240926
12/03/2016 09:00,452.848762834
12/03/2016 10:00,418.462096728
12/03/2016 11:00,411.648455582
12/03/2016 12:00,411.576902776
12/03/2016 13:00,412.572595344
12/03/2016 14:00,412.700584166
12/03/2016 15:00,415.886195712
12/03/2016 16:00,422.920541992
12/03/2016 17:00,432.64366132
12/03/2016 18:00,461.473395422
12/03/2016 19:00,483.447161366
12/03/2016 20:00,520.518569376
12/03/2016 21:00,481.015373748
12/03/2016 22:00,492.872983824
12/03/2016 23:00,525.24407793
12/04/2016 00:00,533.968481332
12/04/2016 01:00,523.857364394
12/04/2016 02:00,518.133139914
12/04/2016 03:00,548.78595889
12/04/2016 04:00,544.601631418
12/04/2016 05:00,549.334194474
12/04/2016 06:00,554.155442698
12/04/2016 07:00,579.199932584
12/04/2016 08:00,512.053166976
12/04/2016 09:00,466.015486924
12/04/2016 10:00,454.0893474
12/04/2016 11:00,432.670871542
12/04/2016 12:00,423.789253524
12/04/2016 13:00,435.189328756
12/04/2016 14:00,440.799673418
12/04/2016 15:00,448.43062901
12/04/2016 16:00,446.104658922
12/04/2016 17:00,454.348348402
12/04/2016 18:00,451.90749071
12/04/2016 19:00,468.886669238
12/04/2016 20:00,484.066949756
12/04/2016 21:00,466.335962872
12/04/2016 22:00,425.82598903
12/04/2016 23:00,423.320633034
12/05/2016 00:00,440.576952712
12/05/2016 01:00,447.652618218
12/05/2016 02:00,448.893202784
12/05/2016 03:00,458.658649124
12/05/2016 04:00,469.754372984
12/05/2016 05:00,489.362865186
12/05/2016 06:00,506.37832401
12/05/2016 07:00,501.471413976
12/05/2016 08:00,475.185331738
12/05/2016 09:00,423.949491498
12/05/2016 10:00,430.919339474
12/05/2016 11:00,423.776152306
12/05/2016 12:00,419.04358925
12/05/2016 13:00,418.425816432
12/05/2016 14:00,418.42883979
12/05/2016 15:00,418.752339096
12/05/2016 16:00,422.007487876
12/05/2016 17:00,431.33857845
12/05/2016 18:00,452.333784188
12/05/2016 19:00,460.525068796
12/05/2016 20:00,486.562227892
12/05/2016 21:00,510.300627122
12/05/2016 22:00,513.607172988
12/05/2016 23:00,528.812648156
12/06/2016 00:00,529.734772346
12/06/2016 01:00,489.963505642
12/06/2016 02:00,506.881209224
12/06/2016 03:00,517.492188018
12/06/2016 04:00,514.584725408
12/06/2016 05:00,502.325008718
12/06/2016 06:00,496.22488006
12/06/2016 07:00,497.381818388
12/06/2016 08:00,515.194435938
12/06/2016 09:00,482.466585588
12/06/2016 10:00,442.199488172
12/06/2016 11:00,420.412162638
12/06/2016 12:00,413.562241196
12/06/2016 13:00,409.355742432
12/06/2016 14:00,410.231508466
12/06/2016 15:00,410.42198002
12/06/2016 16:00,414.007682608
12/06/2016 17:00,427.790163944
12/06/2016 18:00,432.161939612
12/06/2016 19:00,429.058966518
12/06/2016 20:00,459.112152824
12/06/2016 21:00,465.219335984
12/06/2016 22:00,482.11587606
12/06/2016 23:00,469.10031987
12/07/2016 00:00,467.782135782
12/07/2016 01:00,491.158739838
12/07/2016 02:00,489.955443354
12/07/2016 03:00,485.758014664
12/07/2016 04:00,483.361499556
12/07/2016 05:00,469.074117434
12/07/2016 06:00,452.133234774
12/07/2016 07:00,472.32523507
12/07/2016 08:00,431.7668875
12/07/2016 09:00,421.51770388
12/07/2016 10:00,415.45587109
12/07/2016 11:00,414.318080696
12/07/2016 12:00,415.306718762
12/07/2016 13:00,416.02527018
12/07/2016 14:00,415.2391971
12/07/2016 15:00,418.900483638
12/07/2016 16:00,426.397403692
12/07/2016 17:00,440.960919178
12/07/2016 18:00,433.612143666
12/07/2016 19:00,429.56991402
12/07/2016 20:00,430.112102888
12/07/2016 21:00,432.115581456
12/07/2016 22:00,439.690101032
12/07/2016 23:00,440.884327442
12/08/2016 00:00,439.540948704
12/08/2016 01:00,434.197667332
12/08/2016 02:00,434.070686296
12/08/2016 03:00,429.797673656
12/08/2016 04:00,431.956351268
12/08/2016 05:00,431.336562878
12/08/2016 06:00,444.179787662
12/08/2016 07:00,455.307760674
12/08/2016 08:00,472.96517918
12/08/2016 09:00,465.237476132
12/08/2016 10:00,457.537991092
12/08/2016 11:00,431.074538518
12/08/2016 12:00,418.35325584
12/08/2016 13:00,423.153340558
12/08/2016 14:00,425.660712126
12/08/2016 15:00,431.715490414
12/08/2016 16:00,433.153601036
12/08/2016 17:00,444.798568266
12/08/2016 18:00,435.58135751
12/08/2016 19:00,442.062429276
12/08/2016 20:00,439.774755056
12/08/2016 21:00,450.54697961
12/08/2016 22:00,439.096515078
12/08/2016 23:00,420.959390436
12/09/2016 00:00,422.653478702
12/09/2016 01:00,435.593450942
12/09/2016 02:00,444.164670872
12/09/2016 03:00,442.674155378
12/09/2016 04:00,459.747058004
12/09/2016 05:00,468.044160142
12/09/2016 06:00,484.72100287
12/09/2016 07:00,486.833322326
12/09/2016 08:00,487.193101928
12/09/2016 09:00,455.929564636
12/09/2016 10:00,424.927043918
12/09/2016 11:00,411.786522264
12/09/2016 12:00,409.754825688
12/09/2016 13:00,412.90617251
12/09/2016 14:00,411.650471154
12/09/2016 15:00,416.344738342
12/09/2016 16:00,418.078130262
12/09/2016 17:00,438.727665402
12/09/2016 18:00,467.478792196
12/09/2016 19:00,475.27300912
12/09/2016 20:00,469.904533098
12/09/2016 21:00,515.310331328
12/09/2016 22:00,503.107050654
12/09/2016 23:00,462.940731838
12/10/2016 00:00,411.602097426
12/10/2016 01:00,410.957114386
12/10/2016 02:00,411.282629264
12/10/2016 03:00,411.225185462
12/10/2016 04:00,410.091426212
12/10/2016 05:00,412.052577768
12/10/2016 06:00,412.480886818
12/10/2016 07:00,411.476124176
12/10/2016 08:00,410.814008774
12/10/2016 09:00,408.544474702
12/10/2016 10:00,408.6885881
12/10/2016 11:00,409.159224162
12/10/2016 12:00,408.589825072
12/10/2016 13:00,407.82189214
12/10/2016 14:00,408.062752994
12/10/2016 15:00,408.831693712
12/10/2016 16:00,411.584965064
12/10/2016 17:00,415.438738728
12/10/2016 18:00,420.945281432
12/10/2016 19:00,430.954611984
12/10/2016 20:00,433.57586337
12/10/2016 21:00,425.899557408
12/10/2016 22:00,423.137215982
12/10/2016 23:00,428.424061338
12/11/2016 00:00,444.53553612
12/11/2016 01:00,462.477150278
12/11/2016 02:00,468.11772852
12/11/2016 03:00,476.944926094
12/11/2016 04:00,462.29776437
12/11/2016 05:00,454.96108229
12/11/2016 06:00,471.754828194
12/11/2016 07:00,465.330192444
12/11/2016 08:00,450.59232998
12/11/2016 09:00,426.691677204
12/11/2016 10:00,419.477945016
12/11/2016 11:00,414.37754007
12/11/2016 12:00,413.875662642
12/11/2016 13:00,413.45037695
12/11/2016 14:00,413.83333563
12/11/2016 15:00,414.287847116
12/11/2016 16:00,423.626999978
12/11/2016 17:00,429.80674373
12/11/2016 18:00,433.392446318
12/11/2016 19:00,435.580349724
12/11/2016 20:00,449.09576777
12/11/2016 21:00,451.269562172
12/11/2016 22:00,454.070199466
12/11/2016 23:00,464.730559774
12/12/2016 00:00,468.255795202
12/12/2016 01:00,474.848731214
12/12/2016 02:00,475.846439354
12/12/2016 03:00,461.51169129
12/12/2016 04:00,467.887953312
12/12/2016 05:00,485.066673468
12/12/2016 06:00,491.14059969
12/12/2016 07:00,472.655788878
12/12/2016 08:00,443.362473216
12/12/2016 09:00,428.313204878
12/12/2016 10:00,415.459902234
12/12/2016 11:00,416.901036214
12/12/2016 12:00,418.344185766
12/12/2016 13:00,417.668969146
12/12/2016 14:00,416.908090716
12/12/2016 15:00,416.910106288
12/12/2016 16:00,421.441112144
12/12/2016 17:00,430.9102694
12/12/2016 18:00,444.52041933
12/12/2016 19:00,443.121612362
12/12/2016 20:00,435.62670788
12/12/2016 21:00,434.435504828
12/12/2016 22:00,463.568582516
12/12/2016 23:00,495.558733514
12/13/2016 00:00,481.303600544
12/13/2016 01:00,467.883922168
12/13/2016 02:00,470.13833945
12/13/2016 03:00,473.038747558
12/13/2016 04:00,474.555465488
12/13/2016 05:00,474.390188584
12/13/2016 06:00,501.85336487
12/13/2016 07:00,515.315370258
12/13/2016 08:00,489.572484674
12/13/2016 09:00,463.153374684
12/13/2016 10:00,442.687256596
12/13/2016 11:00,426.63725676
12/13/2016 12:00,425.460162712
12/13/2016 13:00,427.712564422
12/13/2016 14:00,432.077285588
12/13/2016 15:00,434.912187606
12/13/2016 16:00,439.813050924
12/13/2016 17:00,442.225690608
12/13/2016 18:00,442.732606966
12/13/2016 19:00,455.116281334
12/13/2016 20:00,449.242904526
12/13/2016 21:00,443.11455786
12/13/2016 22:00,443.405808014
12/13/2016 23:00,450.619540202
12/14/2016 00:00,448.93956094
12/14/2016 01:00,446.015973754
12/14/2016 02:00,456.087787038
12/14/2016 03:00,462.129464108
12/14/2016 04:00,471.003019838
12/14/2016 05:00,476.621426788
12/14/2016 06:00,488.825715248
12/14/2016 07:00,502.253455912
12/14/2016 08:00,514.502086956
12/14/2016 09:00,504.059408424
12/14/2016 10:00,440.274616912
12/14/2016 11:00,429.53968044
12/14/2016 12:00,414.449092876
12/14/2016 13:00,414.353353206
12/14/2016 14:00,413.419135584
12/14/2016 15:00,410.181119166
12/14/2016 16:00,417.366633346
12/14/2016 17:00,421.586233328
12/14/2016 18:00,419.696634578
12/14/2016 19:00,420.660077994
12/14/2016 20:00,431.843479236
12/14/2016 21:00,431.786035434
12/14/2016 22:00,427.581552242
12/14/2016 23:00,414.320096268
12/15/2016 00:00,414.781662256
12/15/2016 01:00,414.756467606
12/15/2016 02:00,415.147488574
12/15/2016 03:00,413.387894218
12/15/2016 04:00,411.019597118
12/15/2016 05:00,410.94602874
12/15/2016 06:00,411.43984388
12/15/2016 07:00,430.852825598
12/15/2016 08:00,453.377850484
12/15/2016 09:00,455.438772854
12/15/2016 10:00,420.453481864
12/15/2016 11:00,427.450540062
12/15/2016 12:00,410.88052265
12/15/2016 13:00,409.384968226
12/15/2016 14:00,410.425003378
12/15/2016 15:00,411.436820522
12/15/2016 16:00,410.493532826
12/15/2016 17:00,411.29875384
12/15/2016 18:00,410.853312428
12/15/2016 19:00,409.896923514
12/15/2016 20:00,409.868705506
12/15/2016 21:00,411.138515866
12/15/2016 22:00,413.09765185
12/15/2016 23:00,411.562793772
12/16/2016 00:00,410.843234568
12/16/2016 01:00,410.722300248
12/16/2016 02:00,410.362520646
12/16/2016 03:00,411.669619088
12/16/2016 04:00,412.884001218
12/16/2016 05:00,413.380839716
12/16/2016 06:00,414.546848118
12/16/2016 07:00,416.471719378
12/16/2016 08:00,414.176990656
12/16/2016 09:00,411.235263322
12/16/2016 10:00,411.341080852
12/16/2016 11:00,410.814008774
12/16/2016 12:00,410.355466144
12/16/2016 13:00,410.448182456
12/16/2016 14:00,410.484462752
12/16/2016 15:00,411.0568852
12/16/2016 16:00,413.642864076
12/16/2016 17:00,419.248169808
12/16/2016 18:00,422.824802322
12/16/2016 19:00,429.54471937
12/16/2016 20:00,425.909635268
12/16/2016 21:00,419.796405392
12/16/2016 22:00,425.512567584
12/16/2016 23:00,458.194059778
12/17/2016 00:00,471.983595616
12/17/2016 01:00,464.381865818
12/17/2016 02:00,466.80256779
12/17/2016 03:00,473.759314548
12/17/2016 04:00,479.10763485
12/17/2016 05:00,492.646231974
12/17/2016 06:00,519.608538618
12/17/2016 07:00,529.842605448
12/17/2016 08:00,497.385849532
12/17/2016 09:00,464.58543859
12/17/2016 10:00,432.152869538
12/17/2016 11:00,419.067776114
12/17/2016 12:00,412.844697564
12/17/2016 13:00,411.69179038
12/17/2016 14:00,412.166457586
12/17/2016 15:00,413.44533802
12/17/2016 16:00,418.969013086
12/17/2016 17:00,435.680120538
12/17/2016 18:00,440.772463196
12/17/2016 19:00,441.56256742
12/17/2016 20:00,457.543030022
12/17/2016 21:00,492.001248934
12/17/2016 22:00,479.517803752
12/17/2016 23:00,481.132276924
12/18/2016 00:00,499.196840974
12/18/2016 01:00,491.485262502
12/18/2016 02:00,487.60830976
12/18/2016 03:00,500.571461078
12/18/2016 04:00,504.340580718
12/18/2016 05:00,509.56292777
12/18/2016 06:00,460.626855182
12/18/2016 07:00,429.345177742
12/18/2016 08:00,418.671716216
12/18/2016 09:00,415.328890054
12/18/2016 10:00,414.549871476
12/18/2016 11:00,413.670074298
12/18/2016 12:00,413.256882038
12/18/2016 13:00,412.88097786
12/18/2016 14:00,413.116799784
12/18/2016 15:00,413.81317991
12/18/2016 16:00,418.022702032
12/18/2016 17:00,437.814611286
12/18/2016 18:00,450.480465734
12/18/2016 19:00,468.123775236
12/18/2016 20:00,482.763882458
12/18/2016 21:00,500.99674677
12/18/2016 22:00,511.435394158
12/18/2016 23:00,505.564032922
12/19/2016 00:00,511.224766884
12/19/2016 01:00,477.674563158
12/19/2016 02:00,504.944244532
12/19/2016 03:00,529.815395226
12/19/2016 04:00,558.822499664
12/19/2016 05:00,577.474602952
12/19/2016 06:00,573.530128548
12/19/2016 07:00,570.406999734
12/19/2016 08:00,550.340972688
12/19/2016 09:00,502.318962002
12/19/2016 10:00,441.231005826
12/19/2016 11:00,421.856319976
12/19/2016 12:00,424.917973844
12/19/2016 13:00,424.744634652
12/19/2016 14:00,423.021320592
12/19/2016 15:00,424.869600116
12/19/2016 16:00,432.17504083
12/19/2016 17:00,435.73252541
12/19/2016 18:00,439.08845279
12/19/2016 19:00,445.302461266
12/19/2016 20:00,449.817342546
12/19/2016 21:00,458.802762522
12/19/2016 22:00,483.661819784
12/19/2016 23:00,482.099751484
12/20/2016 00:00,505.348366718
12/20/2016 01:00,526.026119866
12/20/2016 02:00,537.55418392
12/20/2016 03:00,530.406965608
12/20/2016 04:00,533.711495902
12/20/2016 05:00,548.013994814
12/20/2016 06:00,557.991076214
12/20/2016 07:00,594.119196528
12/20/2016 08:00,551.267128022
12/20/2016 09:00,479.385783786
12/20/2016 10:00,428.533910012
12/20/2016 11:00,424.59649011
12/20/2016 12:00,422.974962436
12/20/2016 13:00,420.950320362
12/20/2016 14:00,419.100025266
12/20/2016 15:00,424.47555579
12/20/2016 16:00,430.603902456
12/20/2016 17:00,439.434123388
12/20/2016 18:00,444.134437292
12/20/2016 19:00,452.070752042
12/20/2016 20:00,456.338725752
12/20/2016 21:00,488.135381838
12/20/2016 22:00,512.356510562
12/20/2016 23:00,520.000567372
12/21/2016 00:00,479.996502102
12/21/2016 01:00,491.46309121
12/21/2016 02:00,438.833482932
12/21/2016 03:00,433.106235094
12/21/2016 04:00,423.862821902
12/21/2016 05:00,442.959358816
12/21/2016 06:00,420.087655546
12/21/2016 07:00,425.651642052
12/21/2016 08:00,422.27858231
12/21/2016 09:00,419.158476854
12/21/2016 10:00,417.252753528
12/21/2016 11:00,416.08573734
12/21/2016 12:00,415.749136816
12/21/2016 13:00,422.861082618
12/21/2016 14:00,430.282418722
12/21/2016 15:00,425.003635654
12/21/2016 16:00,426.650357978
12/21/2016 17:00,441.644198086
12/21/2016 18:00,448.933514224
12/21/2016 19:00,464.593500878
12/21/2016 20:00,487.40171363
12/21/2016 21:00,449.222748806
12/21/2016 22:00,449.642995568
12/21/2016 23:00,440.677731312
12/22/2016 00:00,436.645579526
12/22/2016 01:00,456.39213841
12/22/2016 02:00,452.606894194
12/22/2016 03:00,466.264410066
12/22/2016 04:00,453.863603336
12/22/2016 05:00,477.80255198
12/22/2016 06:00,534.180116392
12/22/2016 07:00,573.413225372
12/22/2016 08:00,554.623055402
12/22/2016 09:00,468.75767263
12/22/2016 10:00,433.708891122
12/22/2016 11:00,414.325135198
12/22/2016 12:00,415.068881266
12/22/2016 13:00,414.45816295
12/22/2016 14:00,413.614646068
12/22/2016 15:00,414.005667036
12/22/2016 16:00,419.197780508
12/22/2016 17:00,459.728917856
12/22/2016 18:00,459.664419552
12/22/2016 19:00,470.676497174
12/22/2016 20:00,506.15661109
12/22/2016 21:00,510.95367245
12/22/2016 22:00,522.411191484
12/22/2016 23:00,500.767979348
12/23/2016 00:00,510.087984276
12/23/2016 01:00,509.065081486
12/23/2016 02:00,506.284599912
12/23/2016 03:00,504.219646398
12/23/2016 04:00,486.423153424
12/23/2016 05:00,466.990015986
12/23/2016 06:00,434.7902455
12/23/2016 07:00,426.78842466
12/23/2016 08:00,418.56992983
12/23/2016 09:00,434.026343712
12/23/2016 10:00,431.057406156
12/23/2016 11:00,428.608486176
12/23/2016 12:00,422.955814502
12/23/2016 13:00,417.887658708
12/23/2016 14:00,411.623260932
12/23/2016 15:00,412.579649846
12/23/2016 16:00,413.486657246
12/23/2016 17:00,415.45083216
12/23/2016 18:00,421.872444552
12/23/2016 19:00,419.54244332
12/23/2016 20:00,417.903783284
12/23/2016 21:00,419.541435534
12/23/2016 22:00,420.95838265
12/23/2016 23:00,417.686101508
12/24/2016 00:00,415.766269178
12/24/2016 01:00,415.851930988
12/24/2016 02:00,418.335115692
12/24/2016 03:00,417.260815816
12/24/2016 04:00,423.013258304
12/24/2016 05:00,437.610030728
12/24/2016 06:00,438.8717788
12/24/2016 07:00,459.69263756
12/24/2016 08:00,462.132487466
12/24/2016 09:00,422.21307622
12/24/2016 10:00,418.885366848
12/24/2016 11:00,415.947670658
12/24/2016 12:00,414.113500138
12/24/2016 13:00,412.680428446
12/24/2016 14:00,412.214831314
12/24/2016 15:00,414.960040378
12/24/2016 16:00,418.406668498
12/24/2016 17:00,432.94599712
12/24/2016 18:00,449.512991174
12/24/2016 19:00,490.106611254
12/24/2016 20:00,515.366767344
12/24/2016 21:00,505.792800344
12/24/2016 22:00,512.869473636
12/24/2016 23:00,502.855104154
12/25/2016 00:00,487.873357478
12/25/2016 01:00,490.640737834
12/25/2016 02:00,485.787240458
12/25/2016 03:00,487.102401188
12/25/2016 04:00,504.311354924
12/25/2016 05:00,490.754617652
12/25/2016 06:00,510.165583798
12/25/2016 07:00,488.133366266
12/25/2016 08:00,486.25283759
12/25/2016 09:00,461.417967192
12/25/2016 10:00,454.518664236
12/25/2016 11:00,422.126406624
12/25/2016 12:00,416.008137818
12/25/2016 13:00,417.784864536
12/25/2016 14:00,418.093247052
12/25/2016 15:00,417.125772492
12/25/2016 16:00,417.800989112
12/25/2016 17:00,423.092873398
12/25/2016 18:00,428.75360736
12/25/2016 19:00,434.819471294
12/25/2016 20:00,437.262344558
12/25/2016 21:00,430.63816718
12/25/2016 22:00,427.305418878
12/25/2016 23:00,426.940600346
12/26/2016 00:00,429.575960736
12/26/2016 01:00,426.972849498
12/26/2016 02:00,425.814903384
12/26/2016 03:00,431.171285974
12/26/2016 04:00,431.866658314
12/26/2016 05:00,434.581633798
12/26/2016 06:00,432.140776106
12/26/2016 07:00,436.75038927
12/26/2016 08:00,427.840553244
12/26/2016 09:00,418.910561498
12/26/2016 10:00,416.97762795
12/26/2016 11:00,416.783125252
12/26/2016 12:00,415.746113458
12/26/2016 13:00,415.342999058
12/26/2016 14:00,416.178453652
12/26/2016 15:00,417.351516556
12/26/2016 16:00,419.888113918
12/26/2016 17:00,425.91668977
12/26/2016 18:00,436.877370306
12/26/2016 19:00,469.376453234
12/26/2016 20:00,448.278453324
12/26/2016 21:00,435.654925888
12/26/2016 22:00,464.574352944
12/26/2016 23:00,479.366635852
12/27/2016 00:00,480.69993673
12/27/2016 01:00,466.350071876
12/27/2016 02:00,459.709769922
12/27/2016 03:00,484.54967925
12/27/2016 04:00,504.416164668
12/27/2016 05:00,521.481005006
12/27/2016 06:00,545.177077224
12/27/2016 07:00,574.090457564
12/27/2016 08:00,543.35399235
12/27/2016 09:00,483.550963324
12/27/2016 10:00,442.62074272
12/27/2016 11:00,414.974149382
12/27/2016 12:00,415.70781759
12/27/2016 13:00,416.153259002
12/27/2016 14:00,413.58642806
12/27/2016 15:00,417.192286368
12/27/2016 16:00,422.015550164
12/27/2016 17:00,437.578789362
12/27/2016 18:00,464.98855299
12/27/2016 19:00,477.460912526
12/27/2016 20:00,501.645760954
12/27/2016 21:00,517.505289236
12/27/2016 22:00,565.951577828
12/27/2016 23:00,558.670323978
12/28/2016 00:00,552.077387966
12/28/2016 01:00,548.204466368
12/28/2016 02:00,539.21703082
12/28/2016 03:00,523.910777052
12/28/2016 04:00,548.18632622
12/28/2016 05:00,562.64805532
12/28/2016 06:00,570.109702864
12/28/2016 07:00,595.615758738
12/28/2016 08:00,563.62056881
12/28/2016 09:00,431.92309433
12/28/2016 10:00,416.652113072
12/28/2016 11:00,415.645334858
12/28/2016 12:00,415.268422894
12/28/2016 13:00,414.617393138
12/28/2016 14:00,414.580105056
12/28/2016 15:00,414.813911408
12/28/2016 16:00,418.152706426
12/28/2016 17:00,429.971012848
12/28/2016 18:00,442.310344632
12/28/2016 19:00,451.555773396
12/28/2016 20:00,471.012089912
12/28/2016 21:00,500.082684868
12/28/2016 22:00,477.93860309
12/28/2016 23:00,473.669621594
12/29/2016 00:00,489.279218948
12/29/2016 01:00,508.884687792
12/29/2016 02:00,501.405907886
12/29/2016 03:00,482.777991462
12/29/2016 04:00,507.992797182
12/29/2016 05:00,492.125206612
12/29/2016 06:00,454.902630702
12/29/2016 07:00,510.675523514
12/29/2016 08:00,514.96969966
12/29/2016 09:00,463.1090321
12/29/2016 10:00,428.42103798
12/29/2016 11:00,429.441925198
12/29/2016 12:00,429.133542682
12/29/2016 13:00,430.484983708
12/29/2016 14:00,430.523279576
12/29/2016 15:00,431.339586236
12/29/2016 16:00,435.58135751
12/29/2016 17:00,450.702178654
12/29/2016 18:00,468.600458014
12/29/2016 19:00,511.053443264
12/29/2016 20:00,493.006011576
12/29/2016 21:00,535.018594344
12/29/2016 22:00,554.49506658
12/29/2016 23:00,555.337575676
12/30/2016 00:00,560.973114988
12/30/2016 01:00,559.800052084
12/30/2016 02:00,535.653499524
12/30/2016 03:00,548.056321826
12/30/2016 04:00,548.07043083
12/30/2016 05:00,555.469595642
12/30/2016 06:00,571.609288432
12/30/2016 07:00,589.391672402
12/30/2016 08:00,562.96550791
12/30/2016 09:00,527.686951194
12/30/2016 10:00,471.68025203
12/30/2016 11:00,466.826754654
12/30/2016 12:00,445.43246566
12/30/2016 13:00,442.412131018
12/30/2016 14:00,442.833385566
12/30/2016 15:00,442.221659464
12/30/2016 16:00,448.300624616
12/30/2016 17:00,458.02475173
12/30/2016 18:00,441.751023402
12/30/2016 19:00,434.267204566
12/30/2016 20:00,421.21032915
12/30/2016 21:00,414.925775654
12/30/2016 22:00,413.346574992
12/30/2016 23:00,412.451661024
12/31/2016 00:00,411.89838651
12/31/2016 01:00,412.068702344
12/31/2016 02:00,413.130908788
12/31/2016 03:00,415.387341642
12/31/2016 04:00,417.054219686
12/31/2016 05:00,419.926409786
12/31/2016 06:00,432.141783892
12/31/2016 07:00,469.633438664
12/31/2016 08:00,462.2020247
12/31/2016 09:00,432.589240876
12/31/2016 10:00,429.604178744
12/31/2016 11:00,421.192189002
12/31/2016 12:00,415.045702188
12/31/2016 13:00,414.46320188
12/31/2016 14:00,412.688490734
12/31/2016 15:00,411.962884814
12/31/2016 16:00,411.615198644
12/31/2016 17:00,429.594100884
12/31/2016 18:00,451.42879236
12/31/2016 19:00,457.139915622
12/31/2016 20:00,471.84149779
12/31/2016 21:00,482.613722344
12/31/2016 22:00,476.785695906
12/31/2016 23:00,489.255032084
01/01/2017 00:00,424.391909552
01/01/2017 01:00,419.725860372
01/01/2017 02:00,420.878767556
01/01/2017 03:00,422.153616846
01/01/2017 04:00,418.314959972
01/01/2017 05:00,418.576984332
01/01/2017 06:00,418.553805254
01/01/2017 07:00,415.960771876
01/01/2017 08:00,414.771584396
01/01/2017 09:00,414.961048164
01/01/2017 10:00,412.599805566
01/01/2017 11:00,410.030959052
01/01/2017 12:00,411.94877581
01/01/2017 13:00,412.622984644
01/01/2017 14:00,411.215107602
01/01/2017 15:00,409.91808702
01/01/2017 16:00,411.310847272
01/01/2017 17:00,413.539062118
01/01/2017 18:00,414.83104377
01/01/2017 19:00,416.497921814
01/01/2017 20:00,418.441941008
01/01/2017 21:00,416.295356828
01/01/2017 22:00,415.945655086
01/01/2017 23:00,415.533470612
01/02/2017 00:00,416.411252218
01/02/2017 01:00,417.901767712
01/02/2017 02:00,418.270617388
01/02/2017 03:00,419.64826085
01/02/2017 04:00,430.04357344
01/02/2017 05:00,417.946110296
01/02/2017 06:00,422.184858212
01/02/2017 07:00,426.087005604
01/02/2017 08:00,429.417738334
01/02/2017 09:00,425.047978238
01/02/2017 10:00,415.935577226
01/02/2017 11:00,413.262928754
01/02/2017 12:00,409.438380884
01/02/2017 13:00,409.93320381
01/02/2017 14:00,410.68904331
01/02/2017 15:00,412.72980996
01/02/2017 16:00,416.064573834
01/02/2017 17:00,423.279313808
01/02/2017 18:00,428.92996991
01/02/2017 19:00,444.382352648
01/02/2017 20:00,466.086031944
01/02/2017 21:00,453.154121992
01/02/2017 22:00,418.588069978
01/02/2017 23:00,419.889121704
01/03/2017 00:00,429.928685836
01/03/2017 01:00,425.1658892
01/03/2017 02:00,434.631015312
01/03/2017 03:00,434.881954026
01/03/2017 04:00,440.308881636
01/03/2017 05:00,455.037674026
01/03/2017 06:00,450.092468124
01/03/2017 07:00,449.85160727
01/03/2017 08:00,442.314375776
01/03/2017 09:00,415.58688327
01/03/2017 10:00,427.890942544
01/03/2017 11:00,420.371851198
01/03/2017 12:00,421.710191006
01/03/2017 13:00,420.789074602
01/03/2017 14:00,414.275753684
01/03/2017 15:00,412.126146146
01/03/2017 16:00,415.626186924
01/03/2017 17:00,414.781662256
01/03/2017 18:00,411.538606908
01/03/2017 19:00,411.423719304
01/03/2017 20:00,411.713961672
01/03/2017 21:00,411.796600124
01/03/2017 22:00,411.769389902
01/03/2017 23:00,411.70186824
01/04/2017 00:00,411.962884814
01/04/2017 01:00,412.057616698
01/04/2017 02:00,411.897378724
01/04/2017 03:00,412.096920352
01/04/2017 04:00,412.562517484
01/04/2017 05:00,416.830491194
01/04/2017 06:00,426.407481552
01/04/2017 07:00,431.68626462
01/04/2017 08:00,426.463917568
01/04/2017 09:00,424.539046308
01/04/2017 10:00,420.029203958
01/04/2017 11:00,420.206574294
01/04/2017 12:00,423.290399454
01/04/2017 13:00,427.859701178
01/04/2017 14:00,421.612435764
01/04/2017 15:00,421.760580306
01/04/2017 16:00,418.099293768
01/04/2017 17:00,422.543630028
01/04/2017 18:00,423.879954264
01/04/2017 19:00,427.945362988
01/04/2017 20:00,428.336383956
01/04/2017 21:00,431.15213804
01/04/2017 22:00,432.758548924
01/04/2017 23:00,430.029464436
01/05/2017 00:00,419.828654544
01/05/2017 01:00,418.693887508
01/05/2017 02:00,423.584672966
01/05/2017 03:00,421.489485872
01/05/2017 04:00,425.641564192
01/05/2017 05:00,433.581910086
01/05/2017 06:00,432.223414558
01/05/2017 07:00,436.185021324
01/05/2017 08:00,425.922736486
01/05/2017 09:00,419.575700258
01/05/2017 10:00,416.558388974
01/05/2017 11:00,414.591190702
01/05/2017 12:00,413.573326842
01/05/2017 13:00,414.180014014
01/05/2017 14:00,415.181753298
01/05/2017 15:00,416.775062964
01/05/2017 16:00,421.42196421
01/05/2017 17:00,439.115663012
01/05/2017 18:00,463.705641412
01/05/2017 19:00,462.326990164
01/05/2017 20:00,457.693190136
01/05/2017 21:00,450.216425802
01/05/2017 22:00,437.850891582
01/05/2017 23:00,469.83600365
01/06/2017 00:00,447.051977762
01/06/2017 01:00,426.202900994
01/06/2017 02:00,425.15077241
01/06/2017 03:00,426.660435838
01/06/2017 04:00,426.62213997
01/06/2017 05:00,426.492135576
01/06/2017 06:00,430.309628944
01/06/2017 07:00,437.245212196
01/06/2017 08:00,431.259971142
01/06/2017 09:00,421.367543766
01/06/2017 10:00,419.63818299
01/06/2017 11:00,418.53465732
01/06/2017 12:00,420.507902308
01/06/2017 13:00,418.853117696
01/06/2017 14:00,419.38119756
01/06/2017 15:00,421.474369082
01/06/2017 16:00,425.00464344
01/06/2017 17:00,432.934911474
01/06/2017 18:00,426.882148758
01/06/2017 19:00,424.216554788
01/06/2017 20:00,430.115126246
01/06/2017 21:00,431.03624265
01/06/2017 22:00,430.368080532
01/06/2017 23:00,433.503302778
01/07/2017 00:00,431.643937608
01/07/2017 01:00,431.816269014
01/07/2017 02:00,434.34681966
01/07/2017 03:00,434.61892188
01/07/2017 04:00,435.157079604
01/07/2017 05:00,434.096888732
01/07/2017 06:00,445.153308938
01/07/2017 07:00,450.319219974
01/07/2017 08:00,460.905004118
01/07/2017 09:00,414.272730326
01/07/2017 10:00,410.110574146
01/07/2017 11:00,409.72660768
01/07/2017 12:00,409.406131732
01/07/2017 13:00,410.232516252
01/07/2017 14:00,410.232516252
01/07/2017 15:00,411.34410421
01/07/2017 16:00,413.184321446
01/07/2017 17:00,414.864300708
01/07/2017 18:00,416.017207892
01/07/2017 19:00,422.607120546
01/07/2017 20:00,446.340480846
01/07/2017 21:00,457.380776476
01/07/2017 22:00,446.20342195
01/07/2017 23:00,430.429555478
01/08/2017 00:00,436.672789748
01/08/2017 01:00,429.759377788
01/08/2017 02:00,422.396493272
01/08/2017 03:00,414.886472
01/08/2017 04:00,419.906254066
01/08/2017 05:00,408.593856216
01/08/2017 06:00,408.050659562
01/08/2017 07:00,408.531373484
01/08/2017 08:00,409.114881578
01/08/2017 09:00,409.456521032
01/08/2017 10:00,409.309384276
01/08/2017 11:00,409.22271468
01/08/2017 12:00,408.229037684
01/08/2017 13:00,408.212913108
01/08/2017 14:00,408.578739426
01/08/2017 15:00,409.20255896
01/08/2017 16:00,409.624821294
01/08/2017 17:00,410.272827692
01/08/2017 18:00,411.26852026
01/08/2017 19:00,411.64644001
01/08/2017 20:00,410.884553794
01/08/2017 21:00,412.132192862
01/08/2017 22:00,412.652210438
01/08/2017 23:00,412.978733102
01/09/2017 00:00,413.55115555
01/09/2017 01:00,409.990647612
01/09/2017 02:00,412.787253762
01/09/2017 03:00,410.924865234
01/09/2017 04:00,411.871176288
01/09/2017 05:00,411.745203038
01/09/2017 06:00,413.390917576
01/09/2017 07:00,417.292057182
01/09/2017 08:00,416.872818206
01/09/2017 09:00,415.308734334
01/09/2017 10:00,410.811993202
01/09/2017 11:00,410.707183458
01/09/2017 12:00,410.904709514
01/09/2017 13:00,410.231508466
01/09/2017 14:00,412.097928138
01/09/2017 15:00,411.937690164
01/09/2017 16:00,412.767098042
01/09/2017 17:00,413.29920905
01/09/2017 18:00,413.965355596
01/09/2017 19:00,414.504521106
01/09/2017 20:00,414.817942552
01/09/2017 21:00,413.3244037
01/09/2017 22:00,412.315609914
01/09/2017 23:00,412.486933534
01/10/2017 00:00,412.05459334
01/10/2017 01:00,411.567832702
01/10/2017 02:00,411.645432224
01/10/2017 03:00,411.86815293
01/10/2017 04:00,412.473832316
01/10/2017 05:00,413.569295698
01/10/2017 06:00,415.029577612
01/10/2017 07:00,415.201909018
01/10/2017 08:00,413.981480172
01/10/2017 09:00,413.78798526
01/10/2017 10:00,410.592295854
01/10/2017 11:00,409.71652982
01/10/2017 12:00,410.70919903
01/10/2017 13:00,410.813000988
01/10/2017 14:00,411.659541228
01/10/2017 15:00,412.376077074
01/10/2017 16:00,411.367283288
01/10/2017 17:00,411.21813096
01/10/2017 18:00,411.569848274
01/10/2017 19:00,411.628299862
01/10/2017 20:00,410.503610686
01/10/2017 21:00,410.582217994
01/10/2017 22:00,410.43205788
01/10/2017 23:00,410.478416036
01/11/2017 00:00,410.508649616
01/11/2017 01:00,409.552260702
01/11/2017 02:00,409.798160486
01/11/2017 03:00,410.34135714
01/11/2017 04:00,411.140531438
01/11/2017 05:00,412.600813352
01/11/2017 06:00,414.554910406
01/11/2017 07:00,414.435991658
01/11/2017 08:00,416.340707198
01/11/2017 09:00,412.54840848
01/11/2017 10:00,413.751704964
01/11/2017 11:00,410.70919903
01/11/2017 12:00,410.382676366
01/11/2017 13:00,409.762887976
01/11/2017 14:00,409.919094806
01/11/2017 15:00,411.171772804
01/11/2017 16:00,413.542085476
01/11/2017 17:00,427.32255124
01/11/2017 18:00,440.20709525
01/11/2017 19:00,450.630625848
01/11/2017 20:00,459.68759863
01/11/2017 21:00,476.669800516
01/11/2017 22:00,462.646458326
01/11/2017 23:00,454.312068106
01/12/2017 00:00,458.688882704
01/12/2017 01:00,468.804030786
01/12/2017 02:00,466.664501108
01/12/2017 03:00,472.056156208
01/12/2017 04:00,470.11818373
01/12/2017 05:00,471.943284176
01/12/2017 06:00,446.333426344
01/12/2017 07:00,425.807848882
01/12/2017 08:00,428.447240416
01/12/2017 09:00,421.64871606
01/12/2017 10:00,415.146480788
01/12/2017 11:00,414.693984874
01/12/2017 12:00,418.562875328
01/12/2017 13:00,419.660354282
01/12/2017 14:00,421.574139896
01/12/2017 15:00,421.286920886
01/12/2017 16:00,425.2162785
01/12/2017 17:00,433.179803472
01/12/2017 18:00,434.697529188
01/12/2017 19:00,439.009845482
01/12/2017 20:00,451.293749036
01/12/2017 21:00,445.219822814
01/12/2017 22:00,462.822820876
01/12/2017 23:00,474.70864896
01/13/2017 00:00,473.175806454
01/13/2017 01:00,463.54741901
01/13/2017 02:00,455.045736314
01/13/2017 03:00,449.803233542
01/13/2017 04:00,464.765832284
01/13/2017 05:00,470.975809616
01/13/2017 06:00,477.448819094
01/13/2017 07:00,514.729846592
01/13/2017 08:00,482.69535301
01/13/2017 09:00,419.244138664
01/13/2017 10:00,417.235621166
01/13/2017 11:00,418.102317126
01/13/2017 12:00,417.94006358
01/13/2017 13:00,415.77836261
01/13/2017 14:00,414.274745898
01/13/2017 15:00,414.391649074
01/13/2017 16:00,417.704241656
01/13/2017 17:00,442.840440068
01/13/2017 18:00,466.579847084
01/13/2017 19:00,466.378289884
01/13/2017 20:00,478.267141326
01/13/2017 21:00,490.590348534
01/13/2017 22:00,481.552523686
01/13/2017 23:00,495.32291159
01/14/2017 00:00,511.78005697
01/14/2017 01:00,521.352008398
01/14/2017 02:00,496.404265968
01/14/2017 03:00,525.267257008
01/14/2017 04:00,527.873391604
01/14/2017 05:00,545.8482627
01/14/2017 06:00,537.460459822
01/14/2017 07:00,547.646152924
01/14/2017 08:00,534.160968458
01/14/2017 09:00,485.618940196
01/14/2017 10:00,438.758906768
01/14/2017 11:00,418.467135658
01/14/2017 12:00,416.117986492
01/14/2017 13:00,417.561136044
01/14/2017 14:00,417.94006358
01/14/2017 15:00,416.318535906
01/14/2017 16:00,417.682070364
01/14/2017 17:00,426.273446014
01/14/2017 18:00,434.23092427
01/14/2017 19:00,448.35000613
01/14/2017 20:00,487.533733596
01/14/2017 21:00,495.72098706
01/14/2017 22:00,518.669282066
01/14/2017 23:00,546.645421426
01/15/2017 00:00,536.816484568
01/15/2017 01:00,499.804535932
01/15/2017 02:00,496.932345832
01/15/2017 03:00,497.052272366
01/15/2017 04:00,531.520569138
01/15/2017 05:00,552.752604586
01/15/2017 06:00,574.35852864
01/15/2017 07:00,599.362707086
01/15/2017 08:00,550.05576925
01/15/2017 09:00,506.464993606
01/15/2017 10:00,473.90242016
01/15/2017 11:00,454.499516302
01/15/2017 12:00,440.949833532
01/15/2017 13:00,422.991087012
01/15/2017 14:00,421.43204207
01/15/2017 15:00,422.295714672
01/15/2017 16:00,424.338496894
01/15/2017 17:00,436.04493907
01/15/2017 18:00,448.41047329
01/15/2017 19:00,470.328811004
01/15/2017 20:00,491.958921922
01/15/2017 21:00,529.302432152
01/15/2017 22:00,561.888184676
01/15/2017 23:00,564.090197086
01/16/2017 00:00,497.956256408
01/16/2017 01:00,434.866837236
01/16/2017 02:00,431.957359054
01/16/2017 03:00,431.497808638
01/16/2017 04:00,428.49662193
01/16/2017 05:00,429.706972916
01/16/2017 06:00,431.989608206
01/16/2017 07:00,441.9959154
01/16/2017 08:00,436.58914351
01/16/2017 09:00,428.685077912
01/16/2017 10:00,422.805654388
01/16/2017 11:00,424.42516649
01/16/2017 12:00,422.024620238
01/16/2017 13:00,421.234516014
01/16/2017 14:00,423.320633034
01/16/2017 15:00,423.584672966
01/16/2017 16:00,425.1658892
01/16/2017 17:00,431.151130254
01/16/2017 18:00,439.236597332
01/16/2017 19:00,444.865082142
01/16/2017 20:00,462.246367284
01/16/2017 21:00,488.144451912
01/16/2017 22:00,499.62111888
01/16/2017 23:00,521.83776125
01/17/2017 00:00,513.40259243
01/17/2017 01:00,536.471821756
01/17/2017 02:00,516.886508632
01/17/2017 03:00,506.006450976
01/17/2017 04:00,515.449405796
01/17/2017 05:00,515.717476872
01/17/2017 06:00,484.866124054
01/17/2017 07:00,476.233429178
01/17/2017 08:00,464.08658452
01/17/2017 09:00,461.081366668
01/17/2017 10:00,452.08385326
01/17/2017 11:00,432.429002902
01/17/2017 12:00,428.56212802
01/17/2017 13:00,424.22864822
01/17/2017 14:00,424.851459968
01/17/2017 15:00,424.506797156
01/17/2017 16:00,428.661898834
01/17/2017 17:00,448.165581292
01/17/2017 18:00,453.51994831
01/17/2017 19:00,439.977320042
01/17/2017 20:00,438.026246346
01/17/2017 21:00,451.204056082
01/17/2017 22:00,466.35914195
01/17/2017 23:00,470.26935163
01/18/2017 00:00,468.997525698
01/18/2017 01:00,476.455142098
01/18/2017 02:00,491.705967636
01/18/2017 03:00,493.909995618
01/18/2017 04:00,482.827372976
01/18/2017 05:00,478.3266007
01/18/2017 06:00,486.225627368
01/18/2017 07:00,480.883353782
01/18/2017 08:00,487.790719026
01/18/2017 09:00,475.639843224
01/18/2017 10:00,503.88405366
01/18/2017 11:00,480.713037948
01/18/2017 12:00,419.075838402
01/18/2017 13:00,429.628365608
01/18/2017 14:00,421.259710664
01/18/2017 15:00,415.718903236
01/18/2017 16:00,416.748860528
01/18/2017 17:00,414.702047162
01/18/2017 18:00,415.043686616
01/18/2017 19:00,414.162881652
01/18/2017 20:00,413.180290302
01/18/2017 21:00,413.170212442
01/18/2017 22:00,413.305255766
01/18/2017 23:00,413.341536062
01/19/2017 00:00,414.65468122
01/19/2017 01:00,415.534478398
01/19/2017 02:00,414.565996052
01/19/2017 03:00,411.694813738
01/19/2017 04:00,413.879693786
01/19/2017 05:00,423.484902152
01/19/2017 06:00,439.312181282
01/19/2017 07:00,428.644766472
01/19/2017 08:00,420.5300736
01/19/2017 09:00,414.104430064
01/19/2017 10:00,413.33952049
01/19/2017 11:00,409.14713073
01/19/2017 12:00,410.009795546
01/19/2017 13:00,410.834164494
01/19/2017 14:00,411.829857062
01/19/2017 15:00,413.15308008
01/19/2017 16:00,412.516159328
01/19/2017 17:00,419.469882728
01/19/2017 18:00,421.746471302
01/19/2017 19:00,420.17230957
01/19/2017 20:00,419.27538003
01/19/2017 21:00,415.22911924
01/19/2017 22:00,413.827288914
01/19/2017 23:00,413.101682994
01/20/2017 00:00,412.121107216
01/20/2017 01:00,411.695821524
01/20/2017 02:00,411.55070034
01/20/2017 03:00,411.156656014
01/20/2017 04:00,412.312586556
01/20/2017 05:00,414.79577126
01/20/2017 06:00,424.625715904
01/20/2017 07:00,427.784117228
01/20/2017 08:00,426.603999822
01/20/2017 09:00,414.76553768
01/20/2017 10:00,413.040208048
01/20/2017 11:00,409.556291846
01/20/2017 12:00,411.055877414
01/20/2017 13:00,410.488493896
01/20/2017 14:00,410.994402468
01/20/2017 15:00,411.960869242
01/20/2017 16:00,413.199438236
01/20/2017 17:00,415.190823372
01/20/2017 18:00,415.0376399
01/20/2017 19:00,415.065857908
01/20/2017 20:00,416.548311114
01/20/2017 21:00,415.492151386
01/20/2017 22:00,414.867324066
01/20/2017 23:00,415.705802018
01/21/2017 00:00,415.434707584
01/21/2017 01:00,414.697008232
01/21/2017 02:00,414.454131806
01/21/2017 03:00,413.352621708
01/21/2017 04:00,415.61207792
01/21/2017 05:00,416.459625946
01/21/2017 06:00,420.360765552
01/21/2017 07:00,427.275185298
01/21/2017 08:00,419.686556718
01/21/2017 09:00,417.328337478
01/21/2017 10:00,410.964168888
01/21/2017 11:00,408.59788736
01/21/2017 12:00,408.783319984
01/21/2017 13:00,408.368112152
01/21/2017 14:00,408.452766176
01/21/2017 15:00,410.26577319
01/21/2017 16:00,411.573879418
01/21/2017 17:00,414.602276348
01/21/2017 18:00,416.717619162
01/21/2017 19:00,419.059713826
01/21/2017 20:00,425.356360754
01/21/2017 21:00,411.867145144
01/21/2017 22:00,411.489225394
01/21/2017 23:00,411.456976242
01/22/2017 00:00,411.324956276
01/22/2017 01:00,412.64918708
01/22/2017 02:00,411.614190858
01/22/2017 03:00,410.826102206
01/22/2017 04:00,411.735125178
01/22/2017 05:00,410.926880806
01/22/2017 06:00,411.296738268
01/22/2017 07:00,412.559494126
01/22/2017 08:00,414.857246206
01/22/2017 09:00,414.802825762
01/22/2017 10:00,411.729078462
01/22/2017 11:00,408.24516226
01/22/2017 12:00,408.40640802
01/22/2017 13:00,409.483731254
01/22/2017 14:00,410.041036912
01/22/2017 15:00,410.878507078
01/22/2017 16:00,412.062655628
01/22/2017 17:00,413.859538066
01/22/2017 18:00,417.35050877
01/22/2017 19:00,420.28316603
01/22/2017 20:00,437.744066266
01/22/2017 21:00,451.825860044
01/22/2017 22:00,418.042857752
01/22/2017 23:00,414.707086092
01/23/2017 00:00,413.970394526
01/23/2017 01:00,414.781662256
01/23/2017 02:00,414.885464214
01/23/2017 03:00,420.315415182
01/23/2017 04:00,420.571392826
01/23/2017 05:00,427.16130548
01/23/2017 06:00,452.826591542
01/23/2017 07:00,452.44665622
01/23/2017 08:00,424.21857036
01/23/2017 09:00,415.497190316
01/23/2017 10:00,412.641124792
01/23/2017 11:00,412.62903136
01/23/2017 12:00,417.151974928
01/23/2017 13:00,412.602828924
01/23/2017 14:00,411.040760624
01/23/2017 15:00,410.358489502
01/23/2017 16:00,414.022799398
01/23/2017 17:00,420.621782126
01/23/2017 18:00,430.105048386
01/23/2017 19:00,427.456586778
01/23/2017 20:00,454.566030178
01/23/2017 21:00,449.059487474
01/23/2017 22:00,464.14705168
01/23/2017 23:00,458.779583444
01/24/2017 00:00,457.20340614
01/24/2017 01:00,452.568598326
01/24/2017 02:00,457.845365822
01/24/2017 03:00,473.41364395
01/24/2017 04:00,470.155471812
01/24/2017 05:00,502.591064222
01/24/2017 06:00,539.329902852
01/24/2017 07:00,572.289543982
01/24/2017 08:00,511.604702206
01/24/2017 09:00,434.792261072
01/24/2017 10:00,427.368909396
01/24/2017 11:00,419.669424356
01/24/2017 12:00,417.41601486
01/24/2017 13:00,414.5841362
01/24/2017 14:00,414.988258386
01/24/2017 15:00,414.012721538
01/24/2017 16:00,416.380010852
01/24/2017 17:00,429.814806018
01/24/2017 18:00,448.528384252
01/24/2017 19:00,454.922786422
01/24/2017 20:00,476.18001652
01/24/2017 21:00,490.872528614
01/24/2017 22:00,513.098241058
01/24/2017 23:00,517.419627426
01/25/2017 00:00,508.941123808
01/25/2017 01:00,507.576581564
01/25/2017 02:00,499.987952984
01/25/2017 03:00,512.342401558
01/25/2017 04:00,523.653791622
01/25/2017 05:00,568.378326516
01/25/2017 06:00,578.950001656
01/25/2017 07:00,610.312301976
01/25/2017 08:00,530.554102364
01/25/2017 09:00,463.674400046
01/25/2017 10:00,437.857946084
01/25/2017 11:00,420.543174818
01/25/2017 12:00,425.113484328
01/25/2017 13:00,415.963795234
01/25/2017 14:00,414.596229632
01/25/2017 15:00,416.38303421
01/25/2017 16:00,416.6500975
01/25/2017 17:00,426.316780812
01/25/2017 18:00,449.999751812
01/25/2017 19:00,458.763458868
01/25/2017 20:00,464.21255777
01/25/2017 21:00,492.609951678
01/25/2017 22:00,456.406247414
01/25/2017 23:00,466.502247562
01/26/2017 00:00,476.383589292
01/26/2017 01:00,488.447795498
01/26/2017 02:00,500.545258642
01/26/2017 03:00,485.136210702
01/26/2017 04:00,511.871765496
01/26/2017 05:00,516.477347516
01/26/2017 06:00,499.544527144
01/26/2017 07:00,520.55787303
01/26/2017 08:00,506.749189258
01/26/2017 09:00,459.618061396
01/26/2017 10:00,NaN
01/26/2017 11:00,NaN
01/26/2017 12:00,NaN
01/26/2017 13:00,NaN
01/26/2017 14:00,NaN
01/26/2017 15:00,NaN
01/26/2017 16:00,NaN
01/26/2017 17:00,NaN
01/26/2017 18:00,NaN
01/26/2017 19:00,NaN
01/26/2017 20:00,NaN
01/26/2017 21:00,NaN
01/26/2017 22:00,NaN
01/26/2017 23:00,NaN
01/27/2017 00:00,NaN
01/27/2017 01:00,NaN
01/27/2017 02:00,NaN
01/27/2017 03:00,NaN
01/27/2017 04:00,NaN
01/27/2017 05:00,NaN
01/27/2017 06:00,NaN
01/27/2017 07:00,505.609383292
01/27/2017 08:00,463.43152362
01/27/2017 09:00,421.644684916
01/27/2017 10:00,420.331539758
01/27/2017 11:00,416.659167574
01/27/2017 12:00,416.913129646
01/27/2017 13:00,413.739611532
01/27/2017 14:00,413.229671816
01/27/2017 15:00,413.90388065
01/27/2017 16:00,416.785140824
01/27/2017 17:00,429.607202102
01/27/2017 18:00,446.567232696
01/27/2017 19:00,455.658470202
01/27/2017 20:00,471.138063162
01/27/2017 21:00,497.236697204
01/27/2017 22:00,494.391717326
01/27/2017 23:00,495.76633743
01/28/2017 00:00,506.345067072
01/28/2017 01:00,492.36505968
01/28/2017 02:00,470.99999648
01/28/2017 03:00,495.082050736
01/28/2017 04:00,509.822936558
01/28/2017 05:00,498.31099708
01/28/2017 06:00,489.173401418
01/28/2017 07:00,518.776107382
01/28/2017 08:00,494.987318852
01/28/2017 09:00,432.103488024
01/28/2017 10:00,422.629291838
01/28/2017 11:00,418.409691856
01/28/2017 12:00,417.554081542
01/28/2017 13:00,418.95288851
01/28/2017 14:00,420.71147508
01/28/2017 15:00,420.21262101
01/28/2017 16:00,422.234239726
01/28/2017 17:00,431.220667488
01/28/2017 18:00,441.422485166
01/28/2017 19:00,468.471461406
01/28/2017 20:00,501.527849992
01/28/2017 21:00,528.722955202
01/28/2017 22:00,555.0695046
01/28/2017 23:00,563.35350552
01/29/2017 00:00,554.940507992
01/29/2017 01:00,570.87662801
01/29/2017 02:00,545.649728858
01/29/2017 03:00,554.85283061
01/29/2017 04:00,527.334226094
01/29/2017 05:00,537.133937158
01/29/2017 06:00,555.609677896
01/29/2017 07:00,575.709969666
01/29/2017 08:00,529.010174212
01/29/2017 09:00,484.6252632
01/29/2017 10:00,419.447711436
01/29/2017 11:00,418.115418344
01/29/2017 12:00,417.528886892
01/29/2017 13:00,417.100577842
01/29/2017 14:00,415.008414106
01/29/2017 15:00,415.352069132
01/29/2017 16:00,414.581112842
01/29/2017 17:00,422.52045095
01/29/2017 18:00,428.82415238
01/29/2017 19:00,426.770284512
01/29/2017 20:00,437.300640426
01/29/2017 21:00,476.330176634
01/29/2017 22:00,506.891287084
01/29/2017 23:00,528.46899313
01/30/2017 00:00,551.423334852
01/30/2017 01:00,558.70257313
01/30/2017 02:00,543.0264619
01/30/2017 03:00,537.782951342
01/30/2017 04:00,550.192828146
01/30/2017 05:00,571.005624618
01/30/2017 06:00,593.15877647
01/30/2017 07:00,629.138752242
01/30/2017 08:00,563.990426272
01/30/2017 09:00,486.408036634
01/30/2017 10:00,441.056658848
01/30/2017 11:00,417.777810034
01/30/2017 12:00,418.636443706
01/30/2017 13:00,421.886553556
01/30/2017 14:00,421.989347728
01/30/2017 15:00,424.881693548
01/30/2017 16:00,433.191896904
01/30/2017 17:00,445.03439019
01/30/2017 18:00,453.838408686
01/30/2017 19:00,483.019860102
01/30/2017 20:00,519.885679768
01/30/2017 21:00,552.643763698
01/30/2017 22:00,585.719300218
01/30/2017 23:00,546.998146526
01/31/2017 00:00,547.965621086
01/31/2017 01:00,562.805269936
01/31/2017 02:00,545.153898146
01/31/2017 03:00,540.523121476
01/31/2017 04:00,556.819021096
01/31/2017 05:00,560.52666579
01/31/2017 06:00,573.12902972
01/31/2017 07:00,608.111297352
01/31/2017 08:00,591.381041966
01/31/2017 09:00,539.847904856
01/31/2017 10:00,476.856240926
01/31/2017 11:00,454.23043744
01/31/2017 12:00,421.423979782
01/31/2017 13:00,425.307987026
01/31/2017 14:00,430.610956958
01/31/2017 15:00,428.406928976
01/31/2017 16:00,429.98814521
01/31/2017 17:00,437.698715896
01/31/2017 18:00,445.250056394
01/31/2017 19:00,457.967307928
01/31/2017 20:00,486.236713014
01/31/2017 21:00,522.833453818
01/31/2017 22:00,521.207895
01/31/2017 23:00,535.759317054
02/01/2017 00:00,532.270361922
02/01/2017 01:00,530.354560736
02/01/2017 02:00,522.663137984
02/01/2017 03:00,508.359631286
02/01/2017 04:00,513.147622572
02/01/2017 05:00,527.77362079
02/01/2017 06:00,538.75848819
02/01/2017 07:00,566.152127242
02/01/2017 08:00,548.662001212
02/01/2017 09:00,510.642266576
02/01/2017 10:00,511.908045792
02/01/2017 11:00,496.513106856
02/01/2017 12:00,489.945365494
02/01/2017 13:00,478.982669386
02/01/2017 14:00,473.624271224
02/01/2017 15:00,461.720302992
02/01/2017 16:00,471.067518142
02/01/2017 17:00,465.54787422
02/01/2017 18:00,464.73156756
02/01/2017 19:00,469.401647884
02/01/2017 20:00,460.492819644
02/01/2017 21:00,464.909945682
02/01/2017 22:00,478.937319016
02/01/2017 23:00,471.056432496
02/02/2017 00:00,478.238923318
02/02/2017 01:00,481.111113418
02/02/2017 02:00,481.431589366
02/02/2017 03:00,452.138273704
02/02/2017 04:00,447.611298992
02/02/2017 05:00,432.148838394
02/02/2017 06:00,412.586704348
02/02/2017 07:00,413.311302482
02/02/2017 08:00,413.222617314
02/02/2017 09:00,431.09167088
02/02/2017 10:00,412.058624484
02/02/2017 11:00,411.55573927
02/02/2017 12:00,411.946760238
02/02/2017 13:00,410.662840874
02/02/2017 14:00,409.639938084
02/02/2017 15:00,409.931188238
02/02/2017 16:00,411.749234182
02/02/2017 17:00,415.688669656
02/02/2017 18:00,423.968639432
02/02/2017 19:00,426.452831922
02/02/2017 20:00,439.331329216
02/02/2017 21:00,467.808338218
02/02/2017 22:00,481.258250174
02/02/2017 23:00,487.209226504
02/03/2017 00:00,483.95508551
02/03/2017 01:00,467.313515292
02/03/2017 02:00,429.742245426
02/03/2017 03:00,417.913861144
02/03/2017 04:00,417.578268406
02/03/2017 05:00,414.403742506
02/03/2017 06:00,415.222064738
02/03/2017 07:00,414.257613536
02/03/2017 08:00,411.946760238
02/03/2017 09:00,410.378645222
02/03/2017 10:00,410.340349354
02/03/2017 11:00,410.977270106
02/03/2017 12:00,409.710483104
02/03/2017 13:00,409.959406246
02/03/2017 14:00,410.842226782
02/03/2017 15:00,410.924865234
02/03/2017 16:00,413.488672818
02/03/2017 17:00,414.166912796
02/03/2017 18:00,415.16865208
02/03/2017 19:00,421.988339942
02/03/2017 20:00,420.553252678
02/03/2017 21:00,422.856043688
02/03/2017 22:00,428.807020018
02/03/2017 23:00,426.668498126
02/04/2017 00:00,417.625634348
02/04/2017 01:00,415.157566434
02/04/2017 02:00,414.873370782
02/04/2017 03:00,415.313773264
02/04/2017 04:00,420.66612471
02/04/2017 05:00,420.317430754
02/04/2017 06:00,419.548490036
02/04/2017 07:00,417.570206118
02/04/2017 08:00,413.648910792
02/04/2017 09:00,412.043507694
02/04/2017 10:00,410.168017948
02/04/2017 11:00,410.666872018
02/04/2017 12:00,409.343649
02/04/2017 13:00,408.70370489
02/04/2017 14:00,410.977270106
02/04/2017 15:00,411.10223557
02/04/2017 16:00,410.78478298
02/04/2017 17:00,418.62535806
02/04/2017 18:00,424.06236353
02/04/2017 19:00,446.367691068
02/04/2017 20:00,469.073109648
02/04/2017 21:00,489.319530388
02/04/2017 22:00,467.646084672
02/04/2017 23:00,456.470745718
02/05/2017 00:00,482.880785634
02/05/2017 01:00,491.535651802
02/05/2017 02:00,494.221401492
02/05/2017 03:00,494.52172172
02/05/2017 04:00,506.138470942
02/05/2017 05:00,496.257129212
02/05/2017 06:00,500.59363237
02/05/2017 07:00,485.433507572
02/05/2017 08:00,484.263468026
02/05/2017 09:00,466.059829508
02/05/2017 10:00,448.482026096
02/05/2017 11:00,437.05272507
02/05/2017 12:00,416.969565662
02/05/2017 13:00,410.51771969
02/05/2017 14:00,410.111581932
02/05/2017 15:00,410.640669582
02/05/2017 16:00,411.053861842
02/05/2017 17:00,411.981024962
02/05/2017 18:00,413.07749613
02/05/2017 19:00,413.30928691
02/05/2017 20:00,412.778183688
02/05/2017 21:00,412.559494126
02/05/2017 22:00,413.081527274
02/05/2017 23:00,414.425913798
02/06/2017 00:00,413.464485954
02/06/2017 01:00,413.811164338
02/06/2017 02:00,414.07016534
02/06/2017 03:00,414.194123018
02/06/2017 04:00,415.366178136
02/06/2017 05:00,416.971581234
02/06/2017 06:00,428.97532028
02/06/2017 07:00,424.300201026
02/06/2017 08:00,423.211792146
02/06/2017 09:00,416.58963034
02/06/2017 10:00,411.771405474
02/06/2017 11:00,410.184142524
02/06/2017 12:00,410.591288068
02/06/2017 13:00,410.644700726
02/06/2017 14:00,411.119367932
02/06/2017 15:00,411.28867598
02/06/2017 16:00,411.97397046
02/06/2017 17:00,415.9950366
02/06/2017 18:00,417.455318514
02/06/2017 19:00,432.55799951
02/06/2017 20:00,450.145880782
02/06/2017 21:00,432.9258414
02/06/2017 22:00,418.717066586
02/06/2017 23:00,411.88830865
02/07/2017 00:00,411.712953886
02/07/2017 01:00,412.045523266
02/07/2017 02:00,411.645432224
02/07/2017 03:00,411.108282286
02/07/2017 04:00,410.730362536
02/07/2017 05:00,410.829125564
02/07/2017 06:00,410.268796548
02/07/2017 07:00,410.965176674
02/07/2017 08:00,410.952075456
02/07/2017 09:00,409.744747828
02/07/2017 10:00,410.757572758
02/07/2017 11:00,411.289683766
02/07/2017 12:00,410.355466144
02/07/2017 13:00,409.331555568
02/07/2017 14:00,407.838016716
02/07/2017 15:00,409.614743434
02/07/2017 16:00,419.850825836
02/07/2017 17:00,420.74170866
02/07/2017 18:00,433.105227308
02/07/2017 19:00,453.717474366
02/07/2017 20:00,462.996160068
02/07/2017 21:00,471.46861697
02/07/2017 22:00,484.601076336
02/07/2017 23:00,477.451842452
02/08/2017 00:00,490.681049274
02/08/2017 01:00,482.437359794
02/08/2017 02:00,472.560049208
02/08/2017 03:00,474.539340912
02/08/2017 04:00,480.423803366
02/08/2017 05:00,473.866139864
02/08/2017 06:00,482.969470802
02/08/2017 07:00,417.452295156
02/08/2017 08:00,413.266959898
02/08/2017 09:00,410.82509442
02/08/2017 10:00,409.617766792
02/08/2017 11:00,408.228029898
02/08/2017 12:00,406.497661336
02/08/2017 13:00,407.228306186
02/08/2017 14:00,410.184142524
02/08/2017 15:00,412.763066898
02/08/2017 16:00,415.5919222
02/08/2017 17:00,412.782214832
02/08/2017 18:00,413.89380279
02/08/2017 19:00,415.099114846
02/08/2017 20:00,416.643042998
02/08/2017 21:00,421.823063038
02/08/2017 22:00,418.92769386
02/08/2017 23:00,419.998970378
02/09/2017 00:00,417.82920712
02/09/2017 01:00,429.057958732
02/09/2017 02:00,432.484431132
02/09/2017 03:00,412.826557416
02/09/2017 04:00,414.660727936
02/09/2017 05:00,416.920184148
02/09/2017 06:00,418.411707428
02/09/2017 07:00,416.081706196
02/09/2017 08:00,412.413365156
02/09/2017 09:00,408.04864399
02/09/2017 10:00,407.50947848
02/09/2017 11:00,409.143099586
02/09/2017 12:00,409.366828078
02/09/2017 13:00,409.810253918
02/09/2017 14:00,409.904985802
02/09/2017 15:00,414.180014014
02/09/2017 16:00,411.685743664
02/09/2017 17:00,416.148220072
02/09/2017 18:00,419.200803866
02/09/2017 19:00,421.213352508
02/09/2017 20:00,419.76415624
02/09/2017 21:00,417.791919038
02/09/2017 22:00,416.398151
02/09/2017 23:00,415.72293438
02/10/2017 00:00,422.240286442
02/10/2017 01:00,417.014916032
02/10/2017 02:00,417.709280586
02/10/2017 03:00,422.18788157
02/10/2017 04:00,424.901849268
02/10/2017 05:00,434.574579296
02/10/2017 06:00,435.089557942
02/10/2017 07:00,424.393925124
02/10/2017 08:00,423.177527422
02/10/2017 09:00,416.341714984
02/10/2017 10:00,412.048546624
02/10/2017 11:00,415.079966912
02/10/2017 12:00,414.447077304
02/10/2017 13:00,413.673097656
02/10/2017 14:00,412.330726704
02/10/2017 15:00,412.17048873
02/10/2017 16:00,412.607867854
02/10/2017 17:00,416.268146606
02/10/2017 18:00,419.705704652
02/10/2017 19:00,421.007764164
02/10/2017 20:00,425.229379718
02/10/2017 21:00,420.896907704
02/10/2017 22:00,420.420224926
02/10/2017 23:00,419.617019484
02/11/2017 00:00,431.220667488
02/11/2017 01:00,428.51173872
02/11/2017 02:00,425.729241574
02/11/2017 03:00,431.869681672
02/11/2017 04:00,442.58547021
02/11/2017 05:00,447.96704745
02/11/2017 06:00,443.61341193
02/11/2017 07:00,454.841155756
02/11/2017 08:00,438.667198242
02/11/2017 09:00,423.767082232
02/11/2017 10:00,419.360034054
02/11/2017 11:00,418.719082158
02/11/2017 12:00,415.310749906
02/11/2017 13:00,413.932098658
02/11/2017 14:00,413.599529278
02/11/2017 15:00,412.040484336
02/11/2017 16:00,412.076764632
02/11/2017 17:00,418.497369238
02/11/2017 18:00,433.134453102
02/11/2017 19:00,443.902646512
02/11/2017 20:00,459.034553302
02/11/2017 21:00,471.73568026
02/11/2017 22:00,496.766061142
02/11/2017 23:00,492.92438091
02/12/2017 00:00,483.836166762
02/12/2017 01:00,487.153798274
02/12/2017 02:00,469.315986074
02/12/2017 03:00,461.0934601
02/12/2017 04:00,458.879354258
02/12/2017 05:00,437.023499276
02/12/2017 06:00,420.658062422
02/12/2017 07:00,426.30972631
02/12/2017 08:00,419.657330924
02/12/2017 09:00,413.513867468
02/12/2017 10:00,412.60383671
02/12/2017 11:00,411.433797164
02/12/2017 12:00,408.6381988
02/12/2017 13:00,410.762611688
02/12/2017 14:00,NaN
02/12/2017 15:00,NaN
02/12/2017 16:00,NaN
02/12/2017 17:00,NaN
02/12/2017 18:00,NaN
02/12/2017 19:00,NaN
02/12/2017 20:00,NaN
02/12/2017 21:00,NaN
02/12/2017 22:00,NaN
02/12/2017 23:00,NaN
02/13/2017 00:00,NaN
02/13/2017 01:00,NaN
02/13/2017 02:00,NaN
02/13/2017 03:00,NaN
02/13/2017 04:00,NaN
02/13/2017 05:00,NaN
02/13/2017 06:00,NaN
02/13/2017 07:00,NaN
02/13/2017 08:00,NaN
02/13/2017 09:00,NaN
02/13/2017 10:00,NaN
02/13/2017 11:00,NaN
02/13/2017 12:00,NaN
02/13/2017 13:00,NaN
02/13/2017 14:00,NaN
02/13/2017 15:00,NaN
02/13/2017 16:00,NaN
02/13/2017 17:00,NaN
02/13/2017 18:00,NaN
02/13/2017 19:00,NaN
02/13/2017 20:00,NaN
02/13/2017 21:00,NaN
02/13/2017 22:00,NaN
02/13/2017 23:00,NaN
02/14/2017 00:00,NaN
02/14/2017 01:00,NaN
02/14/2017 02:00,NaN
02/14/2017 03:00,NaN
02/14/2017 04:00,NaN
02/14/2017 05:00,NaN
02/14/2017 06:00,NaN
02/14/2017 07:00,NaN
02/14/2017 08:00,NaN
02/14/2017 09:00,NaN
02/14/2017 10:00,NaN
02/14/2017 11:00,NaN
02/14/2017 12:00,NaN
02/14/2017 13:00,NaN
02/14/2017 14:00,NaN
02/14/2017 15:00,NaN
02/14/2017 16:00,NaN
02/14/2017 17:00,NaN
02/14/2017 18:00,NaN
02/14/2017 19:00,NaN
02/14/2017 20:00,NaN
02/14/2017 21:00,NaN
02/14/2017 22:00,NaN
02/14/2017 23:00,NaN
02/15/2017 00:00,NaN
02/15/2017 01:00,NaN
02/15/2017 02:00,NaN
02/15/2017 03:00,NaN
02/15/2017 04:00,NaN
02/15/2017 05:00,NaN
02/15/2017 06:00,NaN
02/15/2017 07:00,NaN
02/15/2017 08:00,NaN
02/15/2017 09:00,NaN
02/15/2017 10:00,NaN
02/15/2017 11:00,NaN
02/15/2017 12:00,NaN
02/15/2017 13:00,NaN
02/15/2017 14:00,NaN
02/15/2017 15:00,NaN
02/15/2017 16:00,NaN
02/15/2017 17:00,NaN
02/15/2017 18:00,NaN
02/15/2017 19:00,NaN
02/15/2017 20:00,NaN
02/15/2017 21:00,NaN
02/15/2017 22:00,NaN
02/15/2017 23:00,NaN
02/16/2017 00:00,NaN
02/16/2017 01:00,NaN
02/16/2017 02:00,NaN
02/16/2017 03:00,NaN
02/16/2017 04:00,NaN
02/16/2017 05:00,NaN
02/16/2017 06:00,NaN
02/16/2017 07:00,NaN
02/16/2017 08:00,NaN
02/16/2017 09:00,NaN
02/16/2017 10:00,NaN
02/16/2017 11:00,NaN
02/16/2017 12:00,NaN
02/16/2017 13:00,NaN
02/16/2017 14:00,409.951343958
02/16/2017 15:00,410.08941064
02/16/2017 16:00,413.149048936
02/16/2017 17:00,417.690132652
02/16/2017 18:00,424.549124168
02/16/2017 19:00,452.252153522
02/16/2017 20:00,452.528286886
02/16/2017 21:00,471.135039804
02/16/2017 22:00,480.27162768
02/16/2017 23:00,475.916984374
02/17/2017 00:00,475.446348312
02/17/2017 01:00,472.105537722
02/17/2017 02:00,444.811669484
02/17/2017 03:00,431.773942002
02/17/2017 04:00,436.835043294
02/17/2017 05:00,431.183379406
02/17/2017 06:00,427.215725924
02/17/2017 07:00,420.680233714
02/17/2017 08:00,417.261823602
02/17/2017 09:00,414.863292922
02/17/2017 10:00,414.077219842
02/17/2017 11:00,417.891689852
02/17/2017 12:00,414.530723542
02/17/2017 13:00,413.49068839
02/17/2017 14:00,412.403287296
02/17/2017 15:00,414.228387742
02/17/2017 16:00,420.492785518
02/17/2017 17:00,422.614175048
02/17/2017 18:00,427.975596568
02/17/2017 19:00,426.00739051
02/17/2017 20:00,414.824997054
02/17/2017 21:00,416.044418114
02/17/2017 22:00,422.372306408
02/17/2017 23:00,425.364423042
02/18/2017 00:00,429.02570958
02/18/2017 01:00,435.69221397
02/18/2017 02:00,441.72381318
02/18/2017 03:00,441.737922184
02/18/2017 04:00,437.327850648
02/18/2017 05:00,432.808938224
02/18/2017 06:00,417.93502465
02/18/2017 07:00,417.20941873
02/18/2017 08:00,416.681338866
02/18/2017 09:00,419.74400052
02/18/2017 10:00,415.714872092
02/18/2017 11:00,415.392380572
02/18/2017 12:00,413.1228465
02/18/2017 13:00,412.008235184
02/18/2017 14:00,410.273835478
02/18/2017 15:00,410.758580544
02/18/2017 16:00,411.784506692
02/18/2017 17:00,412.388170506
02/18/2017 18:00,413.031137974
02/18/2017 19:00,413.028114616
02/18/2017 20:00,413.36975407
02/18/2017 21:00,413.878686
02/18/2017 22:00,415.464941164
02/18/2017 23:00,416.502960744
02/19/2017 00:00,416.68537001
02/19/2017 01:00,417.236628952
02/19/2017 02:00,418.206119084
02/19/2017 03:00,418.243407166
02/19/2017 04:00,422.83286461
02/19/2017 05:00,428.684070126
02/19/2017 06:00,437.383278878
02/19/2017 07:00,440.179885028
02/19/2017 08:00,434.950483474
02/19/2017 09:00,423.69452164
02/19/2017 10:00,415.001359604
02/19/2017 11:00,408.526334554
02/19/2017 12:00,409.767926906
02/19/2017 13:00,412.868884428
02/19/2017 14:00,414.7353041
02/19/2017 15:00,409.658078232
02/19/2017 16:00,413.014005612
02/19/2017 17:00,419.34088612
02/19/2017 18:00,421.37157491
02/19/2017 19:00,430.031480008
02/19/2017 20:00,430.217920418
02/19/2017 21:00,436.290838854
02/19/2017 22:00,413.715424668
02/19/2017 23:00,413.881709358
02/20/2017 00:00,418.107356056
02/20/2017 01:00,418.89242135
02/20/2017 02:00,419.302590252
02/20/2017 03:00,422.114313192
02/20/2017 04:00,425.79575545
02/20/2017 05:00,415.296640902
02/20/2017 06:00,415.812627334
02/20/2017 07:00,416.071628336
02/20/2017 08:00,417.63268885
02/20/2017 09:00,416.909098502
02/20/2017 10:00,415.70781759
02/20/2017 11:00,414.116523496
02/20/2017 12:00,412.365999214
02/20/2017 13:00,410.634622866
02/20/2017 14:00,412.302508696
02/20/2017 15:00,416.285278968
02/20/2017 16:00,422.961861218
02/20/2017 17:00,416.265123248
02/20/2017 18:00,413.489680604
02/20/2017 19:00,413.768837326
02/20/2017 20:00,412.93640609
02/20/2017 21:00,412.943460592
02/20/2017 22:00,412.34181235
02/20/2017 23:00,411.810709128
02/21/2017 00:00,411.835903778
02/21/2017 01:00,412.633062504
02/21/2017 02:00,413.578365772
02/21/2017 03:00,414.530723542
02/21/2017 04:00,413.926051942
02/21/2017 05:00,414.41785151
02/21/2017 06:00,414.403742506
02/21/2017 07:00,430.993915638
02/21/2017 08:00,420.81225368
02/21/2017 09:00,416.682346652
02/21/2017 10:00,412.424450802
02/21/2017 11:00,411.259450186
02/21/2017 12:00,409.12193608
02/21/2017 13:00,409.551252916
02/21/2017 14:00,410.659817516
02/21/2017 15:00,413.366730712
02/21/2017 16:00,413.927059728
02/21/2017 17:00,417.266862532
02/21/2017 18:00,421.31110775
02/21/2017 19:00,420.774965598
02/21/2017 20:00,420.622789912
02/21/2017 21:00,418.848078766
02/21/2017 22:00,421.397777346
02/21/2017 23:00,420.602634192
02/22/2017 00:00,421.458244506
02/22/2017 01:00,422.224161866
02/22/2017 02:00,429.946825984
02/22/2017 03:00,439.725373542
02/22/2017 04:00,453.684217428
02/22/2017 05:00,474.439570098
02/22/2017 06:00,480.425818938
02/22/2017 07:00,486.209502792
02/22/2017 08:00,444.111258214
02/22/2017 09:00,419.898191778
02/22/2017 10:00,413.029122402
02/22/2017 11:00,411.120375718
02/22/2017 12:00,411.038745052
02/22/2017 13:00,410.873468148
02/22/2017 14:00,409.960414032
02/22/2017 15:00,410.459268102
02/22/2017 16:00,413.184321446
02/22/2017 17:00,414.670805796
02/22/2017 18:00,417.01290046
02/22/2017 19:00,417.41601486
02/22/2017 20:00,416.676299936
02/22/2017 21:00,417.892697638
02/22/2017 22:00,417.493614382
02/22/2017 23:00,417.94006358
02/23/2017 00:00,420.548213748
02/23/2017 01:00,420.945281432
02/23/2017 02:00,418.30790547
02/23/2017 03:00,421.882522412
02/23/2017 04:00,427.671245196
02/23/2017 05:00,429.666661476
02/23/2017 06:00,437.127301234
02/23/2017 07:00,439.808011994
02/23/2017 08:00,419.694619006
02/23/2017 09:00,414.953993662
02/23/2017 10:00,416.678315508
02/23/2017 11:00,415.018491966
02/23/2017 12:00,412.57864206
02/23/2017 13:00,411.639385508
02/23/2017 14:00,411.103243356
02/23/2017 15:00,412.192660022
02/23/2017 16:00,413.73255703
02/23/2017 17:00,418.117433916
02/23/2017 18:00,419.372127486
02/23/2017 19:00,423.469785362
02/23/2017 20:00,429.594100884
02/23/2017 21:00,447.759443534
02/23/2017 22:00,478.85064942
02/23/2017 23:00,475.762793116
02/24/2017 00:00,459.306655522
02/24/2017 01:00,468.906824958
02/24/2017 02:00,466.105179878
02/24/2017 03:00,480.010611106
02/24/2017 04:00,498.166883682
02/24/2017 05:00,533.208610688
02/24/2017 06:00,541.1116685
02/24/2017 07:00,521.890166122
02/24/2017 08:00,472.378647728
02/24/2017 09:00,431.069499588
02/24/2017 10:00,414.389633502
02/24/2017 11:00,412.193667808
02/24/2017 12:00,413.200446022
02/24/2017 13:00,412.448637666
02/24/2017 14:00,411.8127247
02/24/2017 15:00,410.898662798
02/24/2017 16:00,411.736132964
02/24/2017 17:00,413.468517098
02/24/2017 18:00,417.518809032
02/24/2017 19:00,420.216652154
02/24/2017 20:00,425.375508688
02/24/2017 21:00,425.59419825
02/24/2017 22:00,433.531520786
02/24/2017 23:00,440.908514306
02/25/2017 00:00,465.021809928
02/25/2017 01:00,466.981953698
02/25/2017 02:00,454.15485349
02/25/2017 03:00,461.5973531
02/25/2017 04:00,468.407970888
02/25/2017 05:00,461.41091269
02/25/2017 06:00,459.873031254
02/25/2017 07:00,438.71053304
02/25/2017 08:00,441.105032576
02/25/2017 09:00,429.437894054
02/25/2017 10:00,417.610517558
02/25/2017 11:00,412.167465372
02/25/2017 12:00,412.02435976
02/25/2017 13:00,411.78753005
02/25/2017 14:00,410.954091028
02/25/2017 15:00,411.474108604
02/25/2017 16:00,413.431229016
02/25/2017 17:00,416.476758308
02/25/2017 18:00,417.348493198
02/25/2017 19:00,421.922833852
02/25/2017 20:00,421.320177824
02/25/2017 21:00,417.915876716
02/25/2017 22:00,420.133005916
02/25/2017 23:00,427.29735659
02/26/2017 00:00,432.587225304
02/26/2017 01:00,451.23731302
02/26/2017 02:00,457.477523932
02/26/2017 03:00,455.125351408
02/26/2017 04:00,464.080537804
02/26/2017 05:00,475.719458318
02/26/2017 06:00,475.34355414
02/26/2017 07:00,477.11221857
02/26/2017 08:00,452.68348593
02/26/2017 09:00,434.067662938
02/26/2017 10:00,420.498832234
02/26/2017 11:00,415.247259388
02/26/2017 12:00,415.29462533
02/26/2017 13:00,413.429213444
02/26/2017 14:00,413.255874252
02/26/2017 15:00,411.708922742
02/26/2017 16:00,411.195959668
02/26/2017 17:00,412.75500461
02/26/2017 18:00,416.04038697
02/26/2017 19:00,414.283815972
02/26/2017 20:00,419.520272028
02/26/2017 21:00,420.393014704
02/26/2017 22:00,418.442948794
02/26/2017 23:00,417.454310728
02/27/2017 00:00,420.86264298
02/27/2017 01:00,418.00556967
02/27/2017 02:00,417.504700028
02/27/2017 03:00,416.908090716
02/27/2017 04:00,420.382936844
02/27/2017 05:00,439.424045528
02/27/2017 06:00,445.439520162
02/27/2017 07:00,475.350608642
02/27/2017 08:00,450.792879394
02/27/2017 09:00,425.83102796
02/27/2017 10:00,419.17964036
02/27/2017 11:00,414.084274344
02/27/2017 12:00,413.323395914
02/27/2017 13:00,412.997881036
02/27/2017 14:00,413.01199004
02/27/2017 15:00,412.688490734
02/27/2017 16:00,415.07291241
02/27/2017 17:00,417.280971536
02/27/2017 18:00,418.387520564
02/27/2017 19:00,423.687467138
02/27/2017 20:00,434.152316962
02/27/2017 21:00,441.51217812
02/27/2017 22:00,429.366341248
02/27/2017 23:00,439.01286884
02/28/2017 00:00,454.071207252
02/28/2017 01:00,484.681699216
02/28/2017 02:00,494.660796188
02/28/2017 03:00,458.640508976
02/28/2017 04:00,484.540609176
02/28/2017 05:00,491.041836662
02/28/2017 06:00,514.035482038
02/28/2017 07:00,486.158105706
02/28/2017 08:00,459.482010286
02/28/2017 09:00,431.38392882
02/28/2017 10:00,426.619116612
02/28/2017 11:00,423.254119158
02/28/2017 12:00,417.455318514
02/28/2017 13:00,415.529439468
02/28/2017 14:00,414.189084088
02/28/2017 15:00,413.876670428
02/28/2017 16:00,415.787432684
02/28/2017 17:00,416.44350137
02/28/2017 18:00,420.310376252
02/28/2017 19:00,424.640832694
02/28/2017 20:00,428.608486176
02/28/2017 21:00,456.579586606
02/28/2017 22:00,479.297098618
02/28/2017 23:00,467.480807768
