09/01/2016 00:00,425.247996214
09/01/2016 01:00,442.766019142
09/01/2016 02:00,446.529939778
09/01/2016 03:00,447.276286414
09/01/2016 04:00,459.707685436
09/01/2016 05:00,443.176409206
09/01/2016 06:00,428.410413766
09/01/2016 07:00,416.706250078
09/01/2016 08:00,419.814351298
09/01/2016 09:00,415.036525798
09/01/2016 10:00,NaN
09/01/2016 11:00,411.445612738
09/01/2016 12:00,415.35236521
09/01/2016 13:00,412.61140216
09/01/2016 14:00,411.133796758
09/01/2016 15:00,407.274319612
09/01/2016 16:00,404.922623608
09/01/2016 17:00,404.464958218
09/01/2016 18:00,406.308695932
09/01/2016 19:00,408.093088024
09/01/2016 20:00,409.033565254
09/01/2016 21:00,404.903512306
09/01/2016 22:00,408.028713112
09/01/2016 23:00,411.098591728
09/02/2016 00:00,412.61140216
09/02/2016 01:00,414.68849893
09/02/2016 02:00,440.409293848
09/02/2016 03:00,429.686847568
09/02/2016 04:00,416.908427536
09/02/2016 05:00,413.4462643
09/02/2016 06:00,409.811093488
09/02/2016 07:00,409.346387092
09/02/2016 08:00,409.408750288
09/02/2016 09:00,407.956291336
09/02/2016 10:00,406.88304085
09/02/2016 11:00,403.780974778
09/02/2016 12:00,401.998594402
09/02/2016 13:00,401.38099759
09/02/2016 14:00,403.243846606
09/02/2016 15:00,406.141723504
09/02/2016 16:00,399.217397032
09/02/2016 17:00,399.106752652
09/02/2016 18:00,400.117639942
09/02/2016 19:00,401.901026176
09/02/2016 20:00,402.568915888
09/02/2016 21:00,401.887950022
09/02/2016 22:00,401.811504814
09/02/2016 23:00,401.734053748
09/03/2016 00:00,402.01468813
09/03/2016 01:00,401.952324934
09/03/2016 02:00,401.41117333
09/03/2016 03:00,403.182489268
09/03/2016 04:00,403.182489268
09/03/2016 05:00,409.04563555
09/03/2016 06:00,404.482057804
09/03/2016 07:00,403.851384838
09/03/2016 08:00,403.097997196
09/03/2016 09:00,401.32064611
09/03/2016 10:00,399.114799516
09/03/2016 11:00,398.035513882
09/03/2016 12:00,396.966286828
09/03/2016 13:00,396.17568244
09/03/2016 14:00,396.255145222
09/03/2016 15:00,396.543826468
09/03/2016 16:00,396.242069068
09/03/2016 17:00,397.021609018
09/03/2016 18:00,398.239703056
09/03/2016 19:00,401.14965025
09/03/2016 20:00,401.145626818
09/03/2016 21:00,401.977471384
09/03/2016 22:00,401.535899722
09/03/2016 23:00,403.149295954
09/04/2016 00:00,402.383838016
09/04/2016 01:00,402.69867157
09/04/2016 02:00,405.614653912
09/04/2016 03:00,407.423186596
09/04/2016 04:00,409.449990466
09/04/2016 05:00,408.207755836
09/04/2016 06:00,406.733168008
09/04/2016 07:00,401.75316505
09/04/2016 08:00,398.258814358
09/04/2016 09:00,398.209527316
09/04/2016 10:00,397.63920583
09/04/2016 11:00,395.615419534
09/04/2016 12:00,395.379042904
09/04/2016 13:00,395.397148348
09/04/2016 14:00,395.31064456
09/04/2016 15:00,395.286503968
09/04/2016 16:00,395.136631126
09/04/2016 17:00,397.014568012
09/04/2016 18:00,398.34330643
09/04/2016 19:00,399.252602062
09/04/2016 20:00,399.861146152
09/04/2016 21:00,399.770618932
09/04/2016 22:00,399.47489668
09/04/2016 23:00,399.6660097
09/05/2016 00:00,400.620568942
09/05/2016 01:00,402.221894878
09/05/2016 02:00,408.56282371
09/05/2016 03:00,410.085692722
09/05/2016 04:00,416.751513688
09/05/2016 05:00,416.301895162
09/05/2016 06:00,412.678794646
09/05/2016 07:00,402.350644702
09/05/2016 08:00,401.60228635
09/05/2016 09:00,402.27118192
09/05/2016 10:00,400.932384922
09/05/2016 11:00,400.095511066
09/05/2016 12:00,397.264020796
09/05/2016 13:00,399.351176146
09/05/2016 14:00,400.217219884
09/05/2016 15:00,398.935756792
09/05/2016 16:00,399.140951824
09/05/2016 17:00,401.368927294
09/05/2016 18:00,403.345438264
09/05/2016 19:00,404.51424526
09/05/2016 20:00,409.228701706
09/05/2016 21:00,409.264912594
09/05/2016 22:00,412.751216422
09/05/2016 23:00,418.273376842
09/06/2016 00:00,442.034760376
09/06/2016 01:00,445.675966336
09/06/2016 02:00,447.255163396
09/06/2016 03:00,456.600590074
09/06/2016 04:00,463.713011992
09/06/2016 05:00,444.183273064
09/06/2016 06:00,470.492494912
09/06/2016 07:00,464.275286614
09/06/2016 08:00,427.380415174
09/06/2016 09:00,419.206813066
09/06/2016 10:00,404.17728283
09/06/2016 11:00,401.648555818
09/06/2016 12:00,401.384015164
09/06/2016 13:00,401.854756708
09/06/2016 14:00,403.692459274
09/06/2016 15:00,399.88226917
09/06/2016 16:00,400.4706961
09/06/2016 17:00,402.706718434
09/06/2016 18:00,405.953628058
09/06/2016 19:00,413.504604064
09/06/2016 20:00,424.750096504
09/06/2016 21:00,425.442126808
09/06/2016 22:00,424.01280259
09/06/2016 23:00,425.289236392
09/07/2016 00:00,431.16445297
09/07/2016 01:00,441.296460604
09/07/2016 02:00,443.27498329
09/07/2016 03:00,444.403555966
09/07/2016 04:00,456.269662792
09/07/2016 05:00,444.888379522
09/07/2016 06:00,457.99571512
09/07/2016 07:00,444.762647272
09/07/2016 08:00,434.311782652
09/07/2016 09:00,420.043686922
09/07/2016 10:00,411.368161672
09/07/2016 11:00,409.33733437
09/07/2016 12:00,410.82600421
09/07/2016 13:00,409.813105204
09/07/2016 14:00,404.726481298
09/07/2016 15:00,401.816534104
09/07/2016 16:00,401.88392659
09/07/2016 17:00,403.086932758
09/07/2016 18:00,403.535545426
09/07/2016 19:00,404.432770762
09/07/2016 20:00,405.326978524
09/07/2016 21:00,405.73636273
09/07/2016 22:00,406.64666422
09/07/2016 23:00,404.993033668
09/08/2016 00:00,403.097997196
09/08/2016 01:00,402.46732423
09/08/2016 02:00,402.337568548
09/08/2016 03:00,403.73470531
09/08/2016 04:00,405.138883078
09/08/2016 05:00,405.963686638
09/08/2016 06:00,406.151782084
09/08/2016 07:00,402.551816302
09/08/2016 08:00,401.732042032
09/08/2016 09:00,401.886944164
09/08/2016 10:00,401.552999308
09/08/2016 11:00,401.163732262
09/08/2016 12:00,401.031964864
09/08/2016 13:00,400.207161304
09/08/2016 14:00,397.6542937
09/08/2016 15:00,397.314313696
09/08/2016 16:00,398.859311584
09/08/2016 17:00,400.750324624
09/08/2016 18:00,402.915936898
09/08/2016 19:00,404.113913776
09/08/2016 20:00,405.025221124
09/08/2016 21:00,406.110541906
09/08/2016 22:00,407.382952276
09/08/2016 23:00,425.333494144
09/09/2016 00:00,429.441418216
09/09/2016 01:00,424.201903894
09/09/2016 02:00,431.749862326
09/09/2016 03:00,441.022867228
09/09/2016 04:00,440.81063119
09/09/2016 05:00,440.811637048
09/09/2016 06:00,441.889916824
09/09/2016 07:00,433.034342992
09/09/2016 08:00,428.462718382
09/09/2016 09:00,424.422186796
09/09/2016 10:00,414.604006858
09/09/2016 11:00,406.609447474
09/09/2016 12:00,407.608264468
09/09/2016 13:00,410.843103796
09/09/2016 14:00,406.798548778
09/09/2016 15:00,404.414665318
09/09/2016 16:00,402.416025472
09/09/2016 17:00,401.993565112
09/09/2016 18:00,403.837302826
09/09/2016 19:00,NaN
09/09/2016 20:00,405.341060536
09/09/2016 21:00,405.724292434
09/09/2016 22:00,407.14456393
09/09/2016 23:00,408.237931576
09/10/2016 00:00,408.399874714
09/10/2016 01:00,407.046995704
09/10/2016 02:00,406.555131142
09/10/2016 03:00,408.18562696
09/10/2016 04:00,407.865764116
09/10/2016 05:00,407.450344762
09/10/2016 06:00,408.237931576
09/10/2016 07:00,410.480994916
09/10/2016 08:00,411.648796054
09/10/2016 09:00,413.479457614
09/10/2016 10:00,413.32556134
09/10/2016 11:00,409.781923606
09/10/2016 12:00,407.432239318
09/10/2016 13:00,406.82771866
09/10/2016 14:00,402.007647124
09/10/2016 15:00,401.13456238
09/10/2016 16:00,399.587552776
09/10/2016 17:00,399.856116862
09/10/2016 18:00,401.555011024
09/10/2016 19:00,402.359697424
09/10/2016 20:00,402.337568548
09/10/2016 21:00,402.528681568
09/10/2016 22:00,403.006464118
09/10/2016 23:00,405.838960246
09/11/2016 00:00,408.146398498
09/11/2016 01:00,408.108175894
09/11/2016 02:00,401.86883872
09/11/2016 03:00,401.067169894
09/11/2016 04:00,401.981494816
09/11/2016 05:00,400.990724686
09/11/2016 06:00,401.03900587
09/11/2016 07:00,401.193908002
09/11/2016 08:00,400.69701415
09/11/2016 09:00,399.67103899
09/11/2016 10:00,398.611870516
09/11/2016 11:00,398.216568322
09/11/2016 12:00,397.155388132
09/11/2016 13:00,395.392119058
09/11/2016 14:00,394.202189044
09/11/2016 15:00,396.30141469
09/11/2016 16:00,396.786238246
09/11/2016 17:00,398.974985254
09/11/2016 18:00,401.121486226
09/11/2016 19:00,402.617197072
09/11/2016 20:00,403.511404834
09/11/2016 21:00,404.018357266
09/11/2016 22:00,404.635954078
09/11/2016 23:00,403.91575975
09/12/2016 00:00,406.142729362
09/12/2016 01:00,402.987352816
09/12/2016 02:00,402.171601978
09/12/2016 03:00,402.614179498
09/12/2016 04:00,402.885761158
09/12/2016 05:00,403.798074364
09/12/2016 06:00,403.537557142
09/12/2016 07:00,401.998594402
09/12/2016 08:00,401.257277056
09/12/2016 09:00,400.159885978
09/12/2016 10:00,397.923863644
09/12/2016 11:00,397.086989788
09/12/2016 12:00,396.259168654
09/12/2016 13:00,396.06503806
09/12/2016 14:00,395.987586994
09/12/2016 15:00,396.380877472
09/12/2016 16:00,397.133259256
09/12/2016 17:00,397.650270268
09/12/2016 18:00,398.304077968
09/12/2016 19:00,398.598794362
09/12/2016 20:00,398.820083122
09/12/2016 21:00,399.195268156
09/12/2016 22:00,398.697368446
09/12/2016 23:00,398.912622058
09/13/2016 00:00,398.907592768
09/13/2016 01:00,399.00214342
09/13/2016 02:00,399.834993844
09/13/2016 03:00,398.994096556
09/13/2016 04:00,401.605303924
09/13/2016 05:00,403.970076082
09/13/2016 06:00,404.436794194
09/13/2016 07:00,403.127167078
09/13/2016 08:00,402.099180202
09/13/2016 09:00,401.070187468
09/13/2016 10:00,399.606664078
09/13/2016 11:00,398.456968384
09/13/2016 12:00,400.839845986
09/13/2016 13:00,397.095036652
09/13/2016 14:00,397.12621825
09/13/2016 15:00,397.286149672
09/13/2016 16:00,397.50844429
09/13/2016 17:00,397.38271204
09/13/2016 18:00,398.274908086
09/13/2016 19:00,401.293487944
09/13/2016 20:00,406.492767946
09/13/2016 21:00,407.911027726
09/13/2016 22:00,410.972859478
09/13/2016 23:00,410.3783974
09/14/2016 00:00,419.60211526
09/14/2016 01:00,423.878017618
09/14/2016 02:00,432.119012212
09/14/2016 03:00,441.322612912
09/14/2016 04:00,439.964704612
09/14/2016 05:00,443.225696248
09/14/2016 06:00,452.193926176
09/14/2016 07:00,425.529636454
09/14/2016 08:00,412.051139254
09/14/2016 09:00,404.957828638
09/14/2016 10:00,399.405492478
09/14/2016 11:00,NaN
09/14/2016 12:00,398.98202626
09/14/2016 13:00,398.370464596
09/14/2016 14:00,396.870730318
09/14/2016 15:00,398.967944248
09/14/2016 16:00,407.121429196
09/14/2016 17:00,408.385792702
09/14/2016 18:00,406.864935406
09/14/2016 19:00,406.994691088
09/14/2016 20:00,407.680686244
09/14/2016 21:00,407.64246364
09/14/2016 22:00,410.461883614
09/14/2016 23:00,416.341123624
09/15/2016 00:00,436.121321194
09/15/2016 01:00,440.960504032
09/15/2016 02:00,449.575677802
09/15/2016 03:00,453.699695602
09/15/2016 04:00,452.601298666
09/15/2016 05:00,463.153754944
09/15/2016 06:00,458.696798146
09/15/2016 07:00,432.918669322
09/15/2016 08:00,418.502712466
09/15/2016 09:00,417.412362394
09/15/2016 10:00,412.504781212
09/15/2016 11:00,411.39431398
09/15/2016 12:00,415.480109176
09/15/2016 13:00,403.623055072
09/15/2016 14:00,402.78919879
09/15/2016 15:00,402.141426238
09/15/2016 16:00,402.203789434
09/15/2016 17:00,402.80428666
09/15/2016 18:00,409.658203072
09/15/2016 19:00,410.009247514
09/15/2016 20:00,411.638737474
09/15/2016 21:00,414.303255316
09/15/2016 22:00,418.251247966
09/15/2016 23:00,423.09747181
09/16/2016 00:00,429.88701331
09/16/2016 01:00,429.473605672
09/16/2016 02:00,434.65478023
09/16/2016 03:00,420.951976696
09/16/2016 04:00,428.818792114
09/16/2016 05:00,430.957246222
09/16/2016 06:00,429.940323784
09/16/2016 07:00,421.137054568
09/16/2016 08:00,415.07575426
09/16/2016 09:00,411.236394274
09/16/2016 10:00,407.981437786
09/16/2016 11:00,407.549924704
09/16/2016 12:00,407.812453642
09/16/2016 13:00,406.313725222
09/16/2016 14:00,410.029364674
09/16/2016 15:00,408.463243768
09/16/2016 16:00,403.521463414
09/16/2016 17:00,407.120423338
09/16/2016 18:00,408.729796138
09/16/2016 19:00,407.182786534
09/16/2016 20:00,409.248818866
09/16/2016 21:00,421.451888122
09/16/2016 22:00,422.37325405
09/16/2016 23:00,428.587444774
09/17/2016 00:00,440.688922372
09/17/2016 01:00,431.338466404
09/17/2016 02:00,435.0219184
09/17/2016 03:00,438.26078116
09/17/2016 04:00,435.523841542
09/17/2016 05:00,439.44266431
09/17/2016 06:00,439.204275964
09/17/2016 07:00,443.645139034
09/17/2016 08:00,449.851282894
09/17/2016 09:00,432.325213102
09/17/2016 10:00,418.373962642
09/17/2016 11:00,411.62566132
09/17/2016 12:00,411.289704748
09/17/2016 13:00,408.435079744
09/17/2016 14:00,408.501466372
09/17/2016 15:00,403.80008608
09/17/2016 16:00,402.700683286
09/17/2016 17:00,406.169887528
09/17/2016 18:00,413.11433116
09/17/2016 19:00,420.091968106
09/17/2016 20:00,424.512714016
09/17/2016 21:00,430.561944028
09/17/2016 22:00,436.942101322
09/17/2016 23:00,430.04795059
09/18/2016 00:00,440.794537462
09/18/2016 01:00,450.735432076
09/18/2016 02:00,448.597983826
09/18/2016 03:00,453.979324126
09/18/2016 04:00,463.887025426
09/18/2016 05:00,478.463919562
09/18/2016 06:00,480.454512544
09/18/2016 07:00,449.856312184
09/18/2016 08:00,438.535380394
09/18/2016 09:00,423.04214962
09/18/2016 10:00,411.488864632
09/18/2016 11:00,413.734945546
09/18/2016 12:00,416.080606402
09/18/2016 13:00,413.083149562
09/18/2016 14:00,409.46809591
09/18/2016 15:00,406.735179724
09/18/2016 16:00,411.199177528
09/18/2016 17:00,417.272548132
09/18/2016 18:00,421.465970134
09/18/2016 19:00,427.748559202
09/18/2016 20:00,442.803235888
09/18/2016 21:00,460.065770884
09/18/2016 22:00,465.945010894
09/18/2016 23:00,477.430903396
09/19/2016 00:00,484.279790518
09/19/2016 01:00,473.584502404
09/19/2016 02:00,470.788217164
09/19/2016 03:00,478.78679998
09/19/2016 04:00,466.325225218
09/19/2016 05:00,496.8821854
09/19/2016 06:00,510.517596448
09/19/2016 07:00,497.765328724
09/19/2016 08:00,463.063227724
09/19/2016 09:00,428.571351046
09/19/2016 10:00,418.719977794
09/19/2016 11:00,419.212848214
09/19/2016 12:00,413.757074422
09/19/2016 13:00,405.083560888
09/19/2016 14:00,404.23763431
09/19/2016 15:00,405.110719054
09/19/2016 16:00,406.934339608
09/19/2016 17:00,408.865586968
09/19/2016 18:00,409.751747866
09/19/2016 19:00,413.958246022
09/19/2016 20:00,410.688201664
09/19/2016 21:00,407.745061156
09/19/2016 22:00,407.785295476
09/19/2016 23:00,408.49744294
09/20/2016 00:00,409.569687568
09/20/2016 01:00,408.878663122
09/20/2016 02:00,410.637908764
09/20/2016 03:00,413.241069268
09/20/2016 04:00,412.292545174
09/20/2016 05:00,410.0263471
09/20/2016 06:00,411.005046934
09/20/2016 07:00,411.432536584
09/20/2016 08:00,412.044098248
09/20/2016 09:00,411.441589306
09/20/2016 10:00,410.472948052
09/20/2016 11:00,407.715891274
09/20/2016 12:00,406.19402812
09/20/2016 13:00,404.17225354
09/20/2016 14:00,404.48909881
09/20/2016 15:00,407.950256188
09/20/2016 16:00,410.964812614
09/20/2016 17:00,409.617968752
09/20/2016 18:00,405.936528472
09/20/2016 19:00,405.433599472
09/20/2016 20:00,407.927121454
09/20/2016 21:00,409.646132776
09/20/2016 22:00,411.754411144
09/20/2016 23:00,412.479634762
09/21/2016 00:00,415.693351072
09/21/2016 01:00,417.840857902
09/21/2016 02:00,417.59542855
09/21/2016 03:00,411.697077238
09/21/2016 04:00,407.937180034
09/21/2016 05:00,408.736837144
09/21/2016 06:00,407.098294462
09/21/2016 07:00,405.26863876
09/21/2016 08:00,404.411647744
09/21/2016 09:00,405.06243787
09/21/2016 10:00,406.291596346
09/21/2016 11:00,409.127110048
09/21/2016 12:00,411.988776058
09/21/2016 13:00,408.34656424
09/21/2016 14:00,401.088292912
09/21/2016 15:00,401.211007588
09/21/2016 16:00,400.543117876
09/21/2016 17:00,400.377151306
09/21/2016 18:00,400.689973144
09/21/2016 19:00,401.6777257
09/21/2016 20:00,402.533710858
09/21/2016 21:00,407.07918316
09/21/2016 22:00,406.185981256
09/21/2016 23:00,409.396679992
09/22/2016 00:00,418.312605304
09/22/2016 01:00,421.168236166
09/22/2016 02:00,422.179123456
09/22/2016 03:00,426.148239124
09/22/2016 04:00,435.134574496
09/22/2016 05:00,437.329356652
09/22/2016 06:00,432.986061808
09/22/2016 07:00,424.478514844
09/22/2016 08:00,407.454368194
09/22/2016 09:00,403.38265501
09/22/2016 10:00,403.569744598
09/22/2016 11:00,403.137225658
09/22/2016 12:00,402.65340796
09/22/2016 13:00,401.455431082
09/22/2016 14:00,400.620568942
09/22/2016 15:00,400.040188876
09/22/2016 16:00,401.599268776
09/22/2016 17:00,401.889961738
09/22/2016 18:00,402.072022036
09/22/2016 19:00,405.707192848
09/22/2016 20:00,405.709204564
09/22/2016 21:00,413.0439211
09/22/2016 22:00,425.524607164
09/22/2016 23:00,428.278646368
09/23/2016 00:00,432.363435706
09/23/2016 01:00,440.611471306
09/23/2016 02:00,442.653363046
09/23/2016 03:00,440.601412726
09/23/2016 04:00,437.763887308
09/23/2016 05:00,454.190554306
09/23/2016 06:00,462.682007542
09/23/2016 07:00,440.505856216
09/23/2016 08:00,418.404138382
09/23/2016 09:00,411.109656166
09/23/2016 10:00,411.861032092
09/23/2016 11:00,409.23171928
09/23/2016 12:00,401.440343212
09/23/2016 13:00,400.55116474
09/23/2016 14:00,401.263312204
09/23/2016 15:00,403.662283534
09/23/2016 16:00,405.211304854
09/23/2016 17:00,405.210298996
09/23/2016 18:00,404.12698993
09/23/2016 19:00,406.151782084
09/23/2016 20:00,408.540694834
09/23/2016 21:00,415.537443082
09/23/2016 22:00,415.12101787
09/23/2016 23:00,416.767607416
09/24/2016 00:00,418.724001226
09/24/2016 01:00,427.336157422
09/24/2016 02:00,428.75039377
09/24/2016 03:00,438.992039926
09/24/2016 04:00,455.604790654
09/24/2016 05:00,450.117835264
09/24/2016 06:00,449.091860104
09/24/2016 07:00,435.971448352
09/24/2016 08:00,422.33804902
09/24/2016 09:00,414.677434492
09/24/2016 10:00,406.110541906
09/24/2016 11:00,404.788844494
09/24/2016 12:00,407.996525656
09/24/2016 13:00,408.717725842
09/24/2016 14:00,405.491939236
09/24/2016 15:00,404.814996802
09/24/2016 16:00,406.86292369
09/24/2016 17:00,410.24260657
09/24/2016 18:00,411.034216816
09/24/2016 19:00,415.143146746
09/24/2016 20:00,419.518629046
09/24/2016 21:00,425.544724324
09/24/2016 22:00,431.32036096
09/24/2016 23:00,447.1928002
09/25/2016 00:00,455.857261012
09/25/2016 01:00,445.899266812
09/25/2016 02:00,440.01097408
09/25/2016 03:00,439.032274246
09/25/2016 04:00,446.509822618
09/25/2016 05:00,455.634966394
09/25/2016 06:00,465.39380071
09/25/2016 07:00,440.34290722
09/25/2016 08:00,422.128830556
09/25/2016 09:00,414.143323894
09/25/2016 10:00,407.282366476
09/25/2016 11:00,404.963863786
09/25/2016 12:00,403.398748738
09/25/2016 13:00,402.490458964
09/25/2016 14:00,402.58802719
09/25/2016 15:00,402.565898314
09/25/2016 16:00,405.460757638
09/25/2016 17:00,411.33899179
09/25/2016 18:00,411.21325954
09/25/2016 19:00,417.15788032
09/25/2016 20:00,423.849853594
09/25/2016 21:00,433.430651044
09/25/2016 22:00,447.08215582
09/25/2016 23:00,451.319835574
09/26/2016 00:00,460.050683014
09/26/2016 01:00,466.564619422
09/26/2016 02:00,466.891523272
09/26/2016 03:00,469.483619338
09/26/2016 04:00,476.036784208
09/26/2016 05:00,481.886854336
09/26/2016 06:00,489.346297264
09/26/2016 07:00,464.627336914
09/26/2016 08:00,436.186701964
09/26/2016 09:00,426.192496876
09/26/2016 10:00,411.710153392
09/26/2016 11:00,404.893453726
09/26/2016 12:00,402.529687426
09/26/2016 13:00,402.421054762
09/26/2016 14:00,402.561874882
09/26/2016 15:00,403.081903468
09/26/2016 16:00,410.898425986
09/26/2016 17:00,423.548096194
09/26/2016 18:00,433.547330572
09/26/2016 19:00,457.31173168
09/26/2016 20:00,479.584445374
09/26/2016 21:00,475.579118818
09/26/2016 22:00,451.75436623
09/26/2016 23:00,470.032817806
09/27/2016 00:00,479.36013904
09/27/2016 01:00,490.644859942
09/27/2016 02:00,491.020044976
09/27/2016 03:00,471.993235048
09/27/2016 04:00,474.958504432
09/27/2016 05:00,464.888859994
09/27/2016 06:00,483.784908382
09/27/2016 07:00,465.84140752
09/27/2016 08:00,449.781878692
09/27/2016 09:00,423.64063513
09/27/2016 10:00,415.313136748
09/27/2016 11:00,408.897774424
09/27/2016 12:00,406.332836524
09/27/2016 13:00,409.792988044
09/27/2016 14:00,415.70441551
09/27/2016 15:00,413.904935548
09/27/2016 16:00,414.290179162
09/27/2016 17:00,412.987593052
09/27/2016 18:00,410.457860182
09/27/2016 19:00,415.77985486
09/27/2016 20:00,421.079720662
09/27/2016 21:00,438.020381098
09/27/2016 22:00,446.88601351
09/27/2016 23:00,442.491419908
09/28/2016 00:00,432.214568722
09/28/2016 01:00,446.862878776
09/28/2016 02:00,455.761704502
09/28/2016 03:00,461.736501022
09/28/2016 04:00,472.472023456
09/28/2016 05:00,465.402853432
09/28/2016 06:00,440.884058824
09/28/2016 07:00,430.915000186
09/28/2016 08:00,427.479995116
09/28/2016 09:00,418.74713596
09/28/2016 10:00,410.18225509
09/28/2016 11:00,408.28621276
09/28/2016 12:00,407.419163164
09/28/2016 13:00,407.59720003
09/28/2016 14:00,406.864935406
09/28/2016 15:00,406.442475046
09/28/2016 16:00,408.917891584
09/28/2016 17:00,408.277160038
09/28/2016 18:00,408.302306488
09/28/2016 19:00,409.051670698
09/28/2016 20:00,409.91067343
09/28/2016 21:00,411.189118948
09/28/2016 22:00,411.039246106
09/28/2016 23:00,411.383249542
09/29/2016 00:00,410.768670304
09/29/2016 01:00,410.563475272
09/29/2016 02:00,409.803046624
09/29/2016 03:00,414.268050286
09/29/2016 04:00,414.116165728
09/29/2016 05:00,415.63400545
09/29/2016 06:00,418.47052501
09/29/2016 07:00,421.54845049
09/29/2016 08:00,422.430587956
09/29/2016 09:00,422.933516956
09/29/2016 10:00,421.746604516
09/29/2016 11:00,417.694002634
09/29/2016 12:00,417.284618428
09/29/2016 13:00,417.486795886
09/29/2016 14:00,422.120783692
09/29/2016 15:00,412.955405596
09/29/2016 16:00,415.003332484
09/29/2016 17:00,415.253791126
09/29/2016 18:00,417.466678726
09/29/2016 19:00,416.954697004
09/29/2016 20:00,424.766190232
09/29/2016 21:00,422.245510084
09/29/2016 22:00,422.325978724
09/29/2016 23:00,415.497208762
09/30/2016 00:00,412.93327672
09/30/2016 01:00,410.72541841
09/30/2016 02:00,410.967830188
09/30/2016 03:00,410.315028346
09/30/2016 04:00,411.256511434
09/30/2016 05:00,412.648618906
09/30/2016 06:00,413.403012406
09/30/2016 07:00,412.598326006
09/30/2016 08:00,412.613413876
09/30/2016 09:00,411.141843622
09/30/2016 10:00,407.594182456
09/30/2016 11:00,406.07332516
09/30/2016 12:00,406.272485044
09/30/2016 13:00,406.63660564
09/30/2016 14:00,405.038297278
09/30/2016 15:00,404.962857928
09/30/2016 16:00,405.320943376
09/30/2016 17:00,404.394548158
09/30/2016 18:00,404.635954078
09/30/2016 19:00,404.885406862
09/30/2016 20:00,405.56536687
09/30/2016 21:00,407.072142154
09/30/2016 22:00,407.872805122
09/30/2016 23:00,406.457562916
10/01/2016 00:00,407.322600796
10/01/2016 01:00,411.868073098
10/01/2016 02:00,411.425495578
10/01/2016 03:00,418.426267258
10/01/2016 04:00,418.840680754
10/01/2016 05:00,423.370059328
10/01/2016 06:00,426.739683628
10/01/2016 07:00,420.465141424
10/01/2016 08:00,411.073445278
10/01/2016 09:00,405.436617046
10/01/2016 10:00,406.494779662
10/01/2016 11:00,405.668970244
10/01/2016 12:00,403.63411951
10/01/2016 13:00,403.108055776
10/01/2016 14:00,403.59891448
10/01/2016 15:00,403.652224954
10/01/2016 16:00,404.097820048
10/01/2016 17:00,403.78499821
10/01/2016 18:00,404.608795912
10/01/2016 19:00,405.156988522
10/01/2016 20:00,405.981792082
10/01/2016 21:00,408.87966898
10/01/2016 22:00,409.791982186
10/01/2016 23:00,410.498094502
10/02/2016 00:00,416.090664982
10/02/2016 01:00,415.71950338
10/02/2016 02:00,434.145816082
10/02/2016 03:00,436.578986584
10/02/2016 04:00,443.815129036
10/02/2016 05:00,447.096237832
10/02/2016 06:00,450.362258758
10/02/2016 07:00,442.563841684
10/02/2016 08:00,420.71358835
10/02/2016 09:00,407.916057016
10/02/2016 10:00,403.388690158
10/02/2016 11:00,403.17645412
10/02/2016 12:00,402.66849583
10/02/2016 13:00,400.593410776
10/02/2016 14:00,401.259288772
10/02/2016 15:00,401.620391794
10/02/2016 16:00,402.347627128
10/02/2016 17:00,403.977117088
10/02/2016 18:00,406.608441616
10/02/2016 19:00,406.75227931
10/02/2016 20:00,409.555605556
10/02/2016 21:00,420.317280298
10/02/2016 22:00,428.849973712
10/02/2016 23:00,419.489459164
10/03/2016 00:00,419.589039106
10/03/2016 01:00,432.560583874
10/03/2016 02:00,436.477394926
10/03/2016 03:00,439.678035082
10/03/2016 04:00,448.972163002
10/03/2016 05:00,457.04517931
10/03/2016 06:00,476.876675638
10/03/2016 07:00,466.47509806
10/03/2016 08:00,426.052682614
10/03/2016 09:00,413.07409684
10/03/2016 10:00,408.89978614
10/03/2016 11:00,406.828724518
10/03/2016 12:00,404.410641886
10/03/2016 13:00,403.072850746
10/03/2016 14:00,402.726835594
10/03/2016 15:00,401.502706408
10/03/2016 16:00,401.570098894
10/03/2016 17:00,401.856768424
10/03/2016 18:00,403.56873874
10/03/2016 19:00,405.210298996
10/03/2016 20:00,406.672816528
10/03/2016 21:00,406.635599782
10/03/2016 22:00,412.064215408
10/03/2016 23:00,416.304912736
10/04/2016 00:00,424.159657858
10/04/2016 01:00,426.581763922
10/04/2016 02:00,430.471416808
10/04/2016 03:00,433.109782342
10/04/2016 04:00,431.167470544
10/04/2016 05:00,428.591468206
10/04/2016 06:00,422.29278541
10/04/2016 07:00,423.405264358
10/04/2016 08:00,417.694002634
10/04/2016 09:00,417.113622568
10/04/2016 10:00,415.287990298
10/04/2016 11:00,411.32893321
10/04/2016 12:00,406.723109428
10/04/2016 13:00,406.37005327
10/04/2016 14:00,405.49495681
10/04/2016 15:00,407.25520831
10/04/2016 16:00,409.268936026
10/04/2016 17:00,409.809081772
10/04/2016 18:00,408.399874714
10/04/2016 19:00,409.13113348
10/04/2016 20:00,410.990964922
10/04/2016 21:00,412.247281564
10/04/2016 22:00,414.443069578
10/04/2016 23:00,421.019369182
10/05/2016 00:00,428.641761106
10/05/2016 01:00,426.735660196
10/05/2016 02:00,434.779506622
10/05/2016 03:00,446.3881138
10/05/2016 04:00,443.865421936
10/05/2016 05:00,453.772117378
10/05/2016 06:00,467.152040494
10/05/2016 07:00,462.07446931
10/05/2016 08:00,422.470822276
10/05/2016 09:00,413.581049272
10/05/2016 10:00,416.82091789
10/05/2016 11:00,415.149181894
10/05/2016 12:00,409.882509406
10/05/2016 13:00,406.957474342
10/05/2016 14:00,407.243138014
10/05/2016 15:00,409.619980468
10/05/2016 16:00,408.54270655
10/05/2016 17:00,407.750090446
10/05/2016 18:00,409.84026337
10/05/2016 19:00,408.951084898
10/05/2016 20:00,410.103798166
10/05/2016 21:00,418.81754602
10/05/2016 22:00,423.67584016
10/05/2016 23:00,427.277817658
10/06/2016 00:00,432.92973376
10/06/2016 01:00,441.16771078
10/06/2016 02:00,444.251671408
10/06/2016 03:00,449.313148864
10/06/2016 04:00,457.156829548
10/06/2016 05:00,454.765905082
10/06/2016 06:00,460.745730892
10/06/2016 07:00,469.191920518
10/06/2016 08:00,429.364973008
10/06/2016 09:00,420.03966349
10/06/2016 10:00,412.806538612
10/06/2016 11:00,415.290002014
10/06/2016 12:00,415.570636396
10/06/2016 13:00,409.73967757
10/06/2016 14:00,410.206395682
10/06/2016 15:00,410.12190361
10/06/2016 16:00,414.146341468
10/06/2016 17:00,420.057768934
10/06/2016 18:00,417.344969908
10/06/2016 19:00,415.163263906
10/06/2016 20:00,420.534545626
10/06/2016 21:00,426.847310434
10/06/2016 22:00,430.060020886
10/06/2016 23:00,436.739923864
10/07/2016 00:00,455.750640064
10/07/2016 01:00,445.781581426
10/07/2016 02:00,443.934826138
10/07/2016 03:00,436.927013452
10/07/2016 04:00,443.996183476
10/07/2016 05:00,466.459004332
10/07/2016 06:00,461.851168834
10/07/2016 07:00,467.28481375
10/07/2016 08:00,433.017243406
10/07/2016 09:00,428.847961996
10/07/2016 10:00,415.98102646
10/07/2016 11:00,411.22331812
10/07/2016 12:00,412.532945236
10/07/2016 13:00,417.16290961
10/07/2016 14:00,418.035994354
10/07/2016 15:00,417.33893476
10/07/2016 16:00,417.051259372
10/07/2016 17:00,419.892808222
10/07/2016 18:00,430.268233492
10/07/2016 19:00,439.388347978
10/07/2016 20:00,446.496746464
10/07/2016 21:00,457.61348908
10/07/2016 22:00,456.7484512
10/07/2016 23:00,461.075652316
10/08/2016 00:00,457.410305764
10/08/2016 01:00,456.801761674
10/08/2016 02:00,452.382021622
10/08/2016 03:00,459.90684532
10/08/2016 04:00,475.565036806
10/08/2016 05:00,490.833961246
10/08/2016 06:00,488.82023353
10/08/2016 07:00,452.571122926
10/08/2016 08:00,432.23569174
10/08/2016 09:00,420.152319586
10/08/2016 10:00,413.756068564
10/08/2016 11:00,409.927773016
10/08/2016 12:00,405.441646336
10/08/2016 13:00,404.042497858
10/08/2016 14:00,404.928658756
10/08/2016 15:00,404.888424436
10/08/2016 16:00,405.491939236
10/08/2016 17:00,412.53093352
10/08/2016 18:00,416.550342088
10/08/2016 19:00,418.836657322
10/08/2016 20:00,431.371659718
10/08/2016 21:00,450.721350064
10/08/2016 22:00,465.567814144
10/08/2016 23:00,465.764962312
10/09/2016 00:00,468.789577318
10/09/2016 01:00,466.517344096
10/09/2016 02:00,467.558407126
10/09/2016 03:00,479.001047734
10/09/2016 04:00,467.081630434
10/09/2016 05:00,489.568591882
10/09/2016 06:00,487.565928604
10/09/2016 07:00,473.909394538
10/09/2016 08:00,447.617272276
10/09/2016 09:00,429.946358932
10/09/2016 10:00,419.244029812
10/09/2016 11:00,415.762755274
10/09/2016 12:00,407.569036006
10/09/2016 13:00,405.956645632
10/09/2016 14:00,405.151959232
10/09/2016 15:00,405.088590178
10/09/2016 16:00,405.451704916
10/09/2016 17:00,407.112376474
10/09/2016 18:00,411.15793735
10/09/2016 19:00,412.220123398
10/09/2016 20:00,416.064512674
10/09/2016 21:00,426.35142244
10/09/2016 22:00,431.785067356
10/09/2016 23:00,440.044167394
10/10/2016 00:00,449.84826532
10/10/2016 01:00,445.128779584
10/10/2016 02:00,458.549942878
10/10/2016 03:00,462.138844222
10/10/2016 04:00,464.004710812
10/10/2016 05:00,480.991640716
10/10/2016 06:00,498.021822514
10/10/2016 07:00,467.2596673
10/10/2016 08:00,430.910976754
10/10/2016 09:00,415.044572662
10/10/2016 10:00,410.80588705
10/10/2016 11:00,410.36330953
10/10/2016 12:00,410.137997338
10/10/2016 13:00,406.084389598
10/10/2016 14:00,403.475193946
10/10/2016 15:00,404.12698993
10/10/2016 16:00,405.455728348
10/10/2016 17:00,405.29378521
10/10/2016 18:00,406.677845818
10/10/2016 19:00,407.082200734
10/10/2016 20:00,406.891087714
10/10/2016 21:00,406.617494338
10/10/2016 22:00,408.232902286
10/10/2016 23:00,409.899608992
10/11/2016 00:00,407.736008434
10/11/2016 01:00,410.709324682
10/11/2016 02:00,409.441943602
10/11/2016 03:00,409.49827165
10/11/2016 04:00,407.910021868
10/11/2016 05:00,406.387152856
10/11/2016 06:00,408.040783408
10/11/2016 07:00,404.999068816
10/11/2016 08:00,404.173259398
10/11/2016 09:00,403.886589868
10/11/2016 10:00,402.902860744
10/11/2016 11:00,401.806475524
10/11/2016 12:00,401.57211061
10/11/2016 13:00,401.814522388
10/11/2016 14:00,401.176808416
10/11/2016 15:00,400.675891132
10/11/2016 16:00,400.972619242
10/11/2016 17:00,406.574242444
10/11/2016 18:00,409.54353526
10/11/2016 19:00,411.149890486
10/11/2016 20:00,410.137997338
10/11/2016 21:00,412.397154406
10/11/2016 22:00,415.187404498
10/11/2016 23:00,421.574602798
10/12/2016 00:00,431.726727592
10/12/2016 01:00,437.686436242
10/12/2016 02:00,431.861512564
10/12/2016 03:00,442.345570498
10/12/2016 04:00,452.461484404
10/12/2016 05:00,447.924058966
10/12/2016 06:00,441.683715934
10/12/2016 07:00,421.924641382
10/12/2016 08:00,411.53010481
10/12/2016 09:00,415.23166225
10/12/2016 10:00,412.497740206
10/12/2016 11:00,409.456025614
10/12/2016 12:00,408.107170036
10/12/2016 13:00,408.079006012
10/12/2016 14:00,407.151604936
10/12/2016 15:00,409.47815449
10/12/2016 16:00,414.360589222
10/12/2016 17:00,413.493539626
10/12/2016 18:00,409.12610419
10/12/2016 19:00,409.666249936
10/12/2016 20:00,411.536139958
10/12/2016 21:00,419.137408864
10/12/2016 22:00,429.82666183
10/12/2016 23:00,439.763533012
10/13/2016 00:00,442.77708358
10/13/2016 01:00,446.547039364
10/13/2016 02:00,458.35279471
10/13/2016 03:00,462.395338012
10/13/2016 04:00,463.178901394
10/13/2016 05:00,461.915543746
10/13/2016 06:00,466.199492968
10/13/2016 07:00,464.179730104
10/13/2016 08:00,437.357520676
10/13/2016 09:00,419.640337864
10/13/2016 10:00,412.889018968
10/13/2016 11:00,411.19817167
10/13/2016 12:00,406.210121848
10/13/2016 13:00,406.337865814
10/13/2016 14:00,402.871679146
10/13/2016 15:00,402.981317668
10/13/2016 16:00,406.76233789
10/13/2016 17:00,409.489218928
10/13/2016 18:00,409.56365242
10/13/2016 19:00,408.752930872
10/13/2016 20:00,408.424015306
10/13/2016 21:00,407.550930562
10/13/2016 22:00,406.34993611
10/13/2016 23:00,405.974751076
10/14/2016 00:00,407.552942278
10/14/2016 01:00,407.671633522
10/14/2016 02:00,411.65583706
10/14/2016 03:00,415.039543372
10/14/2016 04:00,417.2685247
10/14/2016 05:00,418.338757612
10/14/2016 06:00,417.563241094
10/14/2016 07:00,419.27018212
10/14/2016 08:00,418.578151816
10/14/2016 09:00,409.522412242
10/14/2016 10:00,408.061906426
10/14/2016 11:00,402.793222222
10/14/2016 12:00,403.12113193
10/14/2016 13:00,403.4882701
10/14/2016 14:00,404.035456852
10/14/2016 15:00,407.026878544
10/14/2016 16:00,412.141666474
10/14/2016 17:00,410.324081068
10/14/2016 18:00,409.3222465
10/14/2016 19:00,410.757605866
10/14/2016 20:00,411.63069061
10/14/2016 21:00,411.75642286
10/14/2016 22:00,410.719383262
10/14/2016 23:00,416.781689428
10/15/2016 00:00,420.4872703
10/15/2016 01:00,420.979134862
10/15/2016 02:00,418.713942646
10/15/2016 03:00,413.341655068
10/15/2016 04:00,416.002149478
10/15/2016 05:00,412.011910792
10/15/2016 06:00,414.808196032
10/15/2016 07:00,420.868490482
10/15/2016 08:00,416.642881024
10/15/2016 09:00,413.424135424
10/15/2016 10:00,412.810562044
10/15/2016 11:00,406.275502618
10/15/2016 12:00,405.63074764
10/15/2016 13:00,405.018180118
10/15/2016 14:00,404.958834496
10/15/2016 15:00,405.974751076
10/15/2016 16:00,405.350113258
10/15/2016 17:00,405.76150918
10/15/2016 18:00,406.006938532
10/15/2016 19:00,409.354433956
10/15/2016 20:00,408.441114892
10/15/2016 21:00,407.28538405
10/15/2016 22:00,408.263078026
10/15/2016 23:00,410.893396696
10/16/2016 00:00,411.759440434
10/16/2016 01:00,413.998480342
10/16/2016 02:00,416.990907892
10/16/2016 03:00,418.01285962
10/16/2016 04:00,419.508570466
10/16/2016 05:00,422.552296774
10/16/2016 06:00,416.501055046
10/16/2016 07:00,414.930910708
10/16/2016 08:00,411.232370842
10/16/2016 09:00,412.801509322
10/16/2016 10:00,415.51833178
10/16/2016 11:00,409.506318514
10/16/2016 12:00,406.74725002
10/16/2016 13:00,406.38514114
10/16/2016 14:00,405.370230418
10/16/2016 15:00,405.151959232
10/16/2016 16:00,406.483715224
10/16/2016 17:00,407.016819964
10/16/2016 18:00,407.490579082
10/16/2016 19:00,408.177580096
10/16/2016 20:00,407.660569084
10/16/2016 21:00,407.606252752
10/16/2016 22:00,407.1596518
10/16/2016 23:00,407.407092868
10/17/2016 00:00,412.282486594
10/17/2016 01:00,421.552473922
10/17/2016 02:00,439.936540588
10/17/2016 03:00,476.23192066
10/17/2016 04:00,506.22157693
10/17/2016 05:00,527.806283752
10/17/2016 06:00,498.35073808
10/17/2016 07:00,466.62597676
10/17/2016 08:00,445.815780598
10/17/2016 09:00,419.364732772
10/17/2016 10:00,411.984752626
10/17/2016 11:00,410.336151364
10/17/2016 12:00,409.479160348
10/17/2016 13:00,409.44294946
10/17/2016 14:00,411.378220252
10/17/2016 15:00,409.737665854
10/17/2016 16:00,409.540517686
10/17/2016 17:00,410.75056486
10/17/2016 18:00,414.626135734
10/17/2016 19:00,419.663472598
10/17/2016 20:00,420.23077651
10/17/2016 21:00,424.262255374
10/17/2016 22:00,437.679395236
10/17/2016 23:00,435.990559654
10/18/2016 00:00,432.317166238
10/18/2016 01:00,447.402018664
10/18/2016 02:00,474.14476531
10/18/2016 03:00,503.866863352
10/18/2016 04:00,511.644157408
10/18/2016 05:00,513.389321038
10/18/2016 06:00,481.027851604
10/18/2016 07:00,450.495032014
10/18/2016 08:00,429.018957856
10/18/2016 09:00,418.819557736
10/18/2016 10:00,410.889373264
10/18/2016 11:00,412.22414683
10/18/2016 12:00,413.684652646
10/18/2016 13:00,414.329407624
10/18/2016 14:00,414.691516504
10/18/2016 15:00,415.04054923
10/18/2016 16:00,417.02208949
10/18/2016 17:00,419.933042542
10/18/2016 18:00,421.03043362
10/18/2016 19:00,422.240480794
10/18/2016 20:00,422.586495946
10/18/2016 21:00,428.474788678
10/18/2016 22:00,440.558160832
10/18/2016 23:00,474.661776322
10/19/2016 00:00,489.878396146
10/19/2016 01:00,501.12187687
10/19/2016 02:00,515.47547053
10/19/2016 03:00,531.525946636
10/19/2016 04:00,552.851142094
10/19/2016 05:00,571.532942728
10/19/2016 06:00,559.660800754
10/19/2016 07:00,554.05515412
10/19/2016 08:00,490.314938518
10/19/2016 09:00,445.838915332
10/19/2016 10:00,434.920326742
10/19/2016 11:00,430.077120472
10/19/2016 12:00,418.152673882
10/19/2016 13:00,416.50407262
10/19/2016 14:00,414.787073014
10/19/2016 15:00,415.424786986
10/19/2016 16:00,419.19474277
10/19/2016 17:00,425.226873196
10/19/2016 18:00,435.334740238
10/19/2016 19:00,443.639103886
10/19/2016 20:00,467.691180382
10/19/2016 21:00,479.83792159
10/19/2016 22:00,511.152292846
10/19/2016 23:00,523.747646722
10/20/2016 00:00,523.631973052
10/20/2016 01:00,526.642506046
10/20/2016 02:00,523.345303522
10/20/2016 03:00,539.39477377
10/20/2016 04:00,573.517500562
10/20/2016 05:00,526.448375452
10/20/2016 06:00,517.08484333
10/20/2016 07:00,534.860365906
10/20/2016 08:00,520.697885266
10/20/2016 09:00,470.043882244
10/20/2016 10:00,438.307050628
10/20/2016 11:00,437.417872156
10/20/2016 12:00,448.748862526
10/20/2016 13:00,439.555320406
10/20/2016 14:00,434.491831234
10/20/2016 15:00,431.093037052
10/20/2016 16:00,432.636023224
10/20/2016 17:00,442.234926118
10/20/2016 18:00,455.238658342
10/20/2016 19:00,465.729757282
10/20/2016 20:00,480.756269944
10/20/2016 21:00,508.798585126
10/20/2016 22:00,534.228687082
10/20/2016 23:00,569.627847676
10/21/2016 00:00,545.473173664
10/21/2016 01:00,544.547784304
10/21/2016 02:00,545.015508274
10/21/2016 03:00,521.482454506
10/21/2016 04:00,543.188870146
10/21/2016 05:00,570.729262186
10/21/2016 06:00,606.448285624
10/21/2016 07:00,562.736714518
10/21/2016 08:00,490.46984065
10/21/2016 09:00,469.124528032
10/21/2016 10:00,429.199006438
10/21/2016 11:00,429.714005734
10/21/2016 12:00,436.549816702
10/21/2016 13:00,433.902398446
10/21/2016 14:00,427.396508902
10/21/2016 15:00,423.720097912
10/21/2016 16:00,433.270719622
10/21/2016 17:00,428.651819686
10/21/2016 18:00,424.858729168
10/21/2016 19:00,424.272313954
10/21/2016 20:00,427.445795944
10/21/2016 21:00,433.28178406
10/21/2016 22:00,451.230314212
10/21/2016 23:00,468.78354217
10/22/2016 00:00,464.848625674
10/22/2016 01:00,478.39954465
10/22/2016 02:00,510.127323544
10/22/2016 03:00,528.037631092
10/22/2016 04:00,544.704698152
10/22/2016 05:00,564.447678976
10/22/2016 06:00,520.732084438
10/22/2016 07:00,488.202636718
10/22/2016 08:00,466.151211784
10/22/2016 09:00,437.460118192
10/22/2016 10:00,431.41088818
10/22/2016 11:00,422.166047302
10/22/2016 12:00,421.472005282
10/22/2016 13:00,425.015643016
10/22/2016 14:00,425.716726042
10/22/2016 15:00,415.210539232
10/22/2016 16:00,418.23414838
10/22/2016 17:00,421.496145874
10/22/2016 18:00,424.436268808
10/22/2016 19:00,427.626850384
10/22/2016 20:00,427.62383281
10/22/2016 21:00,429.642589816
10/22/2016 22:00,430.219952308
10/22/2016 23:00,435.988547938
10/23/2016 00:00,440.536031956
10/23/2016 01:00,446.289539716
10/23/2016 02:00,443.65218004
10/23/2016 03:00,467.539295824
10/23/2016 04:00,496.345057228
10/23/2016 05:00,522.130227058
10/23/2016 06:00,532.668601324
10/23/2016 07:00,520.296547924
10/23/2016 08:00,468.140798908
10/23/2016 09:00,449.734603366
10/23/2016 10:00,438.499169506
10/23/2016 11:00,423.601406668
10/23/2016 12:00,409.646132776
10/23/2016 13:00,410.270770594
10/23/2016 14:00,409.504306798
10/23/2016 15:00,408.696602824
10/23/2016 16:00,409.581757864
10/23/2016 17:00,412.397154406
10/23/2016 18:00,422.42857624
10/23/2016 19:00,422.817843286
10/23/2016 20:00,426.26089522
10/23/2016 21:00,434.049253714
10/23/2016 22:00,444.750576976
10/23/2016 23:00,464.733957862
10/24/2016 00:00,462.973706362
10/24/2016 01:00,460.559647162
10/24/2016 02:00,457.1005015
10/24/2016 03:00,478.62083341
10/24/2016 04:00,470.05092325
10/24/2016 05:00,489.089803474
10/24/2016 06:00,478.46492542
10/24/2016 07:00,465.460187338
10/24/2016 08:00,450.3612529
10/24/2016 09:00,420.967064566
10/24/2016 10:00,410.85617995
10/24/2016 11:00,404.590690468
10/24/2016 12:00,403.009481692
10/24/2016 13:00,402.533710858
10/24/2016 14:00,403.114090924
10/24/2016 15:00,405.795708352
10/24/2016 16:00,409.406738572
10/24/2016 17:00,410.361297814
10/24/2016 18:00,411.547204396
10/24/2016 19:00,421.167230308
10/24/2016 20:00,438.372431398
10/24/2016 21:00,432.579695176
10/24/2016 22:00,425.915885926
10/24/2016 23:00,418.313611162
10/25/2016 00:00,427.058540614
10/25/2016 01:00,457.073343334
10/25/2016 02:00,477.369546058
10/25/2016 03:00,487.44220807
10/25/2016 04:00,477.933832396
10/25/2016 05:00,487.37179801
10/25/2016 06:00,490.126843072
10/25/2016 07:00,479.813780998
10/25/2016 08:00,448.824301876
10/25/2016 09:00,411.814762624
10/25/2016 10:00,410.58459829
10/25/2016 11:00,407.544895414
10/25/2016 12:00,406.06326658
10/25/2016 13:00,404.983980946
10/25/2016 14:00,404.07669703
10/25/2016 15:00,404.253728038
10/25/2016 16:00,405.712222138
10/25/2016 17:00,409.418808868
10/25/2016 18:00,428.057357608
10/25/2016 19:00,441.844653214
10/25/2016 20:00,434.718149284
10/25/2016 21:00,429.481652536
10/25/2016 22:00,449.972991712
10/25/2016 23:00,476.933003686
10/26/2016 00:00,494.792012476
10/26/2016 01:00,505.49735917
10/26/2016 02:00,492.77325547
10/26/2016 03:00,507.567414934
10/26/2016 04:00,523.77882832
10/26/2016 05:00,516.433047346
10/26/2016 06:00,491.75733889
10/26/2016 07:00,438.982987204
10/26/2016 08:00,422.949610684
10/26/2016 09:00,419.01368833
10/26/2016 10:00,417.58536997
10/26/2016 11:00,416.059483384
10/26/2016 12:00,409.785947038
10/26/2016 13:00,408.966172768
10/26/2016 14:00,405.004098106
10/26/2016 15:00,405.915405454
10/26/2016 16:00,406.350941968
10/26/2016 17:00,414.760920706
10/26/2016 18:00,417.155868604
10/26/2016 19:00,420.64820758
10/26/2016 20:00,417.779500564
10/26/2016 21:00,422.319943576
10/26/2016 22:00,443.598869566
10/26/2016 23:00,449.900569936
10/27/2016 00:00,458.6595814
10/27/2016 01:00,467.022284812
10/27/2016 02:00,463.772357614
10/27/2016 03:00,470.079087274
10/27/2016 04:00,467.67709837
10/27/2016 05:00,469.705913956
10/27/2016 06:00,455.444859232
10/27/2016 07:00,424.380946618
10/27/2016 08:00,431.484315814
10/27/2016 09:00,430.457334796
10/27/2016 10:00,419.262135256
10/27/2016 11:00,420.400766512
10/27/2016 12:00,419.482418158
10/27/2016 13:00,411.140837764
10/27/2016 14:00,412.167818782
10/27/2016 15:00,412.522886656
10/27/2016 16:00,406.871976412
10/27/2016 17:00,412.745181274
10/27/2016 18:00,418.907067382
10/27/2016 19:00,433.400475304
10/27/2016 20:00,439.681052656
10/27/2016 21:00,445.147890886
10/27/2016 22:00,456.115766518
10/27/2016 23:00,461.011277404
10/28/2016 00:00,456.57242605
10/28/2016 01:00,446.138661016
10/28/2016 02:00,444.1249333
10/28/2016 03:00,439.26663916
10/28/2016 04:00,443.50633063
10/28/2016 05:00,453.175643584
10/28/2016 06:00,455.428765504
10/28/2016 07:00,467.30493091
10/28/2016 08:00,465.191623252
10/28/2016 09:00,444.519229636
10/28/2016 10:00,421.646018716
10/28/2016 11:00,405.026226982
10/28/2016 12:00,402.964218082
10/28/2016 13:00,402.606132634
10/28/2016 14:00,402.289287364
10/28/2016 15:00,402.483417958
10/28/2016 16:00,406.208110132
10/28/2016 17:00,414.514485496
10/28/2016 18:00,428.226341752
10/28/2016 19:00,432.274920202
10/28/2016 20:00,437.631114052
10/28/2016 21:00,440.83577764
10/28/2016 22:00,439.40242999
10/28/2016 23:00,439.40242999
10/29/2016 00:00,438.593720158
10/29/2016 01:00,440.553131542
10/29/2016 02:00,450.033343192
10/29/2016 03:00,464.763127744
10/29/2016 04:00,487.275235642
10/29/2016 05:00,475.543913788
10/29/2016 06:00,468.033172102
10/29/2016 07:00,463.600355896
10/29/2016 08:00,452.786376538
10/29/2016 09:00,430.940146636
10/29/2016 10:00,419.437154548
10/29/2016 11:00,415.125041302
10/29/2016 12:00,413.339643352
10/29/2016 13:00,411.347038654
10/29/2016 14:00,408.772042174
10/29/2016 15:00,406.552113568
10/29/2016 16:00,408.31135921
10/29/2016 17:00,414.29621431
10/29/2016 18:00,416.352188062
10/29/2016 19:00,422.83594873
10/29/2016 20:00,420.350473612
10/29/2016 21:00,421.051556638
10/29/2016 22:00,431.39580031
10/29/2016 23:00,440.470651186
10/30/2016 00:00,431.02363285
10/30/2016 01:00,424.56602449
10/30/2016 02:00,437.388702274
10/30/2016 03:00,438.11996104
10/30/2016 04:00,443.985119038
10/30/2016 05:00,432.443904346
10/30/2016 06:00,452.187891028
10/30/2016 07:00,432.54247843
10/30/2016 08:00,420.400766512
10/30/2016 09:00,419.711753782
10/30/2016 10:00,413.430170572
10/30/2016 11:00,410.746541428
10/30/2016 12:00,404.127995788
10/30/2016 13:00,403.907712886
10/30/2016 14:00,404.419694608
10/30/2016 15:00,405.435611188
10/30/2016 16:00,406.221186286
10/30/2016 17:00,407.120423338
10/30/2016 18:00,416.094688414
10/30/2016 19:00,422.310890854
10/30/2016 20:00,416.166104332
10/30/2016 21:00,420.00445846
10/30/2016 22:00,426.972036826
10/30/2016 23:00,432.982038376
10/31/2016 00:00,418.09332826
10/31/2016 01:00,420.816185866
10/31/2016 02:00,430.573008466
10/31/2016 03:00,448.27912684
10/31/2016 04:00,458.474503528
10/31/2016 05:00,459.53970715
10/31/2016 06:00,462.92944861
10/31/2016 07:00,458.087248198
10/31/2016 08:00,445.411425682
10/31/2016 09:00,425.450173672
10/31/2016 10:00,411.900260554
10/31/2016 11:00,407.98948465
10/31/2016 12:00,407.075159728
10/31/2016 13:00,405.945581194
10/31/2016 14:00,405.780620482
10/31/2016 15:00,405.855053974
10/31/2016 16:00,407.07918316
10/31/2016 17:00,411.163972498
10/31/2016 18:00,413.538803236
10/31/2016 19:00,411.705124102
10/31/2016 20:00,417.068358958
10/31/2016 21:00,416.669033332
10/31/2016 22:00,411.50495836
10/31/2016 23:00,413.046938674
11/01/2016 00:00,415.646075746
11/01/2016 01:00,418.175808616
11/01/2016 02:00,416.602646704
11/01/2016 03:00,419.468336146
11/01/2016 04:00,421.621878124
11/01/2016 05:00,426.39668605
11/01/2016 06:00,438.775780456
11/01/2016 07:00,427.39751476
11/01/2016 08:00,421.708381912
11/01/2016 09:00,419.705718634
11/01/2016 10:00,410.073622426
11/01/2016 11:00,414.077943124
11/01/2016 12:00,410.813933914
11/01/2016 13:00,408.460226194
11/01/2016 14:00,408.033742402
11/01/2016 15:00,408.315382642
11/01/2016 16:00,410.49910036
11/01/2016 17:00,424.0077733
11/01/2016 18:00,429.471593956
11/01/2016 19:00,430.185753136
11/01/2016 20:00,438.1400782
11/01/2016 21:00,440.356989232
11/01/2016 22:00,449.01843247
11/01/2016 23:00,450.35622361
11/02/2016 00:00,484.316001406
11/02/2016 01:00,504.45629614
11/02/2016 02:00,503.331746896
11/02/2016 03:00,482.06086777
11/02/2016 04:00,476.404928236
11/02/2016 05:00,498.775210156
11/02/2016 06:00,503.751189682
11/02/2016 07:00,496.340027938
11/02/2016 08:00,478.939690396
11/02/2016 09:00,441.767202148
11/02/2016 10:00,428.00102956
11/02/2016 11:00,417.217225942
11/02/2016 12:00,412.296568606
11/02/2016 13:00,408.680509096
11/02/2016 14:00,408.374728264
11/02/2016 15:00,408.959131762
11/02/2016 16:00,414.79914331
11/02/2016 17:00,430.346690416
11/02/2016 18:00,437.542598548
11/02/2016 19:00,439.51307437
11/02/2016 20:00,452.924179084
11/02/2016 21:00,478.75662424
11/02/2016 22:00,502.381211086
11/02/2016 23:00,497.301628186
11/03/2016 00:00,479.318898862
11/03/2016 01:00,483.598824652
11/03/2016 02:00,483.488180272
11/03/2016 03:00,494.491260934
11/03/2016 04:00,506.723500072
11/03/2016 05:00,516.117207934
11/03/2016 06:00,516.92893534
11/03/2016 07:00,534.9539107
11/03/2016 08:00,498.8436085
11/03/2016 09:00,449.530414192
11/03/2016 10:00,433.728385012
11/03/2016 11:00,425.222849764
11/03/2016 12:00,420.489282016
11/03/2016 13:00,420.31627444
11/03/2016 14:00,424.700809462
11/03/2016 15:00,433.999966672
11/03/2016 16:00,438.951805606
11/03/2016 17:00,442.689573934
11/03/2016 18:00,451.499884156
11/03/2016 19:00,462.71821843
11/03/2016 20:00,480.115538398
11/03/2016 21:00,505.858462192
11/03/2016 22:00,502.199150788
11/03/2016 23:00,516.470264092
11/04/2016 00:00,519.50896111
11/04/2016 01:00,521.879768416
11/04/2016 02:00,537.824629432
11/04/2016 03:00,520.170815674
11/04/2016 04:00,526.046032252
11/04/2016 05:00,560.14059502
11/04/2016 06:00,571.197992014
11/04/2016 07:00,544.134376666
11/04/2016 08:00,523.031475826
11/04/2016 09:00,465.85649539
11/04/2016 10:00,442.403910262
11/04/2016 11:00,433.081618318
11/04/2016 12:00,426.68838487
11/04/2016 13:00,430.298409232
11/04/2016 14:00,439.842995794
11/04/2016 15:00,431.513485696
11/04/2016 16:00,428.868079156
11/04/2016 17:00,436.298352202
11/04/2016 18:00,472.649054464
11/04/2016 19:00,507.929523814
11/04/2016 20:00,508.527003466
11/04/2016 21:00,502.358076352
11/04/2016 22:00,517.363465996
11/04/2016 23:00,500.941828288
11/05/2016 00:00,535.57754266
11/05/2016 01:00,564.9284791
11/05/2016 02:00,547.19017327
11/05/2016 03:00,522.432990316
11/05/2016 04:00,544.613165074
11/05/2016 05:00,557.165267056
11/05/2016 06:00,571.871916874
11/05/2016 07:00,564.349104892
11/05/2016 08:00,508.322814292
11/05/2016 09:00,466.622959186
11/05/2016 10:00,445.75945255
11/05/2016 11:00,436.03280569
11/05/2016 12:00,432.348347836
11/05/2016 13:00,438.892459984
11/05/2016 14:00,437.42088973
11/05/2016 15:00,434.002984246
11/05/2016 16:00,421.41265966
11/05/2016 17:00,420.528510478
11/05/2016 18:00,425.040789466
11/05/2016 19:00,435.724007284
11/05/2016 20:00,473.196241216
11/05/2016 21:00,481.232040778
11/05/2016 22:00,492.639476356
11/05/2016 23:00,504.425114542
11/06/2016 00:00,509.345771878
11/06/2016 01:00,514.07229862
11/06/2016 02:00,505.097027686
11/06/2016 03:00,468.678932938
11/06/2016 04:00,467.987908492
11/06/2016 05:00,463.510834534
11/06/2016 06:00,472.0374928
11/06/2016 07:00,454.350485728
11/06/2016 08:00,439.30687348
11/06/2016 09:00,431.034697288
11/06/2016 10:00,426.26592451
11/06/2016 11:00,426.761812504
11/06/2016 12:00,419.51158804
11/06/2016 13:00,411.765475582
11/06/2016 14:00,409.22668999
11/06/2016 15:00,409.235742712
11/06/2016 16:00,414.31633147
11/06/2016 17:00,441.948256588
11/06/2016 18:00,461.458884214
11/06/2016 19:00,508.093478668
11/06/2016 20:00,507.954670264
11/06/2016 21:00,506.403637228
11/06/2016 22:00,518.605700626
11/06/2016 23:00,514.2835288
11/07/2016 00:00,527.28424345
11/07/2016 01:00,523.51730524
11/07/2016 02:00,548.078345884
11/07/2016 03:00,574.924695904
11/07/2016 04:00,535.603694968
11/07/2016 05:00,528.688421218
11/07/2016 06:00,530.677002484
11/07/2016 07:00,466.10795989
11/07/2016 08:00,473.341084768
11/07/2016 09:00,476.534683918
11/07/2016 10:00,450.167122306
11/07/2016 11:00,424.27432567
11/07/2016 12:00,415.966944448
11/07/2016 13:00,419.127350284
11/07/2016 14:00,424.145575846
11/07/2016 15:00,427.50312985
11/07/2016 16:00,433.346158972
11/07/2016 17:00,444.772705852
11/07/2016 18:00,461.572546168
11/07/2016 19:00,463.694906548
11/07/2016 20:00,494.963008336
11/07/2016 21:00,512.884380322
11/07/2016 22:00,512.913550204
11/07/2016 23:00,536.254485094
11/08/2016 00:00,530.003077624
11/08/2016 01:00,543.087278488
11/08/2016 02:00,511.935856228
11/08/2016 03:00,529.23057868
11/08/2016 04:00,534.681323182
11/08/2016 05:00,554.785407028
11/08/2016 06:00,563.009302036
11/08/2016 07:00,518.34719512
11/08/2016 08:00,471.678401494
11/08/2016 09:00,451.441544392
11/08/2016 10:00,441.34373593
11/08/2016 11:00,438.62791933
11/08/2016 12:00,433.187233408
11/08/2016 13:00,434.115640342
11/08/2016 14:00,440.377106392
11/08/2016 15:00,442.415980558
11/08/2016 16:00,430.23906361
11/08/2016 17:00,440.673834502
11/08/2016 18:00,455.906548054
11/08/2016 19:00,476.924956822
11/08/2016 20:00,488.60900335
11/08/2016 21:00,521.58102859
11/08/2016 22:00,478.627874416
11/08/2016 23:00,449.253803242
11/09/2016 00:00,456.67301185
11/09/2016 01:00,468.623610748
11/09/2016 02:00,478.186302754
11/09/2016 03:00,474.797567152
11/09/2016 04:00,467.411551858
11/09/2016 05:00,468.995778208
11/09/2016 06:00,458.7601672
11/09/2016 07:00,445.152920176
11/09/2016 08:00,438.459941044
11/09/2016 09:00,435.548987992
11/09/2016 10:00,430.207882012
11/09/2016 11:00,426.61797481
11/09/2016 12:00,426.528453448
11/09/2016 13:00,429.31367425
11/09/2016 14:00,431.156406106
11/09/2016 15:00,437.319298072
11/09/2016 16:00,443.421838558
11/09/2016 17:00,453.389891338
11/09/2016 18:00,472.202453512
11/09/2016 19:00,474.913240822
11/09/2016 20:00,490.663971244
11/09/2016 21:00,516.32039125
11/09/2016 22:00,538.075088074
11/09/2016 23:00,533.739840094
11/10/2016 00:00,552.754579726
11/10/2016 01:00,566.161661008
11/10/2016 02:00,532.370867356
11/10/2016 03:00,493.42706317
11/10/2016 04:00,486.752189482
11/10/2016 05:00,534.393647794
11/10/2016 06:00,535.404535084
11/10/2016 07:00,548.661743524
11/10/2016 08:00,497.436413158
11/10/2016 09:00,480.256358518
11/10/2016 10:00,463.11553234
11/10/2016 11:00,444.656026324
11/10/2016 12:00,444.998018044
11/10/2016 13:00,438.756669154
11/10/2016 14:00,444.865244788
11/10/2016 15:00,465.709640122
11/10/2016 16:00,477.239790376
11/10/2016 17:00,499.236898978
11/10/2016 18:00,535.578548518
11/10/2016 19:00,564.422532526
11/10/2016 20:00,540.960894676
11/10/2016 21:00,599.717083888
11/10/2016 22:00,589.106287846
11/10/2016 23:00,560.189882062
11/11/2016 00:00,576.743287168
11/11/2016 01:00,578.796243346
11/11/2016 02:00,600.196878154
11/11/2016 03:00,602.576738182
11/11/2016 04:00,621.846965746
11/11/2016 05:00,614.710403236
11/11/2016 06:00,587.346036346
11/11/2016 07:00,582.139715338
11/11/2016 08:00,549.324603946
11/11/2016 09:00,490.346120116
11/11/2016 10:00,468.925368148
11/11/2016 11:00,451.572305932
11/11/2016 12:00,442.846487782
11/11/2016 13:00,424.990496566
11/11/2016 14:00,408.959131762
11/11/2016 15:00,411.33899179
11/11/2016 16:00,435.849739534
11/11/2016 17:00,453.900867202
11/11/2016 18:00,463.55308057
11/11/2016 19:00,447.687682336
11/11/2016 20:00,441.346753504
11/11/2016 21:00,447.27829813
11/11/2016 22:00,456.015180718
11/11/2016 23:00,453.374803468
11/12/2016 00:00,462.514029256
11/12/2016 01:00,484.979867686
11/12/2016 02:00,500.878459234
11/12/2016 03:00,521.734924864
11/12/2016 04:00,533.42500654
11/12/2016 05:00,553.095565588
11/12/2016 06:00,523.134073342
11/12/2016 07:00,533.135319436
11/12/2016 08:00,478.97288371
11/12/2016 09:00,432.29604322
11/12/2016 10:00,414.907775974
11/12/2016 11:00,412.699917664
11/12/2016 12:00,411.67092493
11/12/2016 13:00,411.990787774
11/12/2016 14:00,421.16119516
11/12/2016 15:00,413.533773946
11/12/2016 16:00,411.899254696
11/12/2016 17:00,418.130545006
11/12/2016 18:00,421.909553512
11/12/2016 19:00,431.896717594
11/12/2016 20:00,442.853528788
11/12/2016 21:00,447.658512454
11/12/2016 22:00,445.119726862
11/12/2016 23:00,453.328534
11/13/2016 00:00,458.152628968
11/13/2016 01:00,468.89418655
11/13/2016 02:00,507.587532094
11/13/2016 03:00,515.43020692
11/13/2016 04:00,523.183360384
11/13/2016 05:00,512.217496468
11/13/2016 06:00,506.52836362
11/13/2016 07:00,503.665691752
11/13/2016 08:00,474.71307508
11/13/2016 09:00,476.771060548
11/13/2016 10:00,445.443613138
11/13/2016 11:00,427.014282862
11/13/2016 12:00,423.048184768
11/13/2016 13:00,423.392188204
11/13/2016 14:00,427.61880352
11/13/2016 15:00,427.470942394
11/13/2016 16:00,432.258826474
11/13/2016 17:00,441.342730072
11/13/2016 18:00,458.004767842
11/13/2016 19:00,467.786736892
11/13/2016 20:00,500.099925142
11/13/2016 21:00,529.816993894
11/13/2016 22:00,531.461571724
11/13/2016 23:00,545.93788006
11/14/2016 00:00,517.437899488
11/14/2016 01:00,531.794510722
11/14/2016 02:00,542.38217203
11/14/2016 03:00,524.366249392
11/14/2016 04:00,537.049112914
11/14/2016 05:00,501.077619118
11/14/2016 06:00,508.191046894
11/14/2016 07:00,503.764265836
11/14/2016 08:00,494.470137916
11/14/2016 09:00,479.849991886
11/14/2016 10:00,459.523613422
11/14/2016 11:00,458.646505246
11/14/2016 12:00,455.856255154
11/14/2016 13:00,459.291260224
11/14/2016 14:00,450.011214316
11/14/2016 15:00,447.501598606
11/14/2016 16:00,449.706439342
11/14/2016 17:00,472.896495532
11/14/2016 18:00,487.942119496
11/14/2016 19:00,462.382261858
11/14/2016 20:00,469.778335732
11/14/2016 21:00,470.813363614
11/14/2016 22:00,479.985782716
11/14/2016 23:00,481.52273374
11/15/2016 00:00,472.767745708
11/15/2016 01:00,474.07938454
11/15/2016 02:00,464.340667384
11/15/2016 03:00,457.581301624
11/15/2016 04:00,437.351485528
11/15/2016 05:00,439.848025084
11/15/2016 06:00,423.387158914
11/15/2016 07:00,415.091847988
11/15/2016 08:00,417.433485412
11/15/2016 09:00,411.832868068
11/15/2016 10:00,411.426501436
11/15/2016 11:00,413.909964838
11/15/2016 12:00,410.7304477
11/15/2016 13:00,412.952388022
11/15/2016 14:00,414.427981708
11/15/2016 15:00,418.233142522
11/15/2016 16:00,414.991262188
11/15/2016 17:00,413.63234803
11/15/2016 18:00,414.388753246
11/15/2016 19:00,416.809853452
11/15/2016 20:00,414.58791313
11/15/2016 21:00,417.808670446
11/15/2016 22:00,418.543952644
11/15/2016 23:00,417.959549146
11/16/2016 00:00,415.451945152
11/16/2016 01:00,413.55690868
11/16/2016 02:00,414.615071296
11/16/2016 03:00,417.43952056
11/16/2016 04:00,416.429639128
11/16/2016 05:00,419.680572184
11/16/2016 06:00,421.466975992
11/16/2016 07:00,424.371893896
11/16/2016 08:00,418.441355128
11/16/2016 09:00,418.609333414
11/16/2016 10:00,416.979843454
11/16/2016 11:00,409.35242224
11/16/2016 12:00,407.100306178
11/16/2016 13:00,406.970550496
11/16/2016 14:00,407.418157306
11/16/2016 15:00,408.037765834
11/16/2016 16:00,409.501289224
11/16/2016 17:00,413.101255006
11/16/2016 18:00,412.794468316
11/16/2016 19:00,418.20397264
11/16/2016 20:00,420.922806814
11/16/2016 21:00,431.500409542
11/16/2016 22:00,439.299832474
11/16/2016 23:00,440.606442016
11/17/2016 00:00,457.92027577
11/17/2016 01:00,481.094238232
11/17/2016 02:00,484.465874248
11/17/2016 03:00,499.359613654
11/17/2016 04:00,509.258262232
11/17/2016 05:00,507.607649254
11/17/2016 06:00,516.11419036
11/17/2016 07:00,527.562866116
11/17/2016 08:00,474.03915022
11/17/2016 09:00,450.590588524
11/17/2016 10:00,432.166287538
11/17/2016 11:00,421.02037504
11/17/2016 12:00,417.240360676
11/17/2016 13:00,419.83849189
11/17/2016 14:00,414.31633147
11/17/2016 15:00,413.198823232
11/17/2016 16:00,414.017591644
11/17/2016 17:00,426.478160548
11/17/2016 18:00,453.807322408
11/17/2016 19:00,453.088133938
11/17/2016 20:00,466.126065334
11/17/2016 21:00,460.894597876
11/17/2016 22:00,474.023056492
11/17/2016 23:00,489.521316556
11/18/2016 00:00,497.685865942
11/18/2016 01:00,490.76656876
11/18/2016 02:00,489.732546736
11/18/2016 03:00,508.87201276
11/18/2016 04:00,503.149686598
11/18/2016 05:00,508.422394234
11/18/2016 06:00,530.117745436
11/18/2016 07:00,530.65889704
11/18/2016 08:00,475.068142954
11/18/2016 09:00,442.939026718
11/18/2016 10:00,422.773585534
11/18/2016 11:00,409.972030768
11/18/2016 12:00,410.00120065
11/18/2016 13:00,410.908484566
11/18/2016 14:00,408.99031336
11/18/2016 15:00,410.269764736
11/18/2016 16:00,411.858014518
11/18/2016 17:00,417.383192512
11/18/2016 18:00,437.29012819
11/18/2016 19:00,460.773894916
11/18/2016 20:00,462.303804934
11/18/2016 21:00,474.852889342
11/18/2016 22:00,463.85986726
11/18/2016 23:00,476.691597766
11/19/2016 00:00,480.729111778
11/19/2016 01:00,478.426702816
11/19/2016 02:00,471.419895988
11/19/2016 03:00,485.489837692
11/19/2016 04:00,476.491432024
11/19/2016 05:00,475.461433432
11/19/2016 06:00,473.610654712
11/19/2016 07:00,473.859101638
11/19/2016 08:00,456.349125574
11/19/2016 09:00,431.887664872
11/19/2016 10:00,414.901740826
11/19/2016 11:00,407.41614559
11/19/2016 12:00,404.86629556
11/19/2016 13:00,405.322955092
11/19/2016 14:00,406.06326658
11/19/2016 15:00,406.613470906
11/19/2016 16:00,412.921206424
11/19/2016 17:00,417.730213522
11/19/2016 18:00,429.594308632
11/19/2016 19:00,424.454374252
11/19/2016 20:00,420.488276158
11/19/2016 21:00,420.354497044
11/19/2016 22:00,421.640989426
11/19/2016 23:00,421.393548358
11/20/2016 00:00,424.728973486
11/20/2016 01:00,430.693711426
11/20/2016 02:00,422.716251628
11/20/2016 03:00,423.40928779
11/20/2016 04:00,420.644184148
11/20/2016 05:00,421.730510788
11/20/2016 06:00,425.674480006
11/20/2016 07:00,429.385090168
11/20/2016 08:00,425.425027222
11/20/2016 09:00,419.51158804
11/20/2016 10:00,413.74299241
11/20/2016 11:00,409.240772002
11/20/2016 12:00,405.79671421
11/20/2016 13:00,405.452710774
11/20/2016 14:00,405.325972666
11/20/2016 15:00,409.655185498
11/20/2016 16:00,410.998005928
11/20/2016 17:00,417.85695163
11/20/2016 18:00,416.799794872
11/20/2016 19:00,425.797194682
11/20/2016 20:00,428.362132582
11/20/2016 21:00,430.624307224
11/20/2016 22:00,449.324213302
11/20/2016 23:00,447.936129262
11/21/2016 00:00,444.53733508
11/21/2016 01:00,438.258769444
11/21/2016 02:00,434.04623614
11/21/2016 03:00,436.069016578
11/21/2016 04:00,446.069256814
11/21/2016 05:00,460.37959858
11/21/2016 06:00,473.57645554
11/21/2016 07:00,476.89578694
11/21/2016 08:00,449.880452776
11/21/2016 09:00,440.11155988
11/21/2016 10:00,415.318166038
11/21/2016 11:00,413.997474484
11/21/2016 12:00,413.97433975
11/21/2016 13:00,411.930436294
11/21/2016 14:00,410.863220956
11/21/2016 15:00,409.852333666
11/21/2016 16:00,412.478628904
11/21/2016 17:00,420.324321304
11/21/2016 18:00,424.237108924
11/21/2016 19:00,433.854117262
11/21/2016 20:00,442.49544334
11/21/2016 21:00,439.017186376
11/21/2016 22:00,448.320367018
11/21/2016 23:00,474.338895904
11/22/2016 00:00,499.88970082
11/22/2016 01:00,509.39002963
11/22/2016 02:00,505.187554906
11/22/2016 03:00,490.279733488
11/22/2016 04:00,487.916973046
11/22/2016 05:00,484.793783956
11/22/2016 06:00,483.560602048
11/22/2016 07:00,502.408369252
11/22/2016 08:00,486.606340072
11/22/2016 09:00,453.555857908
11/22/2016 10:00,433.258649326
11/22/2016 11:00,426.389645044
11/22/2016 12:00,415.660157758
11/22/2016 13:00,411.551227828
11/22/2016 14:00,409.859374672
11/22/2016 15:00,411.750387712
11/22/2016 16:00,414.576848692
11/22/2016 17:00,424.715897332
11/22/2016 18:00,426.050670898
11/22/2016 19:00,432.981032518
11/22/2016 20:00,426.308170546
11/22/2016 21:00,427.954760092
11/22/2016 22:00,437.281075468
11/22/2016 23:00,442.277172154
11/23/2016 00:00,441.968373748
11/23/2016 01:00,449.197475194
11/23/2016 02:00,430.209893728
11/23/2016 03:00,427.97588311
11/23/2016 04:00,427.094751502
11/23/2016 05:00,431.507450548
11/23/2016 06:00,460.28907136
11/23/2016 07:00,474.900164668
11/23/2016 08:00,447.73596352
11/23/2016 09:00,428.92641892
11/23/2016 10:00,423.515908738
11/23/2016 11:00,417.31378831
11/23/2016 12:00,409.049658982
11/23/2016 13:00,408.813282352
11/23/2016 14:00,408.996348508
11/23/2016 15:00,410.425672726
11/23/2016 16:00,412.896059974
11/23/2016 17:00,420.272016688
11/23/2016 18:00,423.867959038
11/23/2016 19:00,431.618094928
11/23/2016 20:00,431.22480445
11/23/2016 21:00,436.834474516
11/23/2016 22:00,439.941569878
11/23/2016 23:00,440.548102252
11/24/2016 00:00,457.006956706
11/24/2016 01:00,467.336112508
11/24/2016 02:00,471.45409516
11/24/2016 03:00,472.914600976
11/24/2016 04:00,472.777804288
11/24/2016 05:00,466.824130786
11/24/2016 06:00,466.528408534
11/24/2016 07:00,475.459421716
11/24/2016 08:00,446.068250956
11/24/2016 09:00,429.827667688
11/24/2016 10:00,420.320297872
11/24/2016 11:00,416.342129482
11/24/2016 12:00,411.220300546
11/24/2016 13:00,408.152433646
11/24/2016 14:00,408.927950164
11/24/2016 15:00,409.051670698
11/24/2016 16:00,422.798731984
11/24/2016 17:00,446.610408418
11/24/2016 18:00,446.970505582
11/24/2016 19:00,453.270194236
11/24/2016 20:00,452.8758979
11/24/2016 21:00,458.838624124
11/24/2016 22:00,468.02411938
11/24/2016 23:00,481.104296812
11/25/2016 00:00,496.272635452
11/25/2016 01:00,503.931238264
11/25/2016 02:00,512.190338302
11/25/2016 03:00,506.549486638
11/25/2016 04:00,501.412569832
11/25/2016 05:00,501.910469542
11/25/2016 06:00,522.683448958
11/25/2016 07:00,524.998934074
11/25/2016 08:00,513.457719382
11/25/2016 09:00,474.091454836
11/25/2016 10:00,448.11316027
11/25/2016 11:00,430.603184206
11/25/2016 12:00,422.412482512
11/25/2016 13:00,414.560754964
11/25/2016 14:00,410.392479412
11/25/2016 15:00,407.2099447
11/25/2016 16:00,411.104626876
11/25/2016 17:00,423.468633412
11/25/2016 18:00,455.308062544
11/25/2016 19:00,446.49372889
11/25/2016 20:00,446.972517298
11/25/2016 21:00,457.57325476
11/25/2016 22:00,459.367705432
11/25/2016 23:00,455.605796512
11/26/2016 00:00,442.24900813
11/26/2016 01:00,459.03677815
11/26/2016 02:00,466.34433652
11/26/2016 03:00,483.429840508
11/26/2016 04:00,490.809820654
11/26/2016 05:00,451.766436526
11/26/2016 06:00,427.381421032
11/26/2016 07:00,427.79985796
11/26/2016 08:00,424.89795763
11/26/2016 09:00,425.328464854
11/26/2016 10:00,413.31047347
11/26/2016 11:00,410.204383966
11/26/2016 12:00,408.731807854
11/26/2016 13:00,406.784466766
11/26/2016 14:00,407.554953994
11/26/2016 15:00,408.144386782
11/26/2016 16:00,411.267575872
11/26/2016 17:00,422.359172038
11/26/2016 18:00,426.247819066
11/26/2016 19:00,438.613837318
11/26/2016 20:00,446.495740606
11/26/2016 21:00,426.813111262
11/26/2016 22:00,424.881863902
11/26/2016 23:00,422.291779552
11/27/2016 00:00,422.69512861
11/27/2016 01:00,424.145575846
11/27/2016 02:00,420.20060077
11/27/2016 03:00,424.221015196
11/27/2016 04:00,421.109896402
11/27/2016 05:00,414.660334906
11/27/2016 06:00,414.07995484
11/27/2016 07:00,415.273908286
11/27/2016 08:00,416.561406526
11/27/2016 09:00,411.8368915
11/27/2016 10:00,411.607555876
11/27/2016 11:00,410.702283676
11/27/2016 12:00,409.449990466
11/27/2016 13:00,409.16130922
11/27/2016 14:00,409.539511828
11/27/2016 15:00,409.68938467
11/27/2016 16:00,411.860026234
11/27/2016 17:00,426.76382422
11/27/2016 18:00,432.731579734
11/27/2016 19:00,444.555440524
11/27/2016 20:00,457.466633812
11/27/2016 21:00,437.462129908
11/27/2016 22:00,463.118549914
11/27/2016 23:00,467.910457426
11/28/2016 00:00,456.007133854
11/28/2016 01:00,454.496335138
11/28/2016 02:00,451.571300074
11/28/2016 03:00,451.677921022
11/28/2016 04:00,450.827971012
11/28/2016 05:00,448.322378734
11/28/2016 06:00,446.92624783
11/28/2016 07:00,436.172619952
11/28/2016 08:00,419.805298576
11/28/2016 09:00,418.29449986
11/28/2016 10:00,415.345324204
11/28/2016 11:00,416.53927765
11/28/2016 12:00,416.681103628
11/28/2016 13:00,414.91481698
11/28/2016 14:00,411.840914932
11/28/2016 15:00,413.573002408
11/28/2016 16:00,412.866890092
11/28/2016 17:00,415.683292492
11/28/2016 18:00,423.812636848
11/28/2016 19:00,434.947484908
11/28/2016 20:00,438.168242224
11/28/2016 21:00,437.877549262
11/28/2016 22:00,436.35468025
11/28/2016 23:00,442.566859258
11/29/2016 00:00,442.202738662
11/29/2016 01:00,440.104518874
11/29/2016 02:00,443.30012974
11/29/2016 03:00,460.151268814
11/29/2016 04:00,469.073229274
11/29/2016 05:00,487.674561268
11/29/2016 06:00,502.457656294
11/29/2016 07:00,489.354344128
11/29/2016 08:00,477.787982986
11/29/2016 09:00,451.984707712
11/29/2016 10:00,433.99091395
11/29/2016 11:00,429.452482654
11/29/2016 12:00,416.289824866
11/29/2016 13:00,413.239057552
11/29/2016 14:00,414.335442772
11/29/2016 15:00,413.75305099
11/29/2016 16:00,417.259471978
11/29/2016 17:00,437.533545826
11/29/2016 18:00,471.3333922
11/29/2016 19:00,468.445573882
11/29/2016 20:00,485.690003434
11/29/2016 21:00,487.19074357
11/29/2016 22:00,490.428600472
11/29/2016 23:00,472.571603398
11/30/2016 00:00,481.364814034
11/30/2016 01:00,488.496347254
11/30/2016 02:00,497.22920641
11/30/2016 03:00,493.88975785
11/30/2016 04:00,491.182993972
11/30/2016 05:00,503.819588026
11/30/2016 06:00,499.317367618
11/30/2016 07:00,488.982176668
11/30/2016 08:00,484.194292588
11/30/2016 09:00,471.365579656
11/30/2016 10:00,470.190737512
11/30/2016 11:00,436.649396644
11/30/2016 12:00,429.01694614
11/30/2016 13:00,424.398046204
11/30/2016 14:00,415.048596094
11/30/2016 15:00,415.203498226
11/30/2016 16:00,421.368401908
11/30/2016 17:00,417.00197233
11/30/2016 18:00,420.93487711
11/30/2016 19:00,422.773585534
11/30/2016 20:00,424.313554132
11/30/2016 21:00,432.08984233
11/30/2016 22:00,432.184392982
11/30/2016 23:00,437.802109912
